user_id,organization_id,email,name,role,profile_photo_url,created_at,is_active,state
9830b3bb-e8ce-4da7-9a2c-3b3496c1c47c,531,mahalingam.allam@doordash.com,Mahalingam Allam,admin,,2020-10-27 00:00:00,True,Andhra Pradesh
84e7cbb9-67cc-451c-9939-aa67f756db50,531,sumithra.ganjam@doordash.com,Sumithra Ganjam,admin,,2020-10-22 00:00:00,True,Andhra Pradesh
c3702072-211a-4851-96cd-4ddba39281fe,531,harihara.dunna@doordash.com,Harihara Dunna,limited_access,,2020-09-02 00:00:00,True,Andhra Pradesh
9b606ab9-841d-4539-a836-5ab11c14943a,531,reshmi.peethala@doordash.com,Reshmi Peethala,admin,,2020-06-30 00:00:00,True,Andhra Pradesh
defdfac3-280b-46cd-a9ad-0296fe778355,531,krishnaiah.nori@doordash.com,Krishnaiah Nori,guest,,2020-07-19 00:00:00,True,Andhra Pradesh
ce21b246-9023-456f-9ed6-f6dea584f600,531,sumithra.somisetty@doordash.com,Sumithra Somisetty,limited_access,,2020-10-03 00:00:00,True,Andhra Pradesh
fdb18690-49fd-4205-9642-dbd837be4921,531,kalyan.mopidevi@doordash.com,Kalyan Mopidevi,member,,2020-09-07 00:00:00,True,Andhra Pradesh
d7fa0c64-3313-4657-b25f-a5562a84c71d,531,krishnaveni.annam@doordash.com,Krishnaveni Annam,member,,2020-05-20 00:00:00,True,Andhra Pradesh
86bbf5d1-c1e4-4fee-bc4b-0080cbc9fdea,531,balaram.bhajana@doordash.com,Balaram Bhajana,limited_access,,2020-09-06 00:00:00,True,Andhra Pradesh
c31e6622-50c9-4eab-bd2b-e0e43cf5991d,531,rajeswari.edulakanti@doordash.com,Rajeswari Edulakanti,admin,,2020-07-19 00:00:00,True,Andhra Pradesh
0466d4fa-b2b0-4841-8676-5be9fc795e9b,531,bhujangaiah.mudunuri@doordash.com,Bhujangaiah Mudunuri,guest,,2020-12-09 00:00:00,True,Andhra Pradesh
370940e8-113f-4e76-9c60-4dad57ee8a5d,531,dayanidhi.manyam@doordash.com,Dayanidhi Manyam,limited_access,,2020-03-26 00:00:00,True,Andhra Pradesh
60412557-c0c7-46c7-98e8-eb95e00a2d94,531,sundar.parvataneni@doordash.com,Sundar Parvataneni,limited_access,,2020-03-07 00:00:00,True,Andhra Pradesh
a1ff73ae-2537-4891-b603-ce01bbf80bfb,531,ambuja.panthulu@doordash.com,Ambuja Panthulu,admin,,2020-07-21 00:00:00,True,Andhra Pradesh
d71354f3-09da-4c34-a7fc-754d29d35d22,531,govindaiah.duggirala@doordash.com,Govindaiah Duggirala,admin,,2020-02-13 00:00:00,True,Andhra Pradesh
18f15b64-3450-4cb6-a4b1-c24ba0f3c835,531,pallavi.mogali@doordash.com,Pallavi Mogali,limited_access,,2020-03-11 00:00:00,True,Andhra Pradesh
790e90a4-5e90-4e8b-bacc-2c5ff7957cc9,531,yaswanth.ramesetti@doordash.com,Yaswanth Ramesetti,limited_access,,2020-04-04 00:00:00,True,Andhra Pradesh
1c19252f-8458-415d-8e1b-a73ca30f268d,531,sitara.pochampally@doordash.com,Sitara Pochampally,admin,,2020-05-14 00:00:00,True,Andhra Pradesh
7509509b-6f81-425f-a4c7-cab1ec54156f,531,ramana.paleti@doordash.com,Ramana Paleti,limited_access,,2020-06-17 00:00:00,True,Andhra Pradesh
477a716e-184d-46d7-a8ab-32623f3dd28c,531,krishnaveni.ippili@doordash.com,Krishnaveni Ippili,member,,2020-08-21 00:00:00,True,Andhra Pradesh
d2c609e2-6017-4281-ac3f-bae232498d1b,531,yaswanth.chekuri@doordash.com,Yaswanth Chekuri,guest,,2020-06-22 00:00:00,True,Andhra Pradesh
e804dd03-fe46-4e83-93e5-b854d9b3532e,531,usharani.vallabhaneni@doordash.com,Usharani Vallabhaneni,limited_access,,2020-05-23 00:00:00,True,Andhra Pradesh
f284335b-7670-48ec-8c1e-97eb49f9115c,531,parandham.bhimavarapu@doordash.com,Parandham Bhimavarapu,limited_access,,2020-05-10 00:00:00,True,Andhra Pradesh
6b2e2282-630b-4b1a-9ab9-441f82301e64,531,veena.kadapa@doordash.com,Veena Kadapa,admin,,2020-08-29 00:00:00,True,Andhra Pradesh
2223b8a6-97e0-4ff1-bff5-15ca2cf54ee3,531,ketan.jammi@doordash.com,Ketan Jammi,admin,,2020-10-04 00:00:00,True,Andhra Pradesh
a567abbe-c2e8-4610-b028-e6207c65c7ff,531,rohini.mudunuri@doordash.com,Rohini Mudunuri,admin,,2020-06-29 00:00:00,True,Andhra Pradesh
b0970837-f22c-4adf-aa38-37dcbe8eeef1,531,sanjay.rambhatla@doordash.com,Sanjay Rambhatla,member,,2020-11-29 00:00:00,True,Andhra Pradesh
f8f5b9e1-f29f-40ac-bf82-7a2d8f4bb0c7,531,saanvi.pedapudi@doordash.com,Saanvi Pedapudi,admin,,2020-11-30 00:00:00,True,Andhra Pradesh
555ab493-ce5f-4270-82f5-976027f59642,531,rayalu.maddala@doordash.com,Rayalu Maddala,admin,,2020-01-17 00:00:00,True,Andhra Pradesh
62853f7f-d1ec-4a80-8c13-98009e028e6a,531,deepamala.thallam@doordash.com,Deepamala Thallam,member,,2020-04-13 00:00:00,True,Andhra Pradesh
76bba148-1689-4000-974d-0842cd1b6304,531,swami.bellam@doordash.com,Swami Bellam,admin,,2020-11-15 00:00:00,True,Andhra Pradesh
f95fe672-aa55-48c2-982e-737441a651e4,531,lavanya.gella@doordash.com,Lavanya Gella,member,,2020-05-03 00:00:00,True,Andhra Pradesh
031d7067-c614-4baa-a0de-849944cfc27e,531,satyanarayanaiah.mekapati@doordash.com,Satyanarayanaiah Mekapati,member,,2020-08-31 00:00:00,True,Andhra Pradesh
bf3a7673-2e8f-40ff-b80b-cfad5dabd59c,531,parameswari.papannagari@doordash.com,Parameswari Papannagari,admin,,2020-10-16 00:00:00,True,Andhra Pradesh
07c0358b-b5e7-415e-acc4-3c878da2e50c,531,haribabu.anumolu@doordash.com,Haribabu Anumolu,member,,2020-08-27 00:00:00,True,Andhra Pradesh
0eb6aa02-9b27-4946-a7ac-1ea3d1fa5454,531,smitha.edara@doordash.com,Smitha Edara,guest,,2020-07-08 00:00:00,True,Andhra Pradesh
44f986e2-7319-4596-babc-7dcf588076d4,531,bhargavaiah.bellam@doordash.com,Bhargavaiah Bellam,member,,2020-11-07 00:00:00,True,Andhra Pradesh
23134cd6-2074-4bad-9f50-53eacfe21da0,531,urvashi.sambhu@doordash.com,Urvashi Sambhu,admin,,2020-03-25 00:00:00,True,Andhra Pradesh
ba356658-10ca-4c9b-8e61-51d137e26e55,531,krishnamoorthy.kadapa@doordash.com,Krishnamoorthy Kadapa,guest,,2020-02-26 00:00:00,True,Andhra Pradesh
9f621d9f-a42d-4a98-a9e1-c8292c15d408,531,chandralekha.kolluru@doordash.com,Chandralekha Kolluru,admin,,2020-06-09 00:00:00,True,Andhra Pradesh
1d1de15a-cf7a-464e-9f9d-c164d2b81c49,531,shankaranna.chilakala@doordash.com,Shankaranna Chilakala,limited_access,,2020-07-23 00:00:00,True,Andhra Pradesh
5a93b0c2-f7b4-4f08-b5a7-0ac6f78f3846,531,yellamma.jaladi@doordash.com,Yellamma Jaladi,member,,2020-02-09 00:00:00,True,Andhra Pradesh
9cb77629-18d7-4b59-997d-b50e97837c1d,531,vamsi.neredla@doordash.com,Vamsi Neredla,member,,2020-02-23 00:00:00,True,Andhra Pradesh
6a964a6b-10a5-4e2d-ba59-b6e434a1e747,531,suguna.panthulu@doordash.com,Suguna Panthulu,guest,,2020-12-17 00:00:00,True,Andhra Pradesh
cab2c56d-6436-4e3d-8f47-91ea557cce6b,531,harish.mukkara@doordash.com,Harish Mukkara,admin,,2020-10-17 00:00:00,True,Andhra Pradesh
75c31c7c-17ac-41ae-9768-245bd3f356af,531,renuka.chinthala@doordash.com,Renuka Chinthala,admin,,2020-06-27 00:00:00,True,Andhra Pradesh
85a551c6-f58c-4027-ac5f-11af827c6941,531,harihara.chilakala@doordash.com,Harihara Chilakala,limited_access,,2020-12-05 00:00:00,True,Andhra Pradesh
2bb8c1e4-b289-4a13-9ac5-fd14a20b6c12,531,yashoda.kadapa@doordash.com,Yashoda Kadapa,guest,,2020-02-06 00:00:00,True,Andhra Pradesh
83c3d6a3-95a3-4151-9798-594a44e8f009,531,sriram.thallam@doordash.com,Sriram Thallam,guest,,2020-01-08 00:00:00,True,Andhra Pradesh
0f903fbc-8939-4fbc-ac19-5aa034bbb998,531,archamma.pagadala@doordash.com,Archamma Pagadala,limited_access,,2020-09-08 00:00:00,True,Andhra Pradesh
895fd04d-1c97-494e-baa4-b8453ee35b7a,531,vidyasagar.onteddu@doordash.com,Vidyasagar Onteddu,admin,,2020-08-10 00:00:00,True,Andhra Pradesh
7c6bc6ab-8450-4087-ac01-864f936a426a,531,nageswari.roga@doordash.com,Nageswari Roga,guest,,2020-11-22 00:00:00,True,Andhra Pradesh
f758de2b-6c81-4ef4-9602-33ee42045b83,531,eshwar.edara@doordash.com,Eshwar Edara,limited_access,,2020-12-29 00:00:00,True,Andhra Pradesh
d929edd8-5754-4520-a504-ef283bb037ce,531,mallika.rambhatla@doordash.com,Mallika Rambhatla,member,,2020-08-11 00:00:00,True,Andhra Pradesh
c994e53d-89ee-4a7a-ae15-fc4dbac62538,531,kondaiah.kamani@doordash.com,Kondaiah Kamani,member,,2020-09-25 00:00:00,True,Andhra Pradesh
6e8a7504-e604-42ca-aac3-fb36e8537b76,531,vardhini.barla@doordash.com,Vardhini Barla,guest,,2020-11-12 00:00:00,True,Andhra Pradesh
219ad064-9b58-4840-8523-4508b6ecf5ab,531,vasu.tatikonda@doordash.com,Vasu Tatikonda,limited_access,,2020-08-27 00:00:00,True,Andhra Pradesh
b15e6ebf-0eb6-41b1-904b-dfe378cfedc1,531,aadarshini.saride@doordash.com,Aadarshini Saride,limited_access,,2020-10-31 00:00:00,True,Andhra Pradesh
eaf1c9ce-f70e-4dbe-9aa9-3004046a5f5b,531,kondalrao.donepudi@doordash.com,Kondalrao Donepudi,guest,,2020-06-15 00:00:00,True,Andhra Pradesh
fc38604b-610d-4621-98da-d331a5b93a03,531,bhuvaneshwari.kuruva@doordash.com,Bhuvaneshwari Kuruva,member,,2020-02-15 00:00:00,True,Andhra Pradesh
85047d24-6ef8-4b27-800c-9bb7ff3d9498,531,adikesavulu.seelam@doordash.com,Adikesavulu Seelam,guest,,2020-08-19 00:00:00,True,Andhra Pradesh
06d01cfb-d2d6-4734-8a84-5a584df00f7b,531,vasanthi.komaragiri@doordash.com,Vasanthi Komaragiri,member,,2020-08-26 00:00:00,True,Andhra Pradesh
41489992-8c0a-431e-9894-06e4c0627f80,531,pradeep.gajula@doordash.com,Pradeep Gajula,limited_access,,2020-06-22 00:00:00,True,Andhra Pradesh
51aad9fd-5c8d-4872-a488-227cc8b589c6,531,reshmi.eranki@doordash.com,Reshmi Eranki,admin,,2020-09-11 00:00:00,True,Andhra Pradesh
81cc5959-25b9-4450-967c-62d6671b5fdb,531,ramakrishnayya.pidathala@doordash.com,Ramakrishnayya Pidathala,guest,,2020-04-04 00:00:00,True,Andhra Pradesh
9b8292ac-4f0f-4012-a737-b339c95d81cf,531,shyamala.kapilavai@doordash.com,Shyamala Kapilavai,limited_access,,2020-04-19 00:00:00,True,Andhra Pradesh
763d0dbb-6464-4516-8e18-909750c06ac2,531,annaraya.jampala@doordash.com,Annaraya Jampala,guest,,2020-05-13 00:00:00,True,Andhra Pradesh
29ec2b3e-c67b-4d7c-87de-e6be4f8e04b2,531,sharmila.chada@doordash.com,Sharmila Chada,guest,,2020-05-24 00:00:00,True,Andhra Pradesh
28454067-27f1-4d3d-a960-d7f22e9acfe9,531,chittemmaiah.kurra@doordash.com,Chittemmaiah Kurra,guest,,2020-10-12 00:00:00,True,Andhra Pradesh
68fac4ab-4b30-4786-af2f-23858cc4b972,531,saketha.pitla@doordash.com,Saketha Pitla,admin,,2020-09-22 00:00:00,True,Andhra Pradesh
279a4834-63f7-4b48-8fbe-c293d921430c,531,dharan.saladi@doordash.com,Dharan Saladi,member,,2020-02-14 00:00:00,True,Andhra Pradesh
dddd80a0-d8d2-4ac8-ae6c-0ab43041f2f6,531,chitra.chekuri@doordash.com,Chitra Chekuri,member,,2020-07-28 00:00:00,True,Andhra Pradesh
f8f29d1b-6db2-40d1-8728-212f7fdc8d4e,531,ramana.putchala@doordash.com,Ramana Putchala,limited_access,,2020-10-12 00:00:00,True,Andhra Pradesh
e8f0ad5a-0aeb-4461-a2bb-7c168f91c1bf,531,sobhana.kanumuri@doordash.com,Sobhana Kanumuri,member,,2020-12-20 00:00:00,True,Andhra Pradesh
5a752919-3d55-4c4f-bbb6-1ac0da9cee76,531,giridhar.kadari@doordash.com,Giridhar Kadari,limited_access,,2020-11-27 00:00:00,True,Andhra Pradesh
55f993ef-3cbd-4a90-87cf-b03f830b807a,531,chinthamani.motapothula@doordash.com,Chinthamani Motapothula,limited_access,,2020-08-18 00:00:00,True,Andhra Pradesh
e7aed924-3724-467b-9bcf-104d605bb9ef,531,sitaramaiah.madala@doordash.com,Sitaramaiah Madala,admin,,2020-02-18 00:00:00,True,Andhra Pradesh
94a38dea-f7ec-4501-b4a7-728f056fb4f0,531,hitha.manepalli@doordash.com,Hitha Manepalli,guest,,2020-04-24 00:00:00,True,Andhra Pradesh
3350b9af-d0ce-47e6-9541-f0de5f4c693c,531,amarnath.nukala@doordash.com,Amarnath Nukala,limited_access,,2020-12-21 00:00:00,True,Andhra Pradesh
1018d88c-91bd-4dbf-81a1-f8a70cbf61ba,531,saritha.bommala@doordash.com,Saritha Bommala,member,,2020-06-06 00:00:00,True,Andhra Pradesh
2c9dae4f-2700-4de0-bcce-7ad0ebf4088b,531,shrinivas.polimera@doordash.com,Shrinivas Polimera,guest,,2020-08-31 00:00:00,True,Andhra Pradesh
582f0043-f95b-4475-a22f-0d47e062d9f6,531,vasantha.ippili@doordash.com,Vasantha Ippili,guest,,2020-08-06 00:00:00,True,Andhra Pradesh
6a4eaf3f-b02b-406c-a6d9-b87df832de00,531,mahalingam.gella@doordash.com,Mahalingam Gella,guest,,2020-06-30 00:00:00,True,Andhra Pradesh
d03cb2ef-5d17-42a2-9398-274f03ecabe8,531,rani.chenchu@doordash.com,Rani Chenchu,limited_access,,2020-05-19 00:00:00,True,Andhra Pradesh
d50497ea-6e81-4941-87ec-22dd46c18737,531,rajaiah.aavula@doordash.com,Rajaiah Aavula,guest,,2020-05-09 00:00:00,True,Andhra Pradesh
ad9f5356-06e3-47d3-8c39-a76a6e0bfdea,531,saritha.saride@doordash.com,Saritha Saride,member,,2020-03-03 00:00:00,True,Andhra Pradesh
3a24c6e7-8710-4e28-b861-1af0230a67b6,531,ramakrishnayya.lanka@doordash.com,Ramakrishnayya Lanka,member,,2020-06-11 00:00:00,True,Andhra Pradesh
a84438d3-0013-4955-9ac3-b057d333ed86,531,hrudhya.chittibabu@doordash.com,Hrudhya Chittibabu,admin,,2020-10-02 00:00:00,True,Andhra Pradesh
f68bb721-9fc9-4540-908a-e88c75bde5ac,531,chandrasekharayya.tatikonda@doordash.com,Chandrasekharayya Tatikonda,member,,2020-04-09 00:00:00,True,Andhra Pradesh
238168d0-2d5e-412d-ad56-febf247e766a,531,bhudevi.sampangirama@doordash.com,Bhudevi Sampangirama,member,,2020-09-05 00:00:00,True,Andhra Pradesh
46fcbe70-472d-487d-94d6-d4203964390e,531,gangappa.roga@doordash.com,Gangappa Roga,guest,,2020-10-29 00:00:00,True,Andhra Pradesh
883bd3f3-df9f-4b20-9e1f-47b156a0f93e,531,archamma.lankapati@doordash.com,Archamma Lankapati,guest,,2020-02-22 00:00:00,True,Andhra Pradesh
7e491cb7-32c8-4f53-ab34-72e8cebef804,531,sundar.chekuri@doordash.com,Sundar Chekuri,member,,2020-06-01 00:00:00,True,Andhra Pradesh
8d99bf28-40d4-45d6-a4c9-a22df1ae46ea,531,shivani.podipireddy@doordash.com,Shivani Podipireddy,member,,2020-07-04 00:00:00,True,Andhra Pradesh
16f6b10c-f970-419b-89eb-417ea608fa9d,531,ramanuj.maganti@doordash.com,Ramanuj Maganti,member,,2020-06-04 00:00:00,True,Andhra Pradesh
59a97a5a-3d91-489f-8135-964f28e8384b,531,gouri.thallam@doordash.com,Gouri Thallam,admin,,2020-12-29 00:00:00,True,Andhra Pradesh
5c443f62-4cd2-442d-b5b6-64525dd0e95b,531,aadhitya.mudigonda@doordash.com,Aadhitya Mudigonda,member,,2020-05-21 00:00:00,True,Andhra Pradesh
7615ba9d-ac56-4b79-acf0-29f6bd1a511d,531,kanakadurga.kurapati@doordash.com,Kanakadurga Kurapati,admin,,2020-01-29 00:00:00,True,Andhra Pradesh
2bef69e1-2df5-40b7-8632-24bbc7298d29,531,arjun.bollineni@doordash.com,Arjun Bollineni,guest,,2020-12-24 00:00:00,True,Andhra Pradesh
be449c19-3500-4b0d-b7e1-17876530853e,531,gowramma.saride@doordash.com,Gowramma Saride,member,,2020-11-23 00:00:00,True,Andhra Pradesh
8868d4ad-5341-4612-9117-df398e2d2681,531,jayaramayya.emandi@doordash.com,Jayaramayya Emandi,limited_access,,2020-02-23 00:00:00,True,Andhra Pradesh
3856e45e-b0e5-44a4-8fbe-1f9db0a5770c,531,neelima.emandi@doordash.com,Neelima Emandi,admin,,2020-10-21 00:00:00,True,Andhra Pradesh
6120aea8-d5bf-4fae-a831-8e3ec57f31af,531,ishwara.bellapu@doordash.com,Ishwara Bellapu,guest,,2020-08-29 00:00:00,True,Andhra Pradesh
ff22329b-9686-4662-8954-4350ddc5efb7,531,srimathi.kuncham@doordash.com,Srimathi Kuncham,limited_access,,2020-08-14 00:00:00,True,Andhra Pradesh
d2e02de2-3795-48e4-a830-6db7ecc69983,531,hari.pochampally@doordash.com,Hari Pochampally,guest,,2020-04-05 00:00:00,True,Andhra Pradesh
c60faaae-f833-4756-8cf6-962d8ca3f111,531,kusuma.polimera@doordash.com,Kusuma Polimera,admin,,2020-05-10 00:00:00,True,Andhra Pradesh
0915a246-5e83-4995-b417-20d06cd4daf2,531,nagarjuna.borusu@doordash.com,Nagarjuna Borusu,limited_access,,2020-02-29 00:00:00,True,Andhra Pradesh
2a7b229e-9097-4b58-a2fb-fd0070549e01,531,madhura.kosaraju@doordash.com,Madhura Kosaraju,admin,,2020-07-25 00:00:00,True,Andhra Pradesh
2134ad1f-f916-4822-82a6-d99533985ed5,531,ranjith.gajula@doordash.com,Ranjith Gajula,limited_access,,2020-02-08 00:00:00,True,Andhra Pradesh
0b38c05c-d9b9-4776-b891-8138fde70a89,531,tharunika.sammeta@doordash.com,Tharunika Sammeta,admin,,2020-03-19 00:00:00,True,Andhra Pradesh
0dc30073-dcf5-4a47-a002-a009352ac17a,531,harinathaiah.vemuri@doordash.com,Harinathaiah Vemuri,member,,2020-10-16 00:00:00,True,Andhra Pradesh
d4369d81-aa58-4875-b20f-b51afeed02af,531,meena.tirumala@doordash.com,Meena Tirumala,guest,,2020-02-14 00:00:00,True,Andhra Pradesh
a50693e1-86b0-406b-870c-18fd74a9ae5e,531,surya.parachuri@doordash.com,Surya Parachuri,member,,2020-03-02 00:00:00,True,Andhra Pradesh
f9ba4e7e-9222-44ec-b2dd-73dd58eadfc3,531,lakshmidevi.kamani@doordash.com,Lakshmidevi Kamani,limited_access,,2020-11-07 00:00:00,True,Andhra Pradesh
ab26c5c6-fa86-4a08-b5ae-e0ad58ad9860,531,sudhakaranna.kavuri@doordash.com,Sudhakaranna Kavuri,member,,2020-09-25 00:00:00,True,Andhra Pradesh
cd1c9528-ca0d-4e93-a8df-71fc8e7f9682,531,latha.kolagatla@doordash.com,Latha Kolagatla,limited_access,,2020-08-19 00:00:00,True,Andhra Pradesh
f8e170f2-b976-4e6d-bb7f-2dc85870c649,531,mohanrao.eranki@doordash.com,Mohanrao Eranki,limited_access,,2020-06-02 00:00:00,True,Andhra Pradesh
70935867-ba39-4e9a-8d08-5f86e191b0f1,531,priyadarshini.barla@doordash.com,Priyadarshini Barla,limited_access,,2020-06-06 00:00:00,True,Andhra Pradesh
32e983da-9199-4f00-be50-0a262da45674,531,prabhakaraiah.alla@doordash.com,Prabhakaraiah Alla,admin,,2020-11-09 00:00:00,True,Andhra Pradesh
50d52679-92c9-4b64-b59d-72763943a4e1,531,kanthi.manepalli@doordash.com,Kanthi Manepalli,admin,,2020-04-17 00:00:00,True,Andhra Pradesh
858652c6-5ceb-4ac2-a63e-f1ebfecd4205,531,yashwant.mogali@doordash.com,Yashwant Mogali,member,,2020-05-16 00:00:00,True,Andhra Pradesh
83f4115c-32d1-4be7-8ced-575bad429959,531,sharmila.adapa@doordash.com,Sharmila Adapa,admin,,2020-03-22 00:00:00,True,Andhra Pradesh
6ef9ac23-bc3d-438f-a854-f37998586575,531,harikrishna.papolu@doordash.com,Harikrishna Papolu,member,,2020-03-30 00:00:00,True,Andhra Pradesh
d49b69b9-53e2-4366-8d5c-282e4c85b27f,531,priyanka.bandaru@doordash.com,Priyanka Bandaru,admin,,2020-03-22 00:00:00,True,Andhra Pradesh
09f000b3-4178-460f-af5f-711a58705d99,531,yajnesh.bathula@doordash.com,Yajnesh Bathula,admin,,2020-07-29 00:00:00,True,Andhra Pradesh
c2280f41-a973-4c36-83b8-f10cd4b20108,531,mallika.saladi@doordash.com,Mallika Saladi,limited_access,,2020-12-19 00:00:00,True,Andhra Pradesh
1ccb3563-1023-43bc-afc1-52f955d6b4b4,531,narayanaiah.battula@doordash.com,Narayanaiah Battula,limited_access,,2020-05-30 00:00:00,True,Andhra Pradesh
a0966afb-050b-46e9-81ea-65d34e64b19a,531,vaidehi.ellam@doordash.com,Vaidehi Ellam,admin,,2020-04-29 00:00:00,True,Andhra Pradesh
2c5d166d-3106-44c4-8b02-5ddb75e4b1f1,531,yogaraj.neredla@doordash.com,Yogaraj Neredla,guest,,2020-12-28 00:00:00,True,Andhra Pradesh
66cd95cd-fa9c-4e36-843e-bac0cc163822,531,sujatha.donepudi@doordash.com,Sujatha Donepudi,guest,,2020-12-26 00:00:00,True,Andhra Pradesh
7ccdc07c-7a4f-4c6d-8ed1-d74299f83efc,531,narayana.paturu@doordash.com,Narayana Paturu,limited_access,,2020-02-07 00:00:00,True,Andhra Pradesh
388bdc90-bf26-4d7a-9691-8b0add9684e2,531,devamma.mekapati@doordash.com,Devamma Mekapati,member,,2020-05-16 00:00:00,True,Andhra Pradesh
12333ebe-8784-4ceb-97ff-5211efe008cb,531,sugunarao.emani@doordash.com,Sugunarao Emani,member,,2020-08-06 00:00:00,True,Andhra Pradesh
00643b91-b7b4-42cd-ab64-92b05232f659,531,kamala.kosaraju@doordash.com,Kamala Kosaraju,admin,,2020-10-06 00:00:00,True,Andhra Pradesh
102f1ed8-cb99-4f15-833c-37ada8d2f693,531,bhoopal.deekonda@doordash.com,Bhoopal Deekonda,member,,2020-11-28 00:00:00,True,Andhra Pradesh
adbab970-c09e-40a8-bb36-9b5da909f0d2,531,pavani.bhamidipati@doordash.com,Pavani Bhamidipati,member,,2020-05-17 00:00:00,True,Andhra Pradesh
f27b5650-5110-4606-b8cc-bcefd1af036d,531,kumarayya.jaladi@doordash.com,Kumarayya Jaladi,member,,2020-02-07 00:00:00,True,Andhra Pradesh
a05839ed-59f7-4e3d-97ef-07fefc644366,531,krishnaveni.kandru@doordash.com,Krishnaveni Kandru,admin,,2020-03-26 00:00:00,True,Andhra Pradesh
a3e07bd0-400e-4730-8eb9-0d81812f2308,531,singanna.sambhu@doordash.com,Singanna Sambhu,guest,,2020-11-01 00:00:00,True,Andhra Pradesh
1a64597b-c517-4d01-9542-ce3a8225c024,531,sanjana.bachu@doordash.com,Sanjana Bachu,guest,,2020-08-13 00:00:00,True,Andhra Pradesh
b265a1f9-a710-4819-b89b-fcdeaca976ce,531,kiran.bandaru@doordash.com,Kiran Bandaru,admin,,2020-08-28 00:00:00,True,Andhra Pradesh
446eded2-f9c2-45bb-b421-2b66aff3fede,531,naga.lakshmipedapudi@doordash.com,Naga Lakshmi Pedapudi,guest,,2020-12-25 00:00:00,True,Andhra Pradesh
9969d0d2-d790-4f44-b88f-1e49eed5c4b9,531,pratapaiah.ragipindi@doordash.com,Pratapaiah Ragipindi,limited_access,,2020-05-20 00:00:00,True,Andhra Pradesh
86b88fff-90f2-4536-81a9-c0dc7a8f0e49,531,chandramma.eranki@doordash.com,Chandramma Eranki,limited_access,,2020-08-13 00:00:00,True,Andhra Pradesh
1f4918c9-8c80-4bdb-9ceb-869bba4c73ec,531,subbarao.deekonda@doordash.com,Subbarao Deekonda,admin,,2020-11-03 00:00:00,True,Andhra Pradesh
8e40104a-7f7a-4ba9-ae2f-58c6d64474bc,531,jamuna.kodati@doordash.com,Jamuna Kodati,admin,,2020-08-10 00:00:00,True,Andhra Pradesh
1dbd4c01-157e-43d7-a1f8-99ce7a1bf015,531,perumal.kanumuri@doordash.com,Perumal Kanumuri,guest,,2020-11-06 00:00:00,True,Andhra Pradesh
192ccaf5-f1f9-42a5-85f4-ccda54a37239,531,vanaja.gangaraju@doordash.com,Vanaja Gangaraju,guest,,2020-01-15 00:00:00,True,Andhra Pradesh
02ab7c69-a127-44c8-8fe7-5d3f2f25f98f,531,seshappa.eranki@doordash.com,Seshappa Eranki,admin,,2020-04-28 00:00:00,True,Andhra Pradesh
fde5966a-4ace-4e29-9e7c-3e80977c987d,531,vinodha.kethineni@doordash.com,Vinodha Kethineni,admin,,2020-12-11 00:00:00,True,Andhra Pradesh
0d8fb624-bf81-4908-a0f8-3c6028e67282,531,kiran.avirneni@doordash.com,Kiran Avirneni,guest,,2020-10-23 00:00:00,True,Andhra Pradesh
0ce531e2-21e0-4e7d-92fc-ae931fa4317f,531,devasena.maganti@doordash.com,Devasena Maganti,admin,,2020-03-31 00:00:00,True,Andhra Pradesh
666e701b-fec2-4c89-9877-183662e913ce,531,anirudh.bhajana@doordash.com,Anirudh Bhajana,limited_access,,2020-09-23 00:00:00,True,Andhra Pradesh
939361ee-3357-409a-b76f-2a2c9c9f59c0,531,swathi.saagi@doordash.com,Swathi Saagi,limited_access,,2020-05-23 00:00:00,True,Andhra Pradesh
05caf458-9e18-4571-9dc9-3d2eb2220b73,531,bhanudas.chilukoti@doordash.com,Bhanudas Chilukoti,member,,2020-10-27 00:00:00,True,Andhra Pradesh
24c2063b-418c-45ed-949f-524ff3e81c55,531,annapoorna.kuncham@doordash.com,Annapoorna Kuncham,limited_access,,2020-11-22 00:00:00,True,Andhra Pradesh
f869cb19-b6f7-44fb-9872-e56eb1d8e311,531,vaddanapudi.donepudi@doordash.com,Vaddanapudi Donepudi,limited_access,,2020-02-17 00:00:00,True,Andhra Pradesh
97b3f240-bc99-4f56-b0d8-f1cf2ad36e06,531,ahalya.tallapaka@doordash.com,Ahalya Tallapaka,limited_access,,2020-06-28 00:00:00,True,Andhra Pradesh
4bcc5a26-e815-4504-b41a-38c2bfbfc358,531,ganesha.chilukoti@doordash.com,Ganesha Chilukoti,limited_access,,2020-06-20 00:00:00,True,Andhra Pradesh
4b7c92aa-a023-46a5-9080-94a818074167,531,rekha.aavula@doordash.com,Rekha Aavula,guest,,2020-12-10 00:00:00,True,Andhra Pradesh
dbeaeac9-159f-47c9-85b1-cf4a6be52908,531,vignesh.gajula@doordash.com,Vignesh Gajula,admin,,2020-03-24 00:00:00,True,Andhra Pradesh
8762a002-e844-44bc-b160-1d506a8ce042,531,kamala.pullabhotla@doordash.com,Kamala Pullabhotla,guest,,2020-07-30 00:00:00,True,Andhra Pradesh
5069b182-c522-4c0f-a5d1-c2eec4b19edd,531,rajarathnaiah.garikapati@doordash.com,Rajarathnaiah Garikapati,limited_access,,2020-05-28 00:00:00,True,Andhra Pradesh
20f9a8ce-7ffd-40d0-b9e5-ae089433334c,531,krishnaveni.paleti@doordash.com,Krishnaveni Paleti,limited_access,,2020-10-09 00:00:00,True,Andhra Pradesh
e12e8537-8d5d-42f8-b25f-757ff21cfffe,531,venkatakrishnayya.chekuri@doordash.com,Venkatakrishnayya Chekuri,admin,,2020-08-21 00:00:00,True,Andhra Pradesh
27c9405a-c27a-4d32-b080-424877fcf7a1,531,kalyani.gella@doordash.com,Kalyani Gella,admin,,2020-06-11 00:00:00,True,Andhra Pradesh
0cbad98e-d08a-4185-b0d8-b3f8ad9bbf98,531,venkateswaraiah.visweswara@doordash.com,Venkateswaraiah Visweswara,guest,,2020-06-15 00:00:00,True,Andhra Pradesh
661140ea-3e37-4659-90c1-3b82b726c57b,531,neelima.merugu@doordash.com,Neelima Merugu,admin,,2020-07-26 00:00:00,True,Andhra Pradesh
656c8e9b-ed2b-4388-9a56-e9538c0c3517,531,garuda.pidathala@doordash.com,Garuda Pidathala,admin,,2020-12-03 00:00:00,True,Andhra Pradesh
78e6dfb1-f3ca-4953-9fa5-e0109fcee9ce,531,adhira.badam@doordash.com,Adhira Badam,limited_access,,2020-07-31 00:00:00,True,Andhra Pradesh
18c22631-cb2a-4d00-9cdb-cdfeab113dad,531,dinesh.mittapalli@doordash.com,Dinesh Mittapalli,admin,,2020-04-07 00:00:00,True,Andhra Pradesh
ce9a4add-e30d-4b22-be42-f614257194eb,531,usha.lanka@doordash.com,Usha Lanka,guest,,2020-11-15 00:00:00,True,Andhra Pradesh
a33d1d46-d2b4-40f9-bab0-b68dba55564d,531,ramachandraiah.badam@doordash.com,Ramachandraiah Badam,limited_access,,2020-11-17 00:00:00,True,Andhra Pradesh
e8b41eec-d20b-419b-bab3-3c91f823df38,531,mandara.bellam@doordash.com,Mandara Bellam,limited_access,,2020-01-28 00:00:00,True,Andhra Pradesh
5e68a92b-b113-4df4-9419-330d8ea3fb16,531,sitaram.bathula@doordash.com,Sitaram Bathula,member,,2020-05-17 00:00:00,True,Andhra Pradesh
b1933419-9974-403b-8969-281fabdb7ef4,531,anitha.bathula@doordash.com,Anitha Bathula,member,,2020-05-28 00:00:00,True,Andhra Pradesh
57bb2cfe-46ce-46f2-a9ff-61c87d435c7e,531,adiseshaiah.kanamarlapudi@doordash.com,Adiseshaiah Kanamarlapudi,limited_access,,2020-12-24 00:00:00,True,Andhra Pradesh
bc8d4abe-9a9b-410c-9c14-81b1f2541eb4,531,vathsala.udayagiri@doordash.com,Vathsala Udayagiri,limited_access,,2020-03-04 00:00:00,True,Andhra Pradesh
9e6b4941-7fed-472f-b276-e69095661785,531,jayadevaiah.merugu@doordash.com,Jayadevaiah Merugu,admin,,2020-11-19 00:00:00,True,Andhra Pradesh
951ca1a5-0825-4a1c-bca5-1b85d52ad32e,531,anitha.annemreddy@doordash.com,Anitha Annemreddy,member,,2020-12-30 00:00:00,True,Andhra Pradesh
268c2cd3-5a67-40b6-8dd8-faecb5a8d207,531,jagdish.kanithi@doordash.com,Jagdish Kanithi,member,,2020-06-09 00:00:00,True,Andhra Pradesh
94d1c873-6b90-40cc-bd7d-2265b711c6bf,531,damayanti.mittapalli@doordash.com,Damayanti Mittapalli,admin,,2020-10-10 00:00:00,True,Andhra Pradesh
ab239689-df9b-46ea-8bc7-c344f4a28cf0,531,kalyanaprasadaiah.gonuguntla@doordash.com,Kalyanaprasadaiah Gonuguntla,limited_access,,2020-02-18 00:00:00,True,Andhra Pradesh
75496d6f-eb4f-4854-b703-7a9a3f5933ad,531,dhanya.devarapalli@doordash.com,Dhanya Devarapalli,member,,2020-02-29 00:00:00,True,Andhra Pradesh
19fb1ca9-0ae7-44f5-9049-4ad989b02855,531,kesavayya.emandi@doordash.com,Kesavayya Emandi,limited_access,,2020-03-02 00:00:00,True,Andhra Pradesh
a9f2149c-09d3-44a9-8d79-de77a8442faa,531,sahithi.kakani@doordash.com,Sahithi Kakani,member,,2020-09-13 00:00:00,True,Andhra Pradesh
8b5f2603-2a02-45fd-9dc1-4e777c84b72d,531,narasimhaiah.neredla@doordash.com,Narasimhaiah Neredla,guest,,2020-09-18 00:00:00,True,Andhra Pradesh
dbae469e-9bb1-4ebd-bc68-230d45d1c2d3,531,kanaka.ginjupalli@doordash.com,Kanaka Ginjupalli,guest,,2020-08-01 00:00:00,True,Andhra Pradesh
d1eefd2f-2aea-499a-95df-cd32d78ae038,531,rangayya.gonuguntla@doordash.com,Rangayya Gonuguntla,limited_access,,2020-08-30 00:00:00,True,Andhra Pradesh
c7d836a8-c22c-4c01-9c41-5fe927c4ae99,531,annapurna.tripuraneni@doordash.com,Annapurna Tripuraneni,member,,2020-08-22 00:00:00,True,Andhra Pradesh
58fd5bcf-e899-4428-80c6-bd58befa28bc,531,harsha.addala@doordash.com,Harsha Addala,member,,2020-07-16 00:00:00,True,Andhra Pradesh
85f7cfb3-b30c-4d89-8c27-a8b126eb3fcf,531,shakunthala.mutyalapati@doordash.com,Shakunthala Mutyalapati,member,,2020-11-03 00:00:00,True,Andhra Pradesh
d603aedc-bf5e-403a-a6fd-26f65d9bc3b8,531,krishnamurthy.battula@doordash.com,Krishnamurthy Battula,member,,2020-02-06 00:00:00,True,Andhra Pradesh
1aeb4508-1702-4437-9854-d74f69d8122a,531,pankajam.donepudi@doordash.com,Pankajam Donepudi,guest,,2020-08-01 00:00:00,True,Andhra Pradesh
88253366-b9f0-4e9d-ab7c-1aa702351f1d,531,brahmachary.gajula@doordash.com,Brahmachary Gajula,guest,,2020-09-17 00:00:00,True,Andhra Pradesh
c0ffd7f9-7c7f-492c-8346-add17902e940,531,aruna.totakura@doordash.com,Aruna Totakura,guest,,2020-01-03 00:00:00,True,Andhra Pradesh
bc401e51-d38c-4457-a1dc-c243b5b2647c,531,ramchandraiah.sasanka@doordash.com,Ramchandraiah Sasanka,guest,,2020-06-02 00:00:00,True,Andhra Pradesh
82accc16-9cba-4b42-aa8d-928609f3a7f3,531,amrutha.sasanka@doordash.com,Amrutha Sasanka,limited_access,,2020-03-18 00:00:00,True,Andhra Pradesh
bda27c43-2e02-4258-87ca-c725b0c70dfb,531,harihara.jeedigunta@doordash.com,Harihara Jeedigunta,limited_access,,2020-10-03 00:00:00,True,Andhra Pradesh
986bc5a3-e898-4ff0-83d1-f2a009c9f239,531,karuna.chenchu@doordash.com,Karuna Chenchu,limited_access,,2020-06-26 00:00:00,True,Andhra Pradesh
9a431b85-cb88-4571-9604-8927a9d5eb77,531,maturi.repalle@doordash.com,Maturi Repalle,guest,,2020-10-10 00:00:00,True,Andhra Pradesh
1728c87a-f967-41ba-b8b7-22b103d14163,531,poornima.papannagari@doordash.com,Poornima Papannagari,limited_access,,2020-08-22 00:00:00,True,Andhra Pradesh
b7a05c08-0d5a-4097-9176-0457b401cc69,531,govindayya.mullapudi@doordash.com,Govindayya Mullapudi,guest,,2020-04-07 00:00:00,True,Andhra Pradesh
6b7f14dc-9735-46cf-91c1-9f3d2a366d15,531,vandana.madala@doordash.com,Vandana Madala,member,,2020-10-20 00:00:00,True,Andhra Pradesh
0af09e96-50a3-4142-8e84-ac62e1c09458,531,akash.nemani@doordash.com,Akash Nemani,limited_access,,2020-04-30 00:00:00,True,Andhra Pradesh
71d45711-3d50-4646-addf-7c6ae0d981f9,531,sithara.ginjupalli@doordash.com,Sithara Ginjupalli,limited_access,,2020-01-24 00:00:00,True,Andhra Pradesh
6bd85b24-3fe6-4ca1-8e2d-dc423003f5ae,531,kumaraswamy.udatha@doordash.com,Kumaraswamy Udatha,guest,,2020-08-31 00:00:00,True,Andhra Pradesh
82bb3c00-d856-4aab-bd3a-ebc1dedee261,531,arundhathi.gajula@doordash.com,Arundhathi Gajula,limited_access,,2020-07-17 00:00:00,True,Andhra Pradesh
88787cd7-cac3-4201-85bd-814bc6a29013,531,manoj.senapati@doordash.com,Manoj Senapati,member,,2020-09-11 00:00:00,True,Andhra Pradesh
cdfbf418-3b54-4d23-a384-554aaf8e77bb,531,bhudevi.peram@doordash.com,Bhudevi Peram,admin,,2020-03-06 00:00:00,True,Andhra Pradesh
0cfc06a0-1706-4cc7-8ba4-c112ca0e9740,531,rajesh.galla@doordash.com,Rajesh Galla,guest,,2020-02-22 00:00:00,True,Andhra Pradesh
d1f94cde-c0d1-4e4b-9eba-2eb3232a2f5a,531,jyothika.mudunuri@doordash.com,Jyothika Mudunuri,limited_access,,2020-02-22 00:00:00,True,Andhra Pradesh
aca6c539-42df-4084-ab05-1bb9e8c19905,531,varun.parvataneni@doordash.com,Varun Parvataneni,limited_access,,2020-01-09 00:00:00,True,Andhra Pradesh
df063f4a-ca9f-4054-95ac-19172ccae2c7,531,devika.devarapalli@doordash.com,Devika Devarapalli,member,,2020-07-29 00:00:00,True,Andhra Pradesh
7b11aea2-6c0a-4e4f-ac97-0c119d318fd7,531,sanjay.lankapati@doordash.com,Sanjay Lankapati,member,,2020-02-09 00:00:00,True,Andhra Pradesh
19659375-e47b-4bd4-ba65-f463f3ecba4b,531,navaneetha.erram@doordash.com,Navaneetha Erram,limited_access,,2020-05-16 00:00:00,True,Andhra Pradesh
02c8c407-fc12-4b20-ac51-c4124263bb1b,531,divakar.bhajana@doordash.com,Divakar Bhajana,guest,,2020-11-16 00:00:00,True,Andhra Pradesh
fbcc8b7e-f841-4b0c-a0aa-92519d1f76a7,531,sugunamma.kanumuri@doordash.com,Sugunamma Kanumuri,limited_access,,2020-11-29 00:00:00,True,Andhra Pradesh
5a9dde35-2ad8-4f8f-96fe-7463a67f123f,531,viswanadhaiah.anumolu@doordash.com,Viswanadhaiah Anumolu,admin,,2020-06-18 00:00:00,True,Andhra Pradesh
9478a511-14ae-477a-9396-bd10a96e130e,531,thrisha.hamsa@doordash.com,Thrisha Hamsa,limited_access,,2020-06-12 00:00:00,True,Andhra Pradesh
8c1d2ee3-cc74-49ff-8a71-4cd6664d2849,531,narasimha.nampally@doordash.com,Narasimha Nampally,limited_access,,2020-10-05 00:00:00,True,Andhra Pradesh
4d5c510f-0c9c-4c82-b5fc-eb35f87d2eaa,531,garikipati.chilakala@doordash.com,Garikipati Chilakala,admin,,2020-11-13 00:00:00,True,Andhra Pradesh
271f1173-4258-496b-9bfa-95184f134cfb,531,narasappa.manepalli@doordash.com,Narasappa Manepalli,admin,,2020-05-01 00:00:00,True,Andhra Pradesh
96224143-7f03-443e-96ae-c2c63b9127d2,531,leelavathi.kapilavai@doordash.com,Leelavathi Kapilavai,guest,,2020-04-27 00:00:00,True,Andhra Pradesh
2929a1ae-b0f4-4a3e-b185-05f0b9aae4b0,531,akshay.bollineni@doordash.com,Akshay Bollineni,admin,,2020-08-11 00:00:00,True,Andhra Pradesh
e282175e-9fb4-40ae-8cea-6c1e273c236f,531,vinodha.udayagiri@doordash.com,Vinodha Udayagiri,admin,,2020-11-21 00:00:00,True,Andhra Pradesh
3c02e815-327e-44d8-b00f-4eccdde631a3,531,praveen.mandapati@doordash.com,Praveen Mandapati,admin,,2020-08-16 00:00:00,True,Andhra Pradesh
de31e0a5-e24a-4c38-84e7-59b243e22c2c,531,anjali.repalle@doordash.com,Anjali Repalle,member,,2020-12-22 00:00:00,True,Andhra Pradesh
0815d456-2525-42fd-b578-bcc3d4aa2f25,531,sitaiah.mittapalli@doordash.com,Sitaiah Mittapalli,guest,,2020-01-16 00:00:00,True,Andhra Pradesh
e2086a45-5025-4adf-84c7-be0fa192b2d1,531,lavanya.chamanthi@doordash.com,Lavanya Chamanthi,admin,,2020-06-16 00:00:00,True,Andhra Pradesh
63ee5930-af27-400c-ac23-cf4911db6951,531,krishnarao.borusu@doordash.com,Krishnarao Borusu,admin,,2020-05-31 00:00:00,True,Andhra Pradesh
68a2da76-f22a-4e77-907b-9167898f3fd5,531,aaryama.gollapalli@doordash.com,Aaryama Gollapalli,guest,,2020-07-11 00:00:00,True,Andhra Pradesh
8fe053d2-ccea-41d1-96d9-affcf5520cac,531,shankaranna.tadipatri@doordash.com,Shankaranna Tadipatri,limited_access,,2020-03-16 00:00:00,True,Andhra Pradesh
919109ba-2222-4b75-aa5a-6623f3aac0cb,531,adilakshmi.saladi@doordash.com,Adilakshmi Saladi,member,,2020-09-29 00:00:00,True,Andhra Pradesh
161af2a2-8462-4c33-b335-7b2d2be55f04,531,chandrakanth.tadipatri@doordash.com,Chandrakanth Tadipatri,limited_access,,2020-10-17 00:00:00,True,Andhra Pradesh
1bc572bd-a545-4cb4-b8a1-e6585d47df51,531,janaki.dhanekula@doordash.com,Janaki Dhanekula,member,,2020-03-29 00:00:00,True,Andhra Pradesh
a2e57b62-649c-4349-8e7a-05ef4eccd76c,531,krishnayya.nemani@doordash.com,Krishnayya Nemani,member,,2020-02-11 00:00:00,True,Andhra Pradesh
26f063ca-971e-4079-bb8c-6788a575054a,531,harini.jaladi@doordash.com,Harini Jaladi,limited_access,,2020-11-14 00:00:00,True,Andhra Pradesh
6efd5002-18cd-4c7c-8ad7-420019d84c74,531,bhoopal.murikipudi@doordash.com,Bhoopal Murikipudi,member,,2020-09-12 00:00:00,True,Andhra Pradesh
d4583df7-39e2-4f8d-9ada-d53d83e447c2,531,vennela.chekuri@doordash.com,Vennela Chekuri,member,,2020-04-29 00:00:00,True,Andhra Pradesh
fa00d4b0-c546-4ee5-b924-a3ccadde74ca,531,bhanudas.sambhu@doordash.com,Bhanudas Sambhu,limited_access,,2020-11-23 00:00:00,True,Andhra Pradesh
45146a84-7e60-4382-b452-aed4415d9ef6,531,geetha.ragipindi@doordash.com,Geetha Ragipindi,guest,,2020-08-24 00:00:00,True,Andhra Pradesh
56ded5d2-82a4-4d82-917c-a83887b917b0,531,shankar.sasanka@doordash.com,Shankar Sasanka,guest,,2020-12-08 00:00:00,True,Andhra Pradesh
b18f9426-2369-4486-80c3-291589a4f8bd,531,mrinalini.allam@doordash.com,Mrinalini Allam,admin,,2020-08-27 00:00:00,True,Andhra Pradesh
319dd41a-69e2-4d1b-bb2c-4ab6e87b0295,531,shekhar.peethala@doordash.com,Shekhar Peethala,guest,,2020-12-13 00:00:00,True,Andhra Pradesh
a980e48e-c55a-4a98-b9d9-b9f499b93f51,531,devi.pullabhotla@doordash.com,Devi Pullabhotla,member,,2020-02-08 00:00:00,True,Andhra Pradesh
d804177a-9954-4e8b-ba3a-1b343451617d,531,dhananjayaiah.ramanujam@doordash.com,Dhananjayaiah Ramanujam,limited_access,,2020-06-26 00:00:00,True,Andhra Pradesh
df5547a4-d08d-4c70-99db-5acf5c988111,531,sripadmavathi.sambhu@doordash.com,Sripadmavathi Sambhu,guest,,2020-11-24 00:00:00,True,Andhra Pradesh
eb9e7f14-e580-4ce9-b634-57058b221984,531,kaleswaraiah.galipalli@doordash.com,Kaleswaraiah Galipalli,limited_access,,2020-12-20 00:00:00,True,Andhra Pradesh
65ee6132-ea23-4020-9898-ebcfc9f6f25f,531,suseela.puppala@doordash.com,Suseela Puppala,guest,,2020-08-22 00:00:00,True,Andhra Pradesh
28dd19cd-8e26-47b0-a6e2-e362d2109249,531,lokesh.kadapa@doordash.com,Lokesh Kadapa,guest,,2020-04-12 00:00:00,True,Andhra Pradesh
77abe606-6b84-4383-b5b2-8229e96f132e,531,haripriya.sajja@doordash.com,Haripriya Sajja,limited_access,,2020-09-05 00:00:00,True,Andhra Pradesh
f49fabc7-c2f2-4453-aea1-442dedaa18d1,531,subanna.duggirala@doordash.com,Subanna Duggirala,admin,,2020-05-02 00:00:00,True,Andhra Pradesh
228cd1ea-fcf5-4915-8f17-ca696b478852,531,yagna.rapolu@doordash.com,Yagna Rapolu,limited_access,,2020-10-20 00:00:00,True,Andhra Pradesh
a96be333-9c61-4b47-b2b7-31abcdc5a48e,531,sadashivayya.jaganmohan@doordash.com,Sadashivayya Jaganmohan,guest,,2020-10-22 00:00:00,True,Andhra Pradesh
e7f7d558-fb23-431c-af31-8887f53a21d5,531,aadhya.rathnam@doordash.com,Aadhya Rathnam,guest,,2020-12-25 00:00:00,True,Andhra Pradesh
0dfafe53-8d38-4144-8742-ac510c397e07,531,yadagir.dunna@doordash.com,Yadagir Dunna,guest,,2020-01-13 00:00:00,True,Andhra Pradesh
1d74f27e-7405-4a7f-92c2-57d67be15f2d,531,bhagavathi.nedunuri@doordash.com,Bhagavathi Nedunuri,limited_access,,2020-05-21 00:00:00,True,Andhra Pradesh
b7f672e9-da6b-438b-ab11-563779303759,531,subrahmanya.kamani@doordash.com,Subrahmanya Kamani,admin,,2020-10-17 00:00:00,True,Andhra Pradesh
7437e444-d1bc-4bed-a017-2c1bff6560e7,531,vinaya.gangaraju@doordash.com,Vinaya Gangaraju,admin,,2020-11-07 00:00:00,True,Andhra Pradesh
7384f48f-a547-4df0-b196-10be7b662546,531,haribabu.visweswara@doordash.com,Haribabu Visweswara,limited_access,,2020-05-27 00:00:00,True,Andhra Pradesh
ab3ebd70-d226-4456-924f-708dfd83e333,531,nagamani.gangaraju@doordash.com,Nagamani Gangaraju,member,,2020-11-07 00:00:00,True,Andhra Pradesh
e7ee8b55-955e-4613-910f-ed2b54461b91,531,rangarao.nandyala@doordash.com,Rangarao Nandyala,guest,,2020-04-23 00:00:00,True,Andhra Pradesh
bee4f8d8-8c8d-4eee-b4f4-86600757c0e8,531,mandara.kamani@doordash.com,Mandara Kamani,member,,2020-11-14 00:00:00,True,Andhra Pradesh
f31e37e6-1f0b-4ad1-b05d-bf60d15e8b11,531,narasimhulu.udatha@doordash.com,Narasimhulu Udatha,guest,,2020-12-14 00:00:00,True,Andhra Pradesh
bfb9dbb5-fdf6-4c8a-a8d2-e7dfaded5eac,531,shalini.bommala@doordash.com,Shalini Bommala,member,,2020-11-18 00:00:00,True,Andhra Pradesh
34ae8161-2d11-4622-88de-226c1325ce12,531,raghunandan.chittibabu@doordash.com,Raghunandan Chittibabu,admin,,2020-11-18 00:00:00,True,Andhra Pradesh
f00dd2f3-517d-4e95-9c18-d17eb134d889,531,srilakshmi.vemuri@doordash.com,Srilakshmi Vemuri,admin,,2020-06-08 00:00:00,True,Andhra Pradesh
6722dab2-0f66-46ab-96bd-4a209f19cec2,531,satyanand.annem@doordash.com,Satyanand Annem,limited_access,,2020-01-19 00:00:00,True,Andhra Pradesh
f293f1c1-34e4-44da-972d-2c39d3127a97,531,chandramma.motapothula@doordash.com,Chandramma Motapothula,guest,,2020-03-09 00:00:00,True,Andhra Pradesh
52c6803f-9a54-4449-9a44-4c28873729d0,531,lokanatham.jadav@doordash.com,Lokanatham Jadav,admin,,2020-06-01 00:00:00,True,Andhra Pradesh
a6a97688-c0d3-44c3-996b-7612e168eb33,531,sanjana.puppala@doordash.com,Sanjana Puppala,guest,,2020-08-01 00:00:00,True,Andhra Pradesh
fbd4cb98-84e1-4ba0-904a-4c5438bf1670,531,kesavayya.katragadda@doordash.com,Kesavayya Katragadda,member,,2020-04-13 00:00:00,True,Andhra Pradesh
1060b428-15e5-46df-9b1d-710a49bfcc5a,531,mahitha.lankireddy@doordash.com,Mahitha Lankireddy,member,,2020-10-04 00:00:00,True,Andhra Pradesh
4b30f32e-9f86-454b-bdda-80ba13362457,531,manoj.kadari@doordash.com,Manoj Kadari,guest,,2020-09-29 00:00:00,True,Andhra Pradesh
d6268637-444c-43c5-aec7-899d800183e4,531,nirmala.deekonda@doordash.com,Nirmala Deekonda,guest,,2020-03-26 00:00:00,True,Andhra Pradesh
b4d29df3-5e74-4297-8b19-c8abeae885ed,531,marutirao.anumolu@doordash.com,Marutirao Anumolu,guest,,2020-09-04 00:00:00,True,Andhra Pradesh
505e7522-6c5b-4fca-aaf0-534f17a889a7,531,menaka.katragadda@doordash.com,Menaka Katragadda,guest,,2020-06-23 00:00:00,True,Andhra Pradesh
f9c5c7cf-5f98-4787-b4a2-548e228efd30,531,aakash.lingala@doordash.com,Aakash Lingala,admin,,2020-08-28 00:00:00,True,Andhra Pradesh
081fc7d1-49bb-4ee6-8c06-e6030cc1b84d,531,pankajam.onteddu@doordash.com,Pankajam Onteddu,admin,,2020-03-14 00:00:00,True,Andhra Pradesh
0845dc03-dbf3-4fec-b096-f70ed6f573c1,531,sumanth.javvadi@doordash.com,Sumanth Javvadi,member,,2020-12-13 00:00:00,True,Andhra Pradesh
ade2ba01-f702-4aab-861c-8b4a80a6bc6d,531,aamani.bathula@doordash.com,Aamani Bathula,limited_access,,2020-10-13 00:00:00,True,Andhra Pradesh
cafa1c81-31dd-4cc0-bf18-0fb9e2df104b,531,narayanaiah.mutyalapati@doordash.com,Narayanaiah Mutyalapati,guest,,2020-02-17 00:00:00,True,Andhra Pradesh
97d89201-dd48-4e2b-bb21-a40ff1966938,531,adhira.neelamraju@doordash.com,Adhira Neelamraju,limited_access,,2020-01-09 00:00:00,True,Andhra Pradesh
89bd135a-e41a-4228-b5d9-96085b119d67,531,nagabhushanam.pasam@doordash.com,Nagabhushanam Pasam,guest,,2020-10-02 00:00:00,True,Andhra Pradesh
32bf04d3-6ca8-46f6-acff-62b89443ac18,531,sailaja.lankapati@doordash.com,Sailaja Lankapati,admin,,2020-08-21 00:00:00,True,Andhra Pradesh
7c337955-917b-4ce8-a3fd-9cbd0dba0b7f,531,kadambaiah.nemani@doordash.com,Kadambaiah Nemani,guest,,2020-12-11 00:00:00,True,Andhra Pradesh
c175f269-36e2-42be-82a0-d34608fbbee8,531,archana.gunnam@doordash.com,Archana Gunnam,guest,,2020-10-27 00:00:00,True,Andhra Pradesh
56da7cd5-4bd5-4e92-aa06-b2444fcf097f,531,baburao.paleti@doordash.com,Baburao Paleti,limited_access,,2020-11-23 00:00:00,True,Andhra Pradesh
f08c87aa-d58e-477a-98b4-3892bd332826,531,deepika.manepalli@doordash.com,Deepika Manepalli,guest,,2020-02-26 00:00:00,True,Andhra Pradesh
e8b082af-0233-448b-a8f9-808d3634ee3b,531,nagendranath.dega@doordash.com,Nagendranath Dega,member,,2020-08-30 00:00:00,True,Andhra Pradesh
73bda7ab-acb7-419a-b4f9-d04bcb68b0b2,531,sheela.nemani@doordash.com,Sheela Nemani,admin,,2020-11-14 00:00:00,True,Andhra Pradesh
7d11ac91-79a1-4833-ac9e-d602be1a4653,531,tathachari.nori@doordash.com,Tathachari Nori,guest,,2020-11-09 00:00:00,True,Andhra Pradesh
9009e5d8-5551-4313-9faf-7c8964cb9136,531,vennela.tallapaka@doordash.com,Vennela Tallapaka,member,,2020-11-28 00:00:00,True,Andhra Pradesh
a00971fb-fb98-4be5-a77b-a06048310c5c,531,satyamurthy.munagala@doordash.com,Satyamurthy Munagala,admin,,2020-11-22 00:00:00,True,Andhra Pradesh
8b5de97e-7967-4e17-aa67-f2afdda0df19,531,sowbhagya.godugu@doordash.com,Sowbhagya Godugu,limited_access,,2020-12-25 00:00:00,True,Andhra Pradesh
feee3c5f-a157-416c-b715-396e88e1b3af,531,bhimaiah.manda@doordash.com,Bhimaiah Manda,guest,,2020-11-29 00:00:00,True,Andhra Pradesh
329c6b4d-78b6-4331-9e8b-429129fdaeab,531,saipriya.godugu@doordash.com,Saipriya Godugu,limited_access,,2020-03-01 00:00:00,True,Andhra Pradesh
d44a57da-43b1-4de8-83ba-4ac05c7e06c5,531,bhaskarappa.dhanekula@doordash.com,Bhaskarappa Dhanekula,member,,2020-01-25 00:00:00,True,Andhra Pradesh
fd814d2a-4c40-4a3a-8164-56b00539b251,531,aamani.puppala@doordash.com,Aamani Puppala,admin,,2020-06-05 00:00:00,True,Andhra Pradesh
53cc2848-e594-48ae-9cab-1eaef76b0c9b,531,madhavaiah.koneru@doordash.com,Madhavaiah Koneru,limited_access,,2020-03-01 00:00:00,True,Andhra Pradesh
efe26f58-b948-448e-b1b8-56fcfd69e7d6,531,durga.kethineni@doordash.com,Durga Kethineni,admin,,2020-05-01 00:00:00,True,Andhra Pradesh
74b686f5-d441-484c-95f8-bdef5b392cb8,531,venkanna.lankireddy@doordash.com,Venkanna Lankireddy,member,,2020-07-18 00:00:00,True,Andhra Pradesh
122012e0-4b19-4ab1-9dea-793dc2fd971a,531,jwala.raavi@doordash.com,Jwala Raavi,limited_access,,2020-07-09 00:00:00,True,Andhra Pradesh
df208f9a-01cc-402a-9ae7-9d510768d926,531,sai.nedunuri@doordash.com,Sai Nedunuri,limited_access,,2020-10-28 00:00:00,True,Andhra Pradesh
a8cb8014-e378-4090-b294-5f88e717374f,531,pushpa.garapati@doordash.com,Pushpa Garapati,member,,2020-08-01 00:00:00,True,Andhra Pradesh
42a3c8e4-38fe-4e2a-bde4-7fd156f90292,531,gokulayya.neelamraju@doordash.com,Gokulayya Neelamraju,admin,,2020-09-08 00:00:00,True,Andhra Pradesh
0cc22824-7d33-4aaa-97de-81b2d2c2badd,531,sugunamma.murikipudi@doordash.com,Sugunamma Murikipudi,limited_access,,2020-05-24 00:00:00,True,Andhra Pradesh
4bf161d6-ec0d-4a37-a659-4977bf1c1b5a,531,paramatma.bhajana@doordash.com,Paramatma Bhajana,admin,,2020-12-20 00:00:00,True,Andhra Pradesh
988a0eab-e137-4b15-92ee-33ba9c8375c8,531,annapurna.ellam@doordash.com,Annapurna Ellam,guest,,2020-04-22 00:00:00,True,Andhra Pradesh
a9a2a981-c5ea-4c31-b41f-ade520167b36,531,kamalakarayya.dunna@doordash.com,Kamalakarayya Dunna,limited_access,,2020-08-16 00:00:00,True,Andhra Pradesh
6b43e6f0-0513-4587-9b3a-b85c714af333,531,vimala.chamanthi@doordash.com,Vimala Chamanthi,member,,2020-07-05 00:00:00,True,Andhra Pradesh
8f0fac2b-f0f6-4362-96ee-99d217401ce4,531,bala.anumolu@doordash.com,Bala Anumolu,admin,,2020-12-18 00:00:00,True,Andhra Pradesh
4b7ac211-bb24-4498-b766-2ae7ad87f832,531,indira.kosaraju@doordash.com,Indira Kosaraju,guest,,2020-10-06 00:00:00,True,Andhra Pradesh
c5784bf6-6fec-4385-a836-b74235c1bf8c,531,harsha.kolluru@doordash.com,Harsha Kolluru,guest,,2020-02-02 00:00:00,True,Andhra Pradesh
60ffc18d-c1c4-48df-ac8e-a2f27088c40a,531,aliveni.seelam@doordash.com,Aliveni Seelam,limited_access,,2020-05-22 00:00:00,True,Andhra Pradesh
b1a38b69-7f5a-430b-b298-d1055af037e0,531,sugreev.parvataneni@doordash.com,Sugreev Parvataneni,member,,2020-03-04 00:00:00,True,Andhra Pradesh
8a785f5a-149b-4aaa-aa25-157b18627f95,531,srilaxmi.kadari@doordash.com,Srilaxmi Kadari,limited_access,,2020-02-17 00:00:00,True,Andhra Pradesh
fa79c989-8459-4758-8354-4034c0041456,531,yedukondalu.kamani@doordash.com,Yedukondalu Kamani,member,,2020-11-25 00:00:00,True,Andhra Pradesh
a958db2c-60ef-4d88-ade8-bfb0d31d2f54,531,alivelu.chamanthi@doordash.com,Alivelu Chamanthi,admin,,2020-01-27 00:00:00,True,Andhra Pradesh
e8f6654c-2d56-471b-b9c2-2c2954046761,531,aditya.somisetty@doordash.com,Aditya Somisetty,guest,,2020-05-05 00:00:00,True,Andhra Pradesh
94f08bd2-7342-40fb-9092-33da5bdac54d,531,annapurna.saladi@doordash.com,Annapurna Saladi,member,,2020-10-17 00:00:00,True,Andhra Pradesh
817e5d22-2a39-4ce9-966b-38776d70ed26,531,lingaiah.pulipaka@doordash.com,Lingaiah Pulipaka,member,,2020-02-06 00:00:00,True,Andhra Pradesh
e935b3bb-21c3-4d5c-8a79-6f4ebdc13cbb,531,sravani.duggirala@doordash.com,Sravani Duggirala,member,,2020-10-28 00:00:00,True,Andhra Pradesh
2f021afc-c544-4b15-9c5d-bd35e2b14b55,531,seetharam.ramanujam@doordash.com,Seetharam Ramanujam,member,,2020-04-30 00:00:00,True,Andhra Pradesh
69973820-1fbf-4681-8a7c-0c8098057441,531,srilaxmi.lingamgunta@doordash.com,Srilaxmi Lingamgunta,guest,,2020-03-17 00:00:00,True,Andhra Pradesh
921844cc-9d28-4d1d-8ab7-978a33f19983,531,shantayya.avirneni@doordash.com,Shantayya Avirneni,admin,,2020-05-22 00:00:00,True,Andhra Pradesh
f9eea20a-f019-47b4-a0aa-26844b65642e,531,yashaswini.eranki@doordash.com,Yashaswini Eranki,member,,2020-03-08 00:00:00,True,Andhra Pradesh
1704ef3e-988d-427a-a789-ec70892875cf,531,mukunda.kolluru@doordash.com,Mukunda Kolluru,guest,,2020-03-31 00:00:00,True,Andhra Pradesh
b1ceedec-429e-430e-985a-b241d29dc7f7,531,arundhathi.ramanujam@doordash.com,Arundhathi Ramanujam,admin,,2020-12-05 00:00:00,True,Andhra Pradesh
4c5fbb9d-1723-48ca-b9b2-a00e10e5deb0,531,shantayya.nemani@doordash.com,Shantayya Nemani,admin,,2020-03-09 00:00:00,True,Andhra Pradesh
091f9b1f-c70d-4b96-add7-e8b3dc082a5a,531,kameshwari.manyam@doordash.com,Kameshwari Manyam,admin,,2020-07-03 00:00:00,True,Andhra Pradesh
52d339c6-cea2-48ec-b265-b8eb5d111b2f,531,krishnamurthyiah.uraga@doordash.com,Krishnamurthyiah Uraga,member,,2020-10-29 00:00:00,True,Andhra Pradesh
73e820b4-784c-4c38-a73d-263414c88d08,531,jayasri.somisetty@doordash.com,Jayasri Somisetty,guest,,2020-01-10 00:00:00,True,Andhra Pradesh
fe2b1619-c9ac-41f0-850d-e790e3a91027,531,narasimhachari.mullapudi@doordash.com,Narasimhachari Mullapudi,member,,2020-05-16 00:00:00,True,Andhra Pradesh
4d5fe5cb-3279-42bb-9266-c5a717790171,531,vanamala.somisetty@doordash.com,Vanamala Somisetty,admin,,2020-03-06 00:00:00,True,Andhra Pradesh
63a484a6-59f5-4462-8049-82dc101bcc3f,531,bhavanarayana.kapilavai@doordash.com,Bhavanarayana Kapilavai,limited_access,,2020-09-27 00:00:00,True,Andhra Pradesh
99483a73-7922-4c88-845f-eb232191b77a,531,girija.kodati@doordash.com,Girija Kodati,admin,,2020-02-03 00:00:00,True,Andhra Pradesh
a237546c-3a03-4377-9092-c5f60b2a08e7,531,ramakrishnaiah.peram@doordash.com,Ramakrishnaiah Peram,limited_access,,2020-08-18 00:00:00,True,Andhra Pradesh
faffd2bd-3551-4bdd-b481-e46d005503e9,531,akshitha.kolagatla@doordash.com,Akshitha Kolagatla,guest,,2020-09-20 00:00:00,True,Andhra Pradesh
e683ffb0-f060-4dde-a9e1-6e787f12394d,531,padmanabaiah.pingili@doordash.com,Padmanabaiah Pingili,admin,,2020-08-20 00:00:00,True,Andhra Pradesh
fe60e7a8-44c4-45e7-8fa2-e9d8908e4702,531,priya.roga@doordash.com,Priya Roga,member,,2020-11-11 00:00:00,True,Andhra Pradesh
567fca43-446e-4b31-8305-96c556b4f4bc,531,viswanadhaiah.polimera@doordash.com,Viswanadhaiah Polimera,admin,,2020-12-04 00:00:00,True,Andhra Pradesh
bdb7742d-466b-475f-b783-6501f192c6fb,531,gouri.lingala@doordash.com,Gouri Lingala,guest,,2020-08-23 00:00:00,True,Andhra Pradesh
1ccf5dd2-aa37-45b7-9987-bca6ffbc01a4,531,vasi.naidu@doordash.com,Vasi Naidu,admin,,2020-02-02 00:00:00,True,Andhra Pradesh
11ba744b-e641-4f0a-b955-5bc118646aea,531,varsha.ganjam@doordash.com,Varsha Ganjam,limited_access,,2020-07-25 00:00:00,True,Andhra Pradesh
6718afa9-ca6b-4359-ada2-9d079ac4528b,531,naidu.bayyapu@doordash.com,Naidu Bayyapu,limited_access,,2020-12-18 00:00:00,True,Andhra Pradesh
967b5f0a-7936-4d10-b387-247e1ff42522,531,vishalakshi.garikapati@doordash.com,Vishalakshi Garikapati,admin,,2020-09-09 00:00:00,True,Andhra Pradesh
10f2bc48-109c-480b-9881-76cc18ec97bf,531,adiseshaiah.galla@doordash.com,Adiseshaiah Galla,limited_access,,2020-02-08 00:00:00,True,Andhra Pradesh
fdb43812-e1c8-4f64-982b-6c7c56754ab4,531,bhavana.gottimukkala@doordash.com,Bhavana Gottimukkala,admin,,2020-06-14 00:00:00,True,Andhra Pradesh
0b52d251-afe4-423a-bf86-034994188e92,531,jagannath.chada@doordash.com,Jagannath Chada,member,,2020-02-04 00:00:00,True,Andhra Pradesh
cfa0789c-fec4-4402-a365-d7cc075bf39d,531,sitamma.edulakanti@doordash.com,Sitamma Edulakanti,member,,2020-05-21 00:00:00,True,Andhra Pradesh
02a1b0a4-4468-47ec-9ce9-6dc678f9a1a9,531,umapathi.paidipally@doordash.com,Umapathi Paidipally,guest,,2020-07-15 00:00:00,True,Andhra Pradesh
1bc86f1d-ec38-4e9e-923f-11edeee11aac,531,kaavya.papannagari@doordash.com,Kaavya Papannagari,guest,,2020-08-21 00:00:00,True,Andhra Pradesh
dac4bce6-ef9f-4a83-a492-f59228082d3b,531,venkataramanappa.barla@doordash.com,Venkataramanappa Barla,limited_access,,2020-02-21 00:00:00,True,Andhra Pradesh
e01cd7e2-5d2d-4578-a311-a9c6a044f10f,531,aliveni.kancharla@doordash.com,Aliveni Kancharla,admin,,2020-12-02 00:00:00,True,Andhra Pradesh
d0582b81-614e-47c3-bd58-ac265462f9d6,531,narayanaiah.maganti@doordash.com,Narayanaiah Maganti,member,,2020-08-09 00:00:00,True,Andhra Pradesh
43e5ac46-0bb1-4d72-a8d1-17d5096c75f8,531,deepa.kandula@doordash.com,Deepa Kandula,limited_access,,2020-04-27 00:00:00,True,Andhra Pradesh
95d1aba4-3303-4490-9e0e-e960cd627aea,531,gaurav.devarapalli@doordash.com,Gaurav Devarapalli,limited_access,,2020-06-23 00:00:00,True,Andhra Pradesh
052ffcda-667f-43e9-aca2-aea2e7f8f894,531,sheela.kadavakollu@doordash.com,Sheela Kadavakollu,limited_access,,2020-07-24 00:00:00,True,Andhra Pradesh
5dedd068-78ef-452e-9c25-a14d46f26173,531,harvinder.chaudhary@doordash.com,Harvinder Chaudhary,guest,,2020-08-09 00:00:00,True,Bihar
614d8b10-5128-47ad-8f6c-a231eae783e5,531,indira.singhal@doordash.com,Indira Singhal,admin,,2020-12-13 00:00:00,True,Bihar
20347dc6-1a45-488e-a391-b8b7de207cfc,531,janardan.yadunandan@doordash.com,Janardan Yadunandan,admin,,2020-10-26 00:00:00,True,Bihar
af690ab6-7df0-41b1-9dd4-d59868470ca5,531,harshita.gautam@doordash.com,Harshita Gautam,admin,,2020-11-16 00:00:00,True,Bihar
7561b72b-b12f-4de2-9fc4-801b91241b7f,531,saurabh.verma@doordash.com,Saurabh Verma,guest,,2020-05-04 00:00:00,True,Bihar
9c358b85-0743-4809-94d4-3d2074ddf7b6,531,asha.yadunandan@doordash.com,Asha Yadunandan,member,,2020-02-06 00:00:00,True,Bihar
16a8a901-33ea-4e00-b66b-d431b064fccb,531,dhanesh.nirala@doordash.com,Dhanesh Nirala,admin,,2020-02-01 00:00:00,True,Bihar
ef3a0017-6dcf-424c-b20d-614463f2e6c3,531,meenaktha.sahar@doordash.com,Meenaktha Sahar,member,,2020-05-20 00:00:00,True,Bihar
c49243b8-60b5-4fd9-be59-f240ae2a72b3,531,satendra.agarwal@doordash.com,Satendra Agarwal,limited_access,,2020-01-24 00:00:00,True,Bihar
655654d4-ed60-483b-9115-511c181bd389,531,pranita.basu@doordash.com,Pranita Basu,guest,,2020-07-02 00:00:00,True,Bihar
25b158c2-cb3b-430f-a6ec-00567128688f,531,sandeepan.bihari@doordash.com,Sandeepan Bihari,member,,2020-09-10 00:00:00,True,Bihar
daa65d9d-a943-49d3-b97b-7d81728c0786,531,revati.nirala@doordash.com,Revati Nirala,guest,,2020-05-05 00:00:00,True,Bihar
ad55dd46-55be-4713-bbff-d4be90f441a6,531,rajbir.singhkumar@doordash.com,Rajbir Singh Kumar,admin,,2020-10-03 00:00:00,True,Bihar
db575628-6e11-4da1-85a5-c404be946c45,531,ritambara.nath@doordash.com,Ritambara Nath,guest,,2020-12-28 00:00:00,True,Bihar
42ac08c7-f001-487c-b2b3-31b1354827f0,531,sudhir.chaudhary@doordash.com,Sudhir Chaudhary,admin,,2020-06-01 00:00:00,True,Bihar
e6cb9f11-e849-4661-8e98-7247d5ba1422,531,priti.dey@doordash.com,Priti Dey,member,,2020-02-17 00:00:00,True,Bihar
b42684a8-59a2-49cb-881a-427f29cb6e65,531,nishant.bihari@doordash.com,Nishant Bihari,admin,,2020-01-24 00:00:00,True,Bihar
17514b2d-e3ed-4083-813c-aed69e3c22dc,531,sita.dey@doordash.com,Sita Dey,limited_access,,2020-09-27 00:00:00,True,Bihar
61bd87bd-7eaf-4aa6-b3bc-159ae37fa730,531,dhanesh.ranjan@doordash.com,Dhanesh Ranjan,member,,2020-03-22 00:00:00,True,Bihar
3110cba7-bd2e-4636-8c9f-a84e7892d599,531,shakuntala.nath@doordash.com,Shakuntala Nath,limited_access,,2020-11-29 00:00:00,True,Bihar
ed3ffbac-106a-4c90-80e1-a89ced3c30ac,531,narayan.thakur@doordash.com,Narayan Thakur,limited_access,,2020-12-13 00:00:00,True,Bihar
25df5be6-4712-41e1-b7f7-f8dec509f5fe,531,vina.lall@doordash.com,Vina Lall,guest,,2020-10-20 00:00:00,True,Bihar
f2eb36c6-469b-42df-83c2-bf35a424284a,531,hariram.rajiv@doordash.com,Hariram Rajiv,admin,,2020-12-27 00:00:00,True,Bihar
47cfe119-157f-4602-8a87-aa74dd2521a9,531,seema.arya@doordash.com,Seema Arya,admin,,2020-05-01 00:00:00,True,Bihar
c2c39d73-366c-4ade-b68d-b2850993a720,531,sunil.rao@doordash.com,Sunil Rao,admin,,2020-02-09 00:00:00,True,Bihar
1d9cff4b-cad9-4127-bcb7-ad5e3bcaf5f4,531,sarojini.shukla@doordash.com,Sarojini Shukla,admin,,2020-07-31 00:00:00,True,Bihar
df844516-3684-470c-98e6-6fa9884d1656,531,girdhar.srivastava@doordash.com,Girdhar Srivastava,member,,2020-10-31 00:00:00,True,Bihar
c62f969b-85bb-4591-859d-00b5bea0d90f,531,vandana.khandelwal@doordash.com,Vandana Khandelwal,limited_access,,2020-07-07 00:00:00,True,Bihar
16b443e6-59ab-410a-a1b0-45ba9e4707bc,531,kamal.agarhary@doordash.com,Kamal Agarhary,guest,,2020-08-16 00:00:00,True,Bihar
4ecf4b04-cb0b-4cf4-8239-37890d5b0ac3,531,ashita.dube@doordash.com,Ashita Dube,limited_access,,2020-07-31 00:00:00,True,Bihar
5b1b3b01-2d8f-4775-a809-778d3144bec6,531,harsha.narayan@doordash.com,Harsha Narayan,guest,,2020-01-16 00:00:00,True,Bihar
c698be2c-b81f-4f09-b9da-51605aa48ed3,531,meenal.upadhyay@doordash.com,Meenal Upadhyay,member,,2020-06-18 00:00:00,True,Bihar
8dac48e4-0f9e-4d25-98f9-c00b16857456,531,gyanesh.harish@doordash.com,Gyanesh Harish,member,,2020-02-13 00:00:00,True,Bihar
953e16f2-665b-4a93-81fc-2763c968fbf1,531,aanchal.joshi@doordash.com,Aanchal Joshi,member,,2020-01-24 00:00:00,True,Bihar
5560bf41-692b-4a72-9f21-52fd7f2c0649,531,sagar.mallick@doordash.com,Sagar Mallick,admin,,2020-09-30 00:00:00,True,Bihar
2bc5ab98-c4cc-431d-b8f5-fd121057b869,531,pallita.bajpai@doordash.com,Pallita Bajpai,guest,,2020-08-05 00:00:00,True,Bihar
bc5fc952-77b4-4938-a031-e2c1399b4e91,531,rishabh.rajkatiyar@doordash.com,Rishabh RajKatiyar,guest,,2020-03-14 00:00:00,True,Bihar
fd9ef469-c187-42b7-aebb-ab650d575617,531,roshani.baran@doordash.com,Roshani Baran,admin,,2020-05-03 00:00:00,True,Bihar
e4b4fd26-af35-4374-ba83-a9c4b9dff2c9,531,shiv.dasgupta@doordash.com,Shiv Dasgupta,member,,2020-05-04 00:00:00,True,Bihar
660d9fc1-27b7-4a9f-8bb3-aa9ad02cd659,531,meenu.rajvanshi@doordash.com,Meenu Rajvanshi,admin,,2020-04-27 00:00:00,True,Bihar
30934cf5-a15d-4f1f-9a21-cf9bc83db95a,531,rakesh.tripathi@doordash.com,Rakesh Tripathi,admin,,2020-01-11 00:00:00,True,Bihar
a45a288d-f59f-49a5-98bb-9423f199d0b3,531,indira.rao@doordash.com,Indira Rao,member,,2020-02-02 00:00:00,True,Bihar
27d5806a-a328-4fc8-bdaf-ab4c88dfa530,531,piyush.das@doordash.com,Piyush Das,member,,2020-05-25 00:00:00,True,Bihar
c056ff0c-2611-4b00-a6e6-b0860b1e159e,531,shashwati.banerjee@doordash.com,Shashwati Banerjee,guest,,2020-05-07 00:00:00,True,Bihar
2b06ee95-422c-470e-a8fc-ac9a2828438b,531,naresh.dube@doordash.com,Naresh Dube,guest,,2020-01-03 00:00:00,True,Bihar
efac9fc5-af10-4ad3-8ab2-6bc109d0979a,531,hema.gaur@doordash.com,Hema Gaur,limited_access,,2020-12-29 00:00:00,True,Bihar
12d9881b-2982-42cc-81ab-e8ed13ef120a,531,ramanuj.joshi@doordash.com,Ramanuj Joshi,guest,,2020-07-08 00:00:00,True,Bihar
5d347f7e-983b-4b0d-a3ec-26d610deb4a4,531,gunjan.dhanraj@doordash.com,Gunjan Dhanraj,member,,2020-09-27 00:00:00,True,Bihar
8c709afc-bd17-4f9c-a6f6-12ec4751eb82,531,prashant.puri@doordash.com,Prashant Puri,limited_access,,2020-07-21 00:00:00,True,Bihar
5ec8626a-694c-4aea-849d-b62fd2aa7232,531,mridita.patil@doordash.com,Mridita Patil,admin,,2020-07-16 00:00:00,True,Bihar
acbe74dd-f9fa-4b18-a38a-8316f4d260b8,531,siddharth.rajiv@doordash.com,Siddharth Rajiv,member,,2020-12-16 00:00:00,True,Bihar
166c89b7-2c20-488f-833d-62f3cab00623,531,rajashree.das@doordash.com,Rajashree Das,member,,2020-06-24 00:00:00,True,Bihar
36098796-ca16-4c99-a00a-52a00052ec16,531,tanay.das@doordash.com,Tanay Das,admin,,2020-04-13 00:00:00,True,Bihar
86d076f3-8415-4c87-a20d-887583e224d1,531,divyata.dasgupta@doordash.com,Divyata Dasgupta,admin,,2020-04-15 00:00:00,True,Bihar
e236c5bb-a6e9-4da8-bdab-ab5507bffa24,531,pranav.agarhary@doordash.com,Pranav Agarhary,guest,,2020-02-04 00:00:00,True,Bihar
cce065a2-2507-41b5-b939-9e43221b76c6,531,bela.gautam@doordash.com,Bela Gautam,limited_access,,2020-09-13 00:00:00,True,Bihar
23f5bf18-ebbe-4bcf-a4ab-01d8fdce0e5b,531,durgesh.lal@doordash.com,Durgesh Lal,limited_access,,2020-10-19 00:00:00,True,Bihar
812a3c49-25ea-44e0-a252-8b37dc447cb2,531,pratibha.mandal@doordash.com,Pratibha Mandal,member,,2020-08-21 00:00:00,True,Bihar
fb2bd017-32c2-4b35-8612-91d790020927,531,pranav.choudhary@doordash.com,Pranav Choudhary,member,,2020-02-25 00:00:00,True,Bihar
fdfa8a3b-25eb-4ceb-9d3f-b21c490a4604,531,tripti.dube@doordash.com,Tripti Dube,limited_access,,2020-10-10 00:00:00,True,Bihar
262fe794-c816-4329-8f38-fb71fc4ebdb4,531,mukund.tiwari@doordash.com,Mukund Tiwari,guest,,2020-12-05 00:00:00,True,Bihar
44a6508c-db26-48c4-9d83-91bcf01dd5bb,531,rakshitha.dehri@doordash.com,Rakshitha Dehri,limited_access,,2020-01-13 00:00:00,True,Bihar
01c27edd-d92d-43bd-b42a-7e71f927c5fc,531,subhash.agarwal@doordash.com,Subhash Agarwal,member,,2020-12-11 00:00:00,True,Bihar
cd5ba654-69d1-4495-808f-45be2529080a,531,revati.yadav@doordash.com,Revati Yadav,limited_access,,2020-12-17 00:00:00,True,Bihar
2f010278-cc2c-478a-9b37-50ab01ca340e,531,neeraj.gupta@doordash.com,Neeraj Gupta,guest,,2020-12-21 00:00:00,True,Bihar
bc4aecf3-d890-4b8e-aa12-63221bef5a73,531,chandni.rajvanshi@doordash.com,Chandni Rajvanshi,guest,,2020-08-06 00:00:00,True,Bihar
66cc0505-469b-4033-ace5-02f7d0961787,531,gaurav.ghosh@doordash.com,Gaurav Ghosh,limited_access,,2020-10-20 00:00:00,True,Bihar
6b8d9cd7-90fc-4d38-8692-0fe944a4ce4c,531,meena.chitnis@doordash.com,Meena Chitnis,guest,,2020-12-23 00:00:00,True,Bihar
86e8c578-9969-4812-b22a-e6db73591fcf,531,rohan.srivastava@doordash.com,Rohan Srivastava,admin,,2020-10-21 00:00:00,True,Bihar
0e12778b-4967-44db-a009-4b4463476910,531,nabanita.babu@doordash.com,Nabanita Babu,limited_access,,2020-01-23 00:00:00,True,Bihar
54689e27-d53a-44f2-b8c9-da14240357b7,531,swarnim.kanjirath@doordash.com,Swarnim Kanjirath,limited_access,,2020-08-14 00:00:00,True,Bihar
d95e26dd-814f-44b9-ac00-ea09a34293ef,531,nidhi.prasad@doordash.com,Nidhi Prasad,admin,,2020-07-09 00:00:00,True,Bihar
5864a1af-2864-438a-9be2-f991a0260bc3,531,vrajendra.chakraborty@doordash.com,Vrajendra Chakraborty,guest,,2020-04-04 00:00:00,True,Bihar
89c79383-4176-4576-9142-46acb7b6b819,531,mansi.bharti@doordash.com,Mansi Bharti,admin,,2020-08-18 00:00:00,True,Bihar
2ebd99a4-e42e-4645-9ddd-c4b20487263b,531,chhaganlal.arora@doordash.com,Chhaganlal Arora,guest,,2020-06-08 00:00:00,True,Bihar
a496aa40-efbc-4db3-bba0-cea4a958cd39,531,pallita.nath@doordash.com,Pallita Nath,guest,,2020-02-18 00:00:00,True,Bihar
6186dcdf-5a36-4c27-a741-f1546cd6e6e3,531,jitesh.das@doordash.com,Jitesh Das,admin,,2020-05-09 00:00:00,True,Bihar
1ac111c8-7264-420f-8e6a-87a7fc42cf78,531,nandita.nirala@doordash.com,Nandita Nirala,guest,,2020-06-03 00:00:00,True,Bihar
9e97c1a3-1371-4466-bf69-f88b6b78a4bf,531,nand.kishorechawla@doordash.com,Nand Kishore Chawla,guest,,2020-07-29 00:00:00,True,Bihar
ebed1bdf-4110-44b5-a1cf-ad893abe7cfe,531,sujata.devi@doordash.com,Sujata Devi,admin,,2020-03-13 00:00:00,True,Bihar
90f2a643-49c9-47ed-8906-aece3eee9959,531,baleshwar.bhartiya@doordash.com,Baleshwar Bhartiya,guest,,2020-06-24 00:00:00,True,Bihar
95de09dc-ebb7-4c0f-8dc0-28d990ad46d4,531,lavita.babu@doordash.com,Lavita Babu,limited_access,,2020-01-08 00:00:00,True,Bihar
98cb102f-f3c6-4d37-a3de-c0847fca0545,531,keshar.babu@doordash.com,Keshar Babu,limited_access,,2020-02-03 00:00:00,True,Bihar
1c5ce0c3-934b-4549-96cf-7f99b72c01b9,531,janita.gautam@doordash.com,Janita Gautam,admin,,2020-06-04 00:00:00,True,Bihar
9bc38dd0-fe92-417a-9c83-1fa24eb26278,531,chetan.sahar@doordash.com,Chetan Sahar,limited_access,,2020-06-22 00:00:00,True,Bihar
afa58da2-dae8-4694-b2e0-e561551b75ac,531,pavitra.dey@doordash.com,Pavitra Dey,admin,,2020-11-24 00:00:00,True,Bihar
92632922-b85d-4508-9746-3bb2b375fba8,531,dhanesh.dasgupta@doordash.com,Dhanesh Dasgupta,admin,,2020-01-17 00:00:00,True,Bihar
ed6ac2f9-dcfc-47f9-8cda-7a34b879b906,531,mala.sahu@doordash.com,Mala Sahu,guest,,2020-06-18 00:00:00,True,Bihar
feeea168-e6db-43f5-9e7b-ca6195532807,531,mukesh.agarwal@doordash.com,Mukesh Agarwal,member,,2020-07-13 00:00:00,True,Bihar
fb758993-a4e7-4282-9c15-50062462a30e,531,seema.chitnis@doordash.com,Seema Chitnis,guest,,2020-05-12 00:00:00,True,Bihar
71679ced-c800-4976-9858-dbe21ba71b4c,531,saurabh.singh@doordash.com,Saurabh Singh,guest,,2020-08-07 00:00:00,True,Bihar
f6e5fdad-1743-475c-bd8d-9d8f3fe9e475,531,reena.lal@doordash.com,Reena Lal,member,,2020-10-04 00:00:00,True,Bihar
73a05044-0def-466a-b5cb-5bf11fed2d80,531,jaikishan.mandal@doordash.com,Jaikishan Mandal,guest,,2020-04-01 00:00:00,True,Bihar
30adc34a-f83b-4b6d-bca9-c27695deddcb,531,rina.saket@doordash.com,Rina Saket,limited_access,,2020-11-25 00:00:00,True,Bihar
8c1b037d-232e-4740-953a-e196c46d391f,531,jashvendra.bansal@doordash.com,Jashvendra Bansal,admin,,2020-08-29 00:00:00,True,Bihar
6d83202d-5fa2-43e3-a138-32aee803373d,531,divija.dutt@doordash.com,Divija Dutt,admin,,2020-07-24 00:00:00,True,Bihar
6c537e51-987e-460b-89cd-1333b2840337,531,charan.jha@doordash.com,Charan Jha,member,,2020-06-09 00:00:00,True,Bihar
f93ce61c-af59-43f7-a91c-b25b9034cfea,531,rupa.raaz@doordash.com,Rupa Raaz,guest,,2020-12-20 00:00:00,True,Bihar
59dee8ad-d800-4b5c-b367-0d91a1da3975,531,shubham.agarwal@doordash.com,Shubham Agarwal,member,,2020-06-24 00:00:00,True,Bihar
4dd9c695-1a30-4f5d-a781-660e80d61471,531,maithili.soni@doordash.com,Maithili Soni,limited_access,,2020-03-21 00:00:00,True,Bihar
47e2657c-b19a-48ad-a6e4-82f071ca903d,531,jayant.sahni@doordash.com,Jayant Sahni,member,,2020-06-17 00:00:00,True,Bihar
5f871ae5-6697-49e5-b511-919b995fedde,531,poornitha.mishra@doordash.com,Poornitha Mishra,member,,2020-10-02 00:00:00,True,Bihar
da15a991-ddaa-4fc7-9aa4-95658ba275e8,531,ramil.yadav@doordash.com,Ramil Yadav,member,,2020-06-21 00:00:00,True,Bihar
e0fa1711-c9a5-4ce8-8a4f-7e05363b57c6,531,maithili.agarhary@doordash.com,Maithili Agarhary,limited_access,,2020-03-16 00:00:00,True,Bihar
75fc6c44-74d8-4d27-b4d2-eecb0f410c7a,531,jeetendra.mallick@doordash.com,Jeetendra Mallick,admin,,2020-12-13 00:00:00,True,Bihar
64704ab3-2dd6-433d-8b04-d0ba0d6d6753,531,rituja.rajiv@doordash.com,Rituja Rajiv,member,,2020-03-09 00:00:00,True,Bihar
053a20fb-0d24-4b16-8a30-56e0b782590f,531,ranjit.srivastava@doordash.com,Ranjit Srivastava,guest,,2020-08-27 00:00:00,True,Bihar
a294866e-4ce1-45b3-a6c2-8a4bb2d2ecf4,531,roopa.rajvanshi@doordash.com,Roopa Rajvanshi,admin,,2020-08-06 00:00:00,True,Bihar
98aef9ed-9764-4b0d-9ba9-0b843b77b22f,531,chandrakant.sahoo@doordash.com,Chandrakant Sahoo,admin,,2020-03-18 00:00:00,True,Bihar
ea2349df-1f67-493d-b0ab-065b001ca157,531,divya.chauhan@doordash.com,Divya Chauhan,admin,,2020-08-02 00:00:00,True,Bihar
0e8b0c74-df72-4e18-9717-b89b7872590e,531,kartik.saket@doordash.com,Kartik Saket,admin,,2020-07-14 00:00:00,True,Bihar
28c75426-bee0-45d9-a188-72f8329fcb0d,531,bhavna.rao@doordash.com,Bhavna Rao,admin,,2020-08-27 00:00:00,True,Bihar
f2df7c66-d68f-4aed-ae6e-bd413bc55a65,531,bharatendra.malviya@doordash.com,Bharatendra Malviya,admin,,2020-06-10 00:00:00,True,Bihar
ed562dac-0a79-4c40-9947-d39fdf16571f,531,mishika.puri@doordash.com,Mishika Puri,limited_access,,2020-03-06 00:00:00,True,Bihar
2c9df8a3-d3d8-431c-81da-80245999807a,531,rameshwari.mahto@doordash.com,Rameshwari Mahto,member,,2020-07-12 00:00:00,True,Bihar
7007496d-74f2-42ca-b936-7e7f10a295b8,531,rishita.rajak@doordash.com,Rishita Rajak,member,,2020-12-07 00:00:00,True,Bihar
a9b88754-5dd3-425d-9176-5a6f2f4c1859,531,raghunandan.vishwakarma@doordash.com,Raghunandan Vishwakarma,limited_access,,2020-06-12 00:00:00,True,Bihar
c6cfa2bd-e69c-40fe-8dac-216f50991571,531,mamta.mehta@doordash.com,Mamta Mehta,admin,,2020-02-12 00:00:00,True,Bihar
edd942bd-8ea5-494d-bdbf-1e98e5eb8985,531,surendra.chauhan@doordash.com,Surendra Chauhan,admin,,2020-05-21 00:00:00,True,Bihar
f23f829f-fec5-42a7-8eec-2367de19ceb0,531,damini.soni@doordash.com,Damini Soni,guest,,2020-05-04 00:00:00,True,Bihar
b8d568ff-e334-4b17-8e0c-0464e6339c3a,531,akash.mehta@doordash.com,Akash Mehta,guest,,2020-08-30 00:00:00,True,Bihar
cd47e6a3-61f0-4689-825e-5aed45427c69,531,nalini.rajput@doordash.com,Nalini Rajput,member,,2020-09-03 00:00:00,True,Bihar
f8badb8c-8375-442d-a9e6-e8bf14b187c3,531,shivendra.banerjee@doordash.com,Shivendra Banerjee,limited_access,,2020-03-19 00:00:00,True,Bihar
5e0068fe-1d4c-4c72-a9de-fcb81bc75db5,531,himani.sahni@doordash.com,Himani Sahni,guest,,2020-07-22 00:00:00,True,Bihar
fd9ba7b5-d058-43b2-9367-cf47da839f4c,531,jagdish.patil@doordash.com,Jagdish Patil,guest,,2020-04-26 00:00:00,True,Bihar
ebcfb23c-56f6-43ef-8125-010c89d82b59,531,minal.koirala@doordash.com,Minal Koirala,limited_access,,2020-08-01 00:00:00,True,Bihar
36a156bf-d35f-40a4-a11d-2268707d132a,531,hariram.chawla@doordash.com,Hariram Chawla,admin,,2020-07-19 00:00:00,True,Bihar
1873ec77-e940-4abf-9175-9e3a635f5446,531,indu.rathi@doordash.com,Indu Rathi,limited_access,,2020-01-22 00:00:00,True,Bihar
33939a7c-66ff-42c4-ab22-ed7a7df231a4,531,ghanashyam.bhupendra@doordash.com,Ghanashyam Bhupendra,guest,,2020-12-23 00:00:00,True,Bihar
0ef2b663-1045-4e79-84fc-ef1cb78777d6,531,gitashree.satyendra@doordash.com,Gitashree Satyendra,member,,2020-02-20 00:00:00,True,Bihar
f4aaf2a0-8de6-4da4-878e-49dc0a2bcbef,531,dipankar.rao@doordash.com,Dipankar Rao,member,,2020-11-14 00:00:00,True,Bihar
af8b5c31-04fe-46bf-b010-83dcce4b9652,531,bimla.satyendra@doordash.com,Bimla Satyendra,limited_access,,2020-05-07 00:00:00,True,Bihar
af693f63-ef7a-44f1-a541-b49568635997,531,sudarshan.tripathi@doordash.com,Sudarshan Tripathi,limited_access,,2020-11-10 00:00:00,True,Bihar
3b9a2ec0-72c8-48c5-b017-bcf7c77ed59b,531,manorma.kumari@doordash.com,Manorma Kumari,admin,,2020-04-10 00:00:00,True,Bihar
65f098bf-2848-4a5e-820f-c3d372d3ef51,531,indrajit.prasad@doordash.com,Indrajit Prasad,limited_access,,2020-09-28 00:00:00,True,Bihar
53549c0a-67f1-4a91-af69-453d6ef1dbc6,531,vrinda.agrahari@doordash.com,Vrinda Agrahari,limited_access,,2020-07-06 00:00:00,True,Bihar
181ec9ad-9770-438a-a42f-f7e980fb5bd3,531,rahul.dasgupta@doordash.com,Rahul Dasgupta,member,,2020-06-04 00:00:00,True,Bihar
383e8994-698f-4db3-b29f-47ac347d9226,531,devika.ranjan@doordash.com,Devika Ranjan,guest,,2020-02-14 00:00:00,True,Bihar
63397e42-fddf-4cfb-ad06-77241177044d,531,indrajit.agarhary@doordash.com,Indrajit Agarhary,admin,,2020-04-21 00:00:00,True,Bihar
e97926fe-1e23-46f8-8edf-decf206b9454,531,purnima.rajak@doordash.com,Purnima Rajak,admin,,2020-08-27 00:00:00,True,Bihar
71286ef2-2bd6-40b2-ac8c-d5e556d30c2f,531,trilok.tiwari@doordash.com,Trilok Tiwari,member,,2020-12-14 00:00:00,True,Bihar
ab755ee3-0fc1-40d8-9800-7caa7890b4a8,531,ayesha.bhupendra@doordash.com,Ayesha Bhupendra,member,,2020-05-26 00:00:00,True,Bihar
55d6f779-998d-4908-914c-5d74d28838ab,531,prahlad.raaz@doordash.com,Prahlad Raaz,limited_access,,2020-04-27 00:00:00,True,Bihar
0b1d6022-14d3-4e4d-8473-1c03c1f6ba0f,531,indira.rajiv@doordash.com,Indira Rajiv,limited_access,,2020-11-01 00:00:00,True,Bihar
35cd7cf2-5f62-4388-9fae-dd697a329252,531,anil.rao@doordash.com,Anil Rao,limited_access,,2020-10-27 00:00:00,True,Bihar
58963ecf-0835-4803-bcde-1fd1edb78327,531,tanu.bhupendra@doordash.com,Tanu Bhupendra,member,,2020-02-10 00:00:00,True,Bihar
34f33d5a-82fa-49a8-aa5b-658a21b21113,531,harihar.dutt@doordash.com,Harihar Dutt,limited_access,,2020-11-12 00:00:00,True,Bihar
be3104a8-6c0c-4df8-b58a-d145315aef99,531,subhi.kanjirath@doordash.com,Subhi Kanjirath,limited_access,,2020-06-13 00:00:00,True,Bihar
60826371-27c7-48f7-8fc8-3a46035aaf4a,531,shubhendra.banerjee@doordash.com,Shubhendra Banerjee,admin,,2020-03-24 00:00:00,True,Bihar
2c167af0-fb5b-4191-b85c-4ac44aa6659c,531,bindiya.chhattis@doordash.com,Bindiya Chhattis,member,,2020-02-14 00:00:00,True,Bihar
2f1cc3e5-d406-4843-ab9c-3eabd1b5dbd6,531,somesh.bajpai@doordash.com,Somesh Bajpai,guest,,2020-01-13 00:00:00,True,Bihar
7b21c13b-3d98-44b8-84b8-9c9ea6f097fa,531,abhilasha.lal@doordash.com,Abhilasha Lal,guest,,2020-01-10 00:00:00,True,Bihar
1b1069b8-09fa-4327-8801-38f9b2449ed2,531,saroj.ganguly@doordash.com,Saroj Ganguly,member,,2020-05-21 00:00:00,True,Bihar
87e949a0-9daa-41d4-9891-737f7d4ed94f,531,manisha.chhattis@doordash.com,Manisha Chhattis,member,,2020-11-07 00:00:00,True,Bihar
dcb3e170-d9b5-4125-a03e-5564d9a3ff9f,531,piyush.pandey@doordash.com,Piyush Pandey,member,,2020-05-10 00:00:00,True,Bihar
50cce2b6-d802-407e-886e-d58a6b159cf8,531,nirmitha.srivastava@doordash.com,Nirmitha Srivastava,admin,,2020-12-24 00:00:00,True,Bihar
1793cbed-cd4a-47ee-9fa3-f0861d8ddef6,531,trilok.bhartiya@doordash.com,Trilok Bhartiya,member,,2020-01-13 00:00:00,True,Bihar
a7defde0-6488-46f9-9c31-3411f037c895,531,champa.mandal@doordash.com,Champa Mandal,member,,2020-06-13 00:00:00,True,Bihar
978ab025-8b69-4c8b-bf38-246c2a9bd401,531,rajbir.mallick@doordash.com,Rajbir Mallick,guest,,2020-03-21 00:00:00,True,Bihar
30c36145-c5cf-4340-a8af-5d363bae3107,531,bimla.rajak@doordash.com,Bimla Rajak,limited_access,,2020-05-27 00:00:00,True,Bihar
e99a4dd1-82ef-406f-92cf-df9ed7d8be90,531,omprakash.rao@doordash.com,Omprakash Rao,member,,2020-09-21 00:00:00,True,Bihar
5101673d-1103-4a3f-a4b7-256617ddccfd,531,nidhi.mandal@doordash.com,Nidhi Mandal,guest,,2020-09-09 00:00:00,True,Bihar
51056e35-2958-45c0-8afe-ca4f0e680596,531,bachan.arya@doordash.com,Bachan Arya,member,,2020-12-13 00:00:00,True,Bihar
4d26c7b3-d2f1-4081-a73c-03fa242f61b6,531,asmitha.kumari@doordash.com,Asmitha Kumari,guest,,2020-11-02 00:00:00,True,Bihar
b59d981b-3a2c-428f-b07c-e0067eacb072,531,sandeepan.nirala@doordash.com,Sandeepan Nirala,limited_access,,2020-12-28 00:00:00,True,Bihar
14a702ee-ecf0-4fea-af07-5dcbbac2dc6a,531,parul.lal@doordash.com,Parul Lal,admin,,2020-09-07 00:00:00,True,Bihar
b2851e79-5eef-4ad0-8ee7-3767eef20f88,531,rohit.kumar@doordash.com,Rohit Kumar,limited_access,,2020-03-24 00:00:00,True,Bihar
a07860ac-a56d-415e-915d-f4bf51675ebb,531,farida.yadav@doordash.com,Farida Yadav,limited_access,,2020-09-18 00:00:00,True,Bihar
0314ed52-ea75-47c3-9446-121ffb534e32,531,sunil.tiwari@doordash.com,Sunil Tiwari,member,,2020-09-07 00:00:00,True,Bihar
70a19d3f-1e3d-4fcd-8a23-f0333bbd1c7b,531,aaloka.chaudhary@doordash.com,Aaloka Chaudhary,limited_access,,2020-06-12 00:00:00,True,Bihar
392bc295-4d03-4900-be9e-8181f3763a0f,531,babulal.pathak@doordash.com,Babulal Pathak,guest,,2020-08-31 00:00:00,True,Bihar
cc985df6-cb38-450e-a5dd-1dc7ac8aa9b5,531,nalini.chakraborty@doordash.com,Nalini Chakraborty,limited_access,,2020-07-16 00:00:00,True,Bihar
3df690a9-71e2-4a9d-848e-7c9422100cdd,531,rohan.soni@doordash.com,Rohan Soni,admin,,2020-05-26 00:00:00,True,Bihar
7dbff030-a9ef-4496-9216-f5c3dbac8328,531,sanjukta.bihari@doordash.com,Sanjukta Bihari,admin,,2020-11-23 00:00:00,True,Bihar
12f0729f-711f-4729-b044-b802b75a8e46,531,bindeshwar.rajeshwar@doordash.com,Bindeshwar Rajeshwar,member,,2020-08-23 00:00:00,True,Bihar
bc90f48f-b45e-43cf-a2fb-7515f8eb7338,531,bhagyashree.yadunandan@doordash.com,Bhagyashree Yadunandan,guest,,2020-11-16 00:00:00,True,Bihar
7eb99247-7b1d-49bf-85f8-9959d5b492f3,531,jagat.pandey@doordash.com,Jagat Pandey,member,,2020-08-04 00:00:00,True,Bihar
433491d6-b57d-4115-b6e8-9b642a89eb19,531,shabana.tripathi@doordash.com,Shabana Tripathi,admin,,2020-12-26 00:00:00,True,Bihar
e3e23364-a4be-49b0-87a9-b417af60b73c,531,omveer.thakur@doordash.com,Omveer Thakur,guest,,2020-12-05 00:00:00,True,Bihar
8fed5e42-5372-423d-a99e-fc67332537eb,531,shashwati.ranjan@doordash.com,Shashwati Ranjan,guest,,2020-02-19 00:00:00,True,Bihar
bab67998-9594-4bd1-ba4f-cbc0578d0a48,531,gajendra.chauhan@doordash.com,Gajendra Chauhan,guest,,2020-01-30 00:00:00,True,Bihar
f26a367b-5673-476b-83aa-4943f41947d5,531,bharti.vats@doordash.com,Bharti Vats,admin,,2020-10-26 00:00:00,True,Bihar
bbc653a1-5846-441b-9a68-88f46dc24c2c,531,ravi.bharti@doordash.com,Ravi Bharti,guest,,2020-03-08 00:00:00,True,Bihar
96cd2b51-6c30-4773-82b7-581f54b4e246,531,yashitha.banerjee@doordash.com,Yashitha Banerjee,guest,,2020-08-11 00:00:00,True,Bihar
8a9034f2-f68d-4b0a-a01c-9dafb83551e5,531,vaibhav.puri@doordash.com,Vaibhav Puri,admin,,2020-07-28 00:00:00,True,Bihar
8c25c091-32d5-4c58-8018-6a82fabd7d62,531,karishma.malviya@doordash.com,Karishma Malviya,guest,,2020-09-09 00:00:00,True,Bihar
3a6bb044-3f2f-42f8-a4f4-d7c5c2ec0fb9,531,vishwa.rajput@doordash.com,Vishwa Rajput,member,,2020-05-09 00:00:00,True,Bihar
914a1dab-d0b5-4ff4-abe6-a02cc9769447,531,kusumlata.mallick@doordash.com,Kusumlata Mallick,limited_access,,2020-08-03 00:00:00,True,Bihar
4808429f-5441-4590-ac8c-0ef265a5ac8b,531,jagmohan.mallick@doordash.com,Jagmohan Mallick,admin,,2020-11-10 00:00:00,True,Bihar
5a1f9ec4-c8c9-49fd-a033-08cec713c7c1,531,prisha.bajpai@doordash.com,Prisha Bajpai,member,,2020-02-12 00:00:00,True,Bihar
e9eaeeee-ba0c-4cc9-b9d3-671d981729cb,531,dilip.das@doordash.com,Dilip Das,limited_access,,2020-01-29 00:00:00,True,Bihar
00329f15-2620-42e1-94c7-d999b1cfb46b,531,mamta.rathi@doordash.com,Mamta Rathi,limited_access,,2020-09-21 00:00:00,True,Bihar
ca6869ea-9b9c-41c8-ab91-73814eeab893,531,pankaj.rajeshwar@doordash.com,Pankaj Rajeshwar,guest,,2020-03-16 00:00:00,True,Bihar
910e4d44-c1c0-4287-90ae-9835b269ef7e,531,aparna.sharma@doordash.com,Aparna Sharma,member,,2020-06-08 00:00:00,True,Bihar
0330d838-af21-4524-b8cd-480e89d9d53b,531,vishal.anjaria@doordash.com,Vishal Anjaria,guest,,2020-05-07 00:00:00,True,Bihar
191a4dd7-a19d-424e-a2ce-70df9c7c73a3,531,chhandita.jha@doordash.com,Chhandita Jha,member,,2020-03-25 00:00:00,True,Bihar
afc1df3b-d41f-476d-91a4-2a9023c5e7ee,531,udayan.pandey@doordash.com,Udayan Pandey,member,,2020-12-24 00:00:00,True,Bihar
7064728c-bf0d-44b6-9739-73eff709b628,531,aabha.rajeshwar@doordash.com,Aabha Rajeshwar,guest,,2020-02-18 00:00:00,True,Bihar
cfe2c482-899e-4d29-bc30-d5ca52bc73ad,531,subhankar.chitnis@doordash.com,Subhankar Chitnis,admin,,2020-08-30 00:00:00,True,Bihar
e9002add-ca32-4694-9bb2-9c45ac32e5bf,531,yamini.upadhyay@doordash.com,Yamini Upadhyay,admin,,2020-07-10 00:00:00,True,Bihar
84d7031e-4cc2-497b-ad25-a831a96ff698,531,aniket.kumar@doordash.com,Aniket Kumar,limited_access,,2020-03-04 00:00:00,True,Bihar
dba0cbaf-5b79-48b3-8326-df25af51e171,531,sneha.nath@doordash.com,Sneha Nath,guest,,2020-07-21 00:00:00,True,Bihar
3439d35b-61f0-4d0b-a21a-146772d7206f,531,achyut.singh@doordash.com,Achyut Singh,guest,,2020-06-20 00:00:00,True,Bihar
8e578bd5-1dcf-409a-8269-4b6e3a3100bb,531,arpita.kanjirath@doordash.com,Arpita Kanjirath,admin,,2020-03-18 00:00:00,True,Bihar
c5a1c141-3d97-4e75-872e-eee8e07be49f,531,ashvath.rajvanshi@doordash.com,Ashvath Rajvanshi,limited_access,,2020-03-12 00:00:00,True,Bihar
253a5590-a172-4c7a-a592-b1d31fd4e0f6,531,damini.dey@doordash.com,Damini Dey,admin,,2020-01-18 00:00:00,True,Bihar
76b2c1cf-d496-47ca-b026-2daa864ebe2e,531,shankar.kanjirath@doordash.com,Shankar Kanjirath,guest,,2020-11-14 00:00:00,True,Bihar
b880e672-c83b-4642-9867-00d76c851aed,531,tanu.mandal@doordash.com,Tanu Mandal,guest,,2020-02-28 00:00:00,True,Bihar
a2684495-5886-4e47-a866-f44bcf9e8365,531,mandar.arora@doordash.com,Mandar Arora,admin,,2020-04-10 00:00:00,True,Bihar
2219240a-4e79-472e-a693-82c7456ecd46,531,anshi.chitnis@doordash.com,Anshi Chitnis,guest,,2020-09-12 00:00:00,True,Bihar
cf91cb32-05c0-4b9b-8184-f24dca2f5683,531,dilip.roy@doordash.com,Dilip Roy,limited_access,,2020-01-21 00:00:00,True,Bihar
da726a7b-f95f-469f-ba09-35ca900e00d0,531,savitri.bhupendra@doordash.com,Savitri Bhupendra,limited_access,,2020-11-01 00:00:00,True,Bihar
2a4138f9-7c22-4600-a003-8f19de0f746f,531,nabin.nirala@doordash.com,Nabin Nirala,limited_access,,2020-07-16 00:00:00,True,Bihar
d19fb7b4-1304-460c-8c46-3ac9466671a4,531,divya.puri@doordash.com,Divya Puri,limited_access,,2020-03-15 00:00:00,True,Bihar
f551a497-8360-44a8-9745-a0882e0c8f84,531,shankar.prasadrajak@doordash.com,Shankar Prasad Rajak,admin,,2020-12-28 00:00:00,True,Bihar
f0718a28-498c-4508-9548-82f829a27613,531,lata.chauhan@doordash.com,Lata Chauhan,member,,2020-09-15 00:00:00,True,Bihar
3b5559f4-ba38-4ad8-b175-e07e7482b088,531,mohan.arya@doordash.com,Mohan Arya,admin,,2020-10-13 00:00:00,True,Bihar
7e0c559c-7118-42dc-8152-7ff6c03e0580,531,laxmibai.ghosh@doordash.com,Laxmibai Ghosh,limited_access,,2020-11-21 00:00:00,True,Bihar
7935d28a-847e-4618-aeb3-edf3ccabf363,531,kamal.bhartiya@doordash.com,Kamal Bhartiya,member,,2020-06-09 00:00:00,True,Bihar
7b04208f-7959-445d-a307-c97ef452ee6d,531,adarsha.sahoo@doordash.com,Adarsha Sahoo,guest,,2020-01-12 00:00:00,True,Bihar
57f15d92-02d2-4e98-8c9e-b4ed3c49aff4,531,niranjan.sahar@doordash.com,Niranjan Sahar,admin,,2020-01-26 00:00:00,True,Bihar
b9c18b2c-0235-4d55-ac96-53f8d52f735e,531,laxmi.malviya@doordash.com,Laxmi Malviya,limited_access,,2020-11-20 00:00:00,True,Bihar
0f7c5374-9b1e-4109-9681-b4fb265afa09,531,vishvajit.vishwakarma@doordash.com,Vishvajit Vishwakarma,member,,2020-10-02 00:00:00,True,Bihar
98f6e47c-4029-4f46-a70e-33085de3f24c,531,divyata.dey@doordash.com,Divyata Dey,limited_access,,2020-01-03 00:00:00,True,Bihar
748ec768-4c73-4de7-82f2-3606a6f21cc0,531,sitaram.gupta@doordash.com,Sitaram Gupta,admin,,2020-04-21 00:00:00,True,Bihar
2f94270b-4146-4f63-ae25-c78502bc97b5,531,lavita.bhupendra@doordash.com,Lavita Bhupendra,admin,,2020-04-09 00:00:00,True,Bihar
7cc82280-5bc1-46fb-a58d-6c8611ab57a5,531,lalji.rajak@doordash.com,Lalji Rajak,admin,,2020-10-20 00:00:00,True,Bihar
45c11e2e-3073-4a72-9690-c5c85f4cf8db,531,bhanumati.tripathi@doordash.com,Bhanumati Tripathi,limited_access,,2020-11-06 00:00:00,True,Bihar
3981625d-9294-4a75-82da-3c7bad6992ad,531,punit.roy@doordash.com,Punit Roy,member,,2020-09-15 00:00:00,True,Bihar
1f9a33e1-23dc-490c-ab6f-7323b4ad103e,531,meenakshi.gaur@doordash.com,Meenakshi Gaur,admin,,2020-01-06 00:00:00,True,Bihar
14752fbe-01cc-49ab-bb76-60a5e6922e23,531,manish.katju@doordash.com,Manish Katju,guest,,2020-03-31 00:00:00,True,Jammu & Kashmir
e4f380ac-8545-45a3-b766-a50f49182d74,531,sachin.kachru@doordash.com,Sachin Kachru,member,,2020-10-03 00:00:00,True,Jammu & Kashmir
3113e1c8-f091-4ad0-9d7e-8671e1831197,531,aaditya.gurtu@doordash.com,Aaditya Gurtu,guest,,2020-02-01 00:00:00,True,Jammu & Kashmir
42713e24-ab01-4a0c-bb30-d232a727e8d0,531,shekhar.munshi@doordash.com,Shekhar Munshi,guest,,2020-12-18 00:00:00,True,Jammu & Kashmir
52119e9a-4711-4445-ab99-4e4a086c2cf6,531,govind.safaya@doordash.com,Govind Safaya,guest,,2020-11-03 00:00:00,True,Jammu & Kashmir
dce72503-693c-4b3e-b21a-9571477e2149,531,manish.ramanuj@doordash.com,Manish Ramanuj,limited_access,,2020-12-11 00:00:00,True,Jammu & Kashmir
71739059-a85c-4dd0-bcba-fa0cf37df028,531,shekhar.magotra@doordash.com,Shekhar Magotra,admin,,2020-09-26 00:00:00,True,Jammu & Kashmir
c6d70746-b949-4062-83bb-f08847b049bc,531,omkar.wazir@doordash.com,Omkar Wazir,member,,2020-04-16 00:00:00,True,Jammu & Kashmir
ab00259f-501c-433c-9512-b8ef3d2393d5,531,dhananjay.bamzai@doordash.com,Dhananjay Bamzai,member,,2020-06-11 00:00:00,True,Jammu & Kashmir
8c4f0f5e-5177-4ca9-aac2-5ab8a3aae3db,531,hemant.pandit@doordash.com,Hemant Pandit,admin,,2020-05-31 00:00:00,True,Jammu & Kashmir
54e73d22-7c9d-4356-a7d6-e8d5bd9b9a77,531,ankit.mushran@doordash.com,Ankit Mushran,guest,,2020-10-04 00:00:00,True,Jammu & Kashmir
06616de3-4133-4dcc-ad91-6221b464d06a,531,nikhil.saproo@doordash.com,Nikhil Saproo,limited_access,,2020-07-13 00:00:00,True,Jammu & Kashmir
d9406f05-adb9-4620-9f30-7876399f3220,531,dinesh.wazir@doordash.com,Dinesh Wazir,guest,,2020-07-10 00:00:00,True,Jammu & Kashmir
e5644b65-d5d8-4297-b552-e89b88e008a2,531,alok.khar@doordash.com,Alok Khar,guest,,2020-09-30 00:00:00,True,Jammu & Kashmir
f6eb110e-2e1f-4d0e-9cba-59cece15a830,531,dev.rainu@doordash.com,Dev Rainu,limited_access,,2020-11-09 00:00:00,True,Jammu & Kashmir
f06aa7ce-81bf-4cf0-8f2b-260f0dd03047,531,jitendra.ganju@doordash.com,Jitendra Ganju,admin,,2020-08-06 00:00:00,True,Jammu & Kashmir
12d5afed-cabc-4fce-9476-5d0d6cd46d1e,531,dhananjay.reu@doordash.com,Dhananjay Reu,limited_access,,2020-05-05 00:00:00,True,Jammu & Kashmir
d432b9df-467c-4668-868f-1f749de57d15,531,parmesh.haksar@doordash.com,Parmesh Haksar,guest,,2020-03-31 00:00:00,True,Jammu & Kashmir
7076e7ae-3b86-47c5-9628-1a6bef53527e,531,sarat.sondhi@doordash.com,Sarat Sondhi,member,,2020-02-15 00:00:00,True,Jammu & Kashmir
2003295f-d1dd-4e10-9cd2-19937fc1b943,531,rajiv.bhat@doordash.com,Rajiv Bhat,admin,,2020-10-26 00:00:00,True,Jammu & Kashmir
27e8f85c-0f3c-4749-a573-3a3099f2c685,531,abhinav.bamzai@doordash.com,Abhinav Bamzai,limited_access,,2020-01-19 00:00:00,True,Jammu & Kashmir
a43c1286-b57d-4283-adcb-afd44b34c24c,531,balraj.sondhi@doordash.com,Balraj Sondhi,member,,2020-06-07 00:00:00,True,Jammu & Kashmir
904702b1-d23e-4cbb-bd3a-fe583e1bcf7d,531,pankaj.dulloo@doordash.com,Pankaj Dulloo,guest,,2020-03-10 00:00:00,True,Jammu & Kashmir
c101d6db-20f3-44bd-8012-5187070b34f7,531,ajay.handoo@doordash.com,Ajay Handoo,admin,,2020-12-08 00:00:00,True,Jammu & Kashmir
8a932cfb-e1d1-400d-a387-df4181397fb9,531,rohit.zadoo@doordash.com,Rohit Zadoo,member,,2020-12-23 00:00:00,True,Jammu & Kashmir
09c94faa-1581-491f-b39c-1b74dab0f773,531,kartik.nadru@doordash.com,Kartik Nadru,admin,,2020-07-02 00:00:00,True,Jammu & Kashmir
bbef1a1e-ae58-49d6-aa85-66408f579cb9,531,ramesh.taimini@doordash.com,Ramesh Taimini,member,,2020-08-10 00:00:00,True,Jammu & Kashmir
544d32ab-f0b4-4fdc-808b-f702f26b7338,531,jai.sondhi@doordash.com,Jai Sondhi,guest,,2020-04-16 00:00:00,True,Jammu & Kashmir
fee7f454-537c-450d-9413-e6beebcbee1a,531,prashant.teng@doordash.com,Prashant Teng,admin,,2020-07-02 00:00:00,True,Jammu & Kashmir
602344bb-e1b2-4a1f-b611-4a008852dbb9,531,prakash.dar@doordash.com,Prakash Dar,guest,,2020-08-19 00:00:00,True,Jammu & Kashmir
7ece07c6-b4aa-4edf-a8a8-0d969af2dbd3,531,vaibhav.yachh@doordash.com,Vaibhav Yachh,limited_access,,2020-04-05 00:00:00,True,Jammu & Kashmir
fd358358-580c-41bf-8c41-77352ff84a03,531,ravi.sapru@doordash.com,Ravi Sapru,guest,,2020-10-30 00:00:00,True,Jammu & Kashmir
d105a2b1-fc68-448d-8b75-756b4c85a112,531,chander.nehr@doordash.com,Chander Nehr,limited_access,,2020-08-11 00:00:00,True,Jammu & Kashmir
f9a2a3d6-e9df-413c-9e48-c96a440cbbaf,531,anupam.kaak@doordash.com,Anupam Kaak,guest,,2020-03-21 00:00:00,True,Jammu & Kashmir
deee9f46-05a5-483f-af69-f249ca3c9d04,531,vineet.kachru@doordash.com,Vineet Kachru,member,,2020-02-21 00:00:00,True,Jammu & Kashmir
2ed56a0d-5a93-4910-94a9-cae91d688aad,531,avinash.katru@doordash.com,Avinash Katru,admin,,2020-06-03 00:00:00,True,Jammu & Kashmir
adcf8523-c999-455e-bf51-2d66ccc6983c,531,shridhar.nadru@doordash.com,Shridhar Nadru,guest,,2020-01-14 00:00:00,True,Jammu & Kashmir
2865e050-e9e1-4e4e-a61c-8bb0cbf5cfbd,531,dinesh.razdan@doordash.com,Dinesh Razdan,admin,,2020-09-29 00:00:00,True,Jammu & Kashmir
77606a45-e160-4ad3-b1e5-a3086b524fab,531,trilok.koul@doordash.com,Trilok Koul,admin,,2020-11-07 00:00:00,True,Jammu & Kashmir
a594f2a8-9b06-46bc-9636-dde1f8be25c9,531,kamal.katru@doordash.com,Kamal Katru,guest,,2020-03-27 00:00:00,True,Jammu & Kashmir
2e8c20fc-656f-49e5-86b4-d0c4a9876736,531,lalit.gadroo@doordash.com,Lalit Gadroo,member,,2020-09-29 00:00:00,True,Jammu & Kashmir
b67aa614-e055-4f00-ad74-76df8d846a7b,531,bharat.kalra@doordash.com,Bharat Kalra,limited_access,,2020-11-16 00:00:00,True,Jammu & Kashmir
70247bb2-1854-4e58-bc5a-ca3a5e5c4800,531,shekhar.karihaloo@doordash.com,Shekhar Karihaloo,guest,,2020-08-07 00:00:00,True,Jammu & Kashmir
4bdd7618-fa4c-45e6-8664-eee39b37658a,531,madan.karihaloo@doordash.com,Madan Karihaloo,admin,,2020-05-16 00:00:00,True,Jammu & Kashmir
0cda1075-1fd6-4811-8e00-94f0968f89c0,531,jai.pandita@doordash.com,Jai Pandita,guest,,2020-05-11 00:00:00,True,Jammu & Kashmir
582933ac-fe9d-42e3-acb8-50cd02f3b218,531,shekhar.kaak@doordash.com,Shekhar Kaak,admin,,2020-08-06 00:00:00,True,Jammu & Kashmir
14386921-9b1b-4ce4-b73b-ac02675e1c74,531,amit.munshi@doordash.com,Amit Munshi,guest,,2020-09-10 00:00:00,True,Jammu & Kashmir
e5de0a86-5fff-48ef-8d5d-7859a7c41410,531,chetan.jalali@doordash.com,Chetan Jalali,limited_access,,2020-10-30 00:00:00,True,Jammu & Kashmir
985b7986-d12f-424b-9f21-1dd89f677eb5,531,tej.dhar@doordash.com,Tej Dhar,admin,,2020-12-20 00:00:00,True,Jammu & Kashmir
5fbf9229-5359-4a63-b718-c0c9fc6c0b1d,531,karma.yangzom@doordash.com,Karma Yangzom,admin,,2020-05-30 00:00:00,True,Jammu & Kashmir
a4d4780e-561f-4d47-80b2-4233ab55ec49,531,namgyal.kelden@doordash.com,Namgyal Kelden,member,,2020-03-14 00:00:00,True,Jammu & Kashmir
49bf0fee-d9fc-4c14-b325-abdb5eb4c7c3,531,lama.momo@doordash.com,Lama Momo,admin,,2020-09-01 00:00:00,True,Jammu & Kashmir
b6698333-3a2e-4217-b5f6-422d63ec955e,531,tsewang.dorji@doordash.com,Tsewang Dorji,member,,2020-06-27 00:00:00,True,Jammu & Kashmir
9cc073ad-0661-482d-b0af-76b2942de0d6,531,karma.wangpo@doordash.com,Karma Wangpo,member,,2020-09-23 00:00:00,True,Jammu & Kashmir
a182c4f5-bdb8-46ad-b629-ce1c2bd2fc2d,531,lobsang.tsenpo@doordash.com,Lobsang Tsenpo,limited_access,,2020-03-14 00:00:00,True,Jammu & Kashmir
4455a476-47c7-42e8-94dc-63fad65f5300,531,phuntsok.sangpo@doordash.com,Phuntsok Sangpo,admin,,2020-01-17 00:00:00,True,Jammu & Kashmir
c9b76a9d-eda2-4afa-8409-2ec4816df17f,531,tsering.shambu@doordash.com,Tsering Shambu,admin,,2020-06-26 00:00:00,True,Jammu & Kashmir
a6220fe6-9570-417f-886c-5a7a13891751,531,tenzin.tsewang@doordash.com,Tenzin Tsewang,guest,,2020-06-16 00:00:00,True,Jammu & Kashmir
2d9945e0-4c02-4986-a3a6-8d2d7b87850e,531,karma.yangchen@doordash.com,Karma Yangchen,member,,2020-01-06 00:00:00,True,Jammu & Kashmir
242b1281-9157-44b7-9f95-8554a9949893,531,namgyal.sungmo@doordash.com,Namgyal Sungmo,admin,,2020-12-19 00:00:00,True,Jammu & Kashmir
d9920793-9c2a-48e1-973f-c17dd776efb7,531,rinchen.sungmo@doordash.com,Rinchen Sungmo,limited_access,,2020-05-18 00:00:00,True,Jammu & Kashmir
e897101e-2bb6-459f-a08b-752ce519d79c,531,rinchen.dawa@doordash.com,Rinchen Dawa,admin,,2020-03-23 00:00:00,True,Jammu & Kashmir
bc5e8382-d8e6-4783-acc9-58270946d752,531,sangay.karma@doordash.com,Sangay Karma,limited_access,,2020-03-20 00:00:00,True,Jammu & Kashmir
d70760de-7a37-49dc-aa40-48d2c277f52f,531,dorje.rinchen@doordash.com,Dorje Rinchen,limited_access,,2020-11-11 00:00:00,True,Jammu & Kashmir
228bb255-1962-4749-9484-a0b2cedc33af,531,tenzin.ngawang@doordash.com,Tenzin Ngawang,member,,2020-12-27 00:00:00,True,Jammu & Kashmir
c7fec915-ecc7-48da-868e-58ac151b5b70,531,palden.sangay@doordash.com,Palden Sangay,admin,,2020-11-11 00:00:00,True,Jammu & Kashmir
c48251ad-7319-4b45-9add-4392aa1dc152,531,phurpa.tenzing@doordash.com,Phurpa Tenzing,limited_access,,2020-12-21 00:00:00,True,Jammu & Kashmir
78a11a77-198e-4cd0-a487-e9f2975b98ce,531,karma.sharma@doordash.com,Karma Sharma,member,,2020-08-17 00:00:00,True,Jammu & Kashmir
1c0fc9c5-8dd1-4317-af92-a3313c4efb27,531,tshering.jigdral@doordash.com,Tshering Jigdral,admin,,2020-02-16 00:00:00,True,Jammu & Kashmir
0af6284d-7eb5-4be0-8e25-c39e09c20e74,531,tshering.jampa@doordash.com,Tshering Jampa,admin,,2020-01-31 00:00:00,True,Jammu & Kashmir
d1a887b1-1245-439c-be52-845746247d60,531,phurpa.palden@doordash.com,Phurpa Palden,guest,,2020-06-08 00:00:00,True,Jammu & Kashmir
10e27eef-9add-46e1-bff0-abc5df884808,531,kalsang.tashong@doordash.com,Kalsang Tashong,admin,,2020-03-27 00:00:00,True,Jammu & Kashmir
62f33a94-ca58-495a-bbdd-3dc8cee20f97,531,sangpo.norbu@doordash.com,Sangpo Norbu,guest,,2020-06-14 00:00:00,True,Jammu & Kashmir
f81141cf-8371-42ac-b465-678edb312f39,531,dorje.wangpo@doordash.com,Dorje Wangpo,limited_access,,2020-08-19 00:00:00,True,Jammu & Kashmir
2f474da1-ea52-4488-b2bf-63beddf5e30e,531,tshering.phunzo@doordash.com,Tshering Phunzo,guest,,2020-12-11 00:00:00,True,Jammu & Kashmir
b09aeb84-b241-4711-bbc7-441ad348ab2d,531,namgyal.lhagyari@doordash.com,Namgyal Lhagyari,member,,2020-10-31 00:00:00,True,Jammu & Kashmir
13b1bfe3-f782-4647-92e3-81478ce0d138,531,dorje.jigdral@doordash.com,Dorje Jigdral,guest,,2020-04-14 00:00:00,True,Jammu & Kashmir
ce618962-826f-4029-b5f0-4236a5042873,531,sangpo.chawang@doordash.com,Sangpo Chawang,guest,,2020-11-06 00:00:00,True,Jammu & Kashmir
4263e5d3-d09b-4bd4-b0a2-be90ebe8b8e3,531,tenzin.gyelpo@doordash.com,Tenzin Gyelpo,limited_access,,2020-05-29 00:00:00,True,Jammu & Kashmir
ff90a0b6-ac7d-41b5-9390-5e7819a12f4e,531,tenzin.wangchuk@doordash.com,Tenzin Wangchuk,guest,,2020-06-16 00:00:00,True,Jammu & Kashmir
dc2913b7-5c81-4940-9934-9f697eb73b5a,531,tshering.yangzom@doordash.com,Tshering Yangzom,guest,,2020-11-09 00:00:00,True,Jammu & Kashmir
88adb5a5-03e6-4d93-9760-c0346c2c08ac,531,namgyal.gyalmo@doordash.com,Namgyal Gyalmo,member,,2020-05-25 00:00:00,True,Jammu & Kashmir
2d0d23eb-0ee9-4646-9ffd-e77975e409c0,531,kalsang.phurba@doordash.com,Kalsang Phurba,guest,,2020-02-21 00:00:00,True,Jammu & Kashmir
0abcb69c-6c32-4af8-a59c-5bb477b50f08,531,lama.tshering@doordash.com,Lama Tshering,member,,2020-03-14 00:00:00,True,Jammu & Kashmir
4527bc6d-9794-4da1-94f6-61f0ff5276f7,531,kalsang.choden@doordash.com,Kalsang Choden,admin,,2020-06-18 00:00:00,True,Jammu & Kashmir
200c39c0-55f8-4b31-b62b-4898b61779d0,531,tsering.tashi@doordash.com,Tsering Tashi,admin,,2020-02-25 00:00:00,True,Jammu & Kashmir
9a753c6c-4104-44a5-9446-a447f8192a89,531,kundun.namdrol@doordash.com,Kundun Namdrol,guest,,2020-08-01 00:00:00,True,Jammu & Kashmir
3b4dae74-ea41-49ff-91fc-56a65b8a1c62,531,yeshe.tenzing@doordash.com,Yeshe Tenzing,member,,2020-08-06 00:00:00,True,Jammu & Kashmir
2f1dfbe6-2703-4f7e-9953-c9159c37a6eb,531,yeshe.gyalpo@doordash.com,Yeshe Gyalpo,member,,2020-04-25 00:00:00,True,Jammu & Kashmir
50225260-5e47-4c8e-bb7e-1a0e33842782,531,rinchen.choden@doordash.com,Rinchen Choden,admin,,2020-11-16 00:00:00,True,Jammu & Kashmir
fff40167-bcd1-4b8f-9791-50892ab7523d,531,namgyal.rinpoche@doordash.com,Namgyal Rinpoche,admin,,2020-12-18 00:00:00,True,Jammu & Kashmir
f8094075-100a-41c1-8fbd-823cd1486267,531,rinpoche.gyaltsen@doordash.com,Rinpoche Gyaltsen,member,,2020-10-13 00:00:00,True,Jammu & Kashmir
26b472d2-88ca-4363-bb5d-e0a956928468,531,namgyal.tsering@doordash.com,Namgyal Tsering,guest,,2020-03-26 00:00:00,True,Jammu & Kashmir
0dabe150-f670-46e1-9dd3-2444f779c1ef,531,lama.namgyal@doordash.com,Lama Namgyal,guest,,2020-10-20 00:00:00,True,Jammu & Kashmir
7f55fdbd-39d8-4e2e-ae08-63761d237228,531,karma.namdrol@doordash.com,Karma Namdrol,admin,,2020-08-25 00:00:00,True,Jammu & Kashmir
26b3d58a-fafb-4b55-9bb0-c3a47d1419c3,531,tenzin.chakmo@doordash.com,Tenzin Chakmo,limited_access,,2020-05-14 00:00:00,True,Jammu & Kashmir
665c6247-f14d-41a4-b6f6-aff7e273b528,531,dorje.sangpo@doordash.com,Dorje Sangpo,guest,,2020-06-18 00:00:00,True,Jammu & Kashmir
e17c0ce3-44f1-422f-8662-625935d5a292,531,phurpa.gyaltsen@doordash.com,Phurpa Gyaltsen,admin,,2020-07-22 00:00:00,True,Jammu & Kashmir
81a12fae-82ae-418e-8d32-aeff8bb52615,531,nadeem.khan@doordash.com,Nadeem Khan,limited_access,,2020-06-09 00:00:00,True,Jammu & Kashmir
c178e9b8-a8c9-46ba-b959-9801eb9eda03,531,sami.maqbool@doordash.com,Sami Maqbool,guest,,2020-04-17 00:00:00,True,Jammu & Kashmir
3e16b50d-9d29-45f7-a692-3fbc32cf9670,531,rehman.khan@doordash.com,Rehman Khan,limited_access,,2020-11-28 00:00:00,True,Jammu & Kashmir
92e5d132-b800-4694-8de2-117ada323301,531,shahid.fayaz@doordash.com,Shahid Fayaz,member,,2020-02-25 00:00:00,True,Jammu & Kashmir
738596f7-3ad1-48d6-903d-cb2142311a90,531,yasir.nabi@doordash.com,Yasir Nabi,limited_access,,2020-12-12 00:00:00,True,Jammu & Kashmir
3bcff5a0-9cbf-4c9f-8633-a72480e8bf96,531,shaukat.noor@doordash.com,Shaukat Noor,member,,2020-05-29 00:00:00,True,Jammu & Kashmir
8531037f-3654-4d4c-a9dd-cae61a8c2bc2,531,adeel.hassan@doordash.com,Adeel Hassan,guest,,2020-01-31 00:00:00,True,Jammu & Kashmir
61bd43f4-7fbd-4d67-b1da-a11ec5261149,531,said.syed@doordash.com,Said Syed,guest,,2020-10-14 00:00:00,True,Jammu & Kashmir
d76ef610-e225-4c33-9cb4-f4239bd58c2e,531,amin.ashraf@doordash.com,Amin Ashraf,limited_access,,2020-08-29 00:00:00,True,Jammu & Kashmir
f5daa8f8-b00a-4645-9331-42366463e0e8,531,noman.chowdhury@doordash.com,Noman Chowdhury,guest,,2020-10-29 00:00:00,True,Jammu & Kashmir
65a0200e-5cec-494d-9c36-0121bfa66af1,531,ismail.bashir@doordash.com,Ismail Bashir,limited_access,,2020-03-20 00:00:00,True,Jammu & Kashmir
e51b446f-6b3f-4e9d-8607-9d3023c3087c,531,hamid.khan@doordash.com,Hamid Khan,member,,2020-07-25 00:00:00,True,Jammu & Kashmir
8257a3f7-f33d-4953-9a94-e3238a25d487,531,umar.rana@doordash.com,Umar Rana,guest,,2020-06-06 00:00:00,True,Jammu & Kashmir
fbd4cc33-d28e-4941-94d0-31f60800d0d5,531,aman.shah@doordash.com,Aman Shah,member,,2020-06-22 00:00:00,True,Jammu & Kashmir
c66e0ef0-9da0-4d2b-b4f3-b6b26fa95d79,531,shahid.hassan@doordash.com,Shahid Hassan,admin,,2020-01-13 00:00:00,True,Jammu & Kashmir
5a1c0de8-1dc1-4045-b2f2-9b87df175d11,531,arif.hamid@doordash.com,Arif Hamid,member,,2020-04-13 00:00:00,True,Jammu & Kashmir
44db718f-5cf4-40f7-a78b-66e122ea0f57,531,zarar.gulzar@doordash.com,Zarar Gulzar,limited_access,,2020-10-28 00:00:00,True,Jammu & Kashmir
afb5948b-0886-423f-971f-5056c208090a,531,shamsher.abdullah@doordash.com,Shamsher Abdullah,limited_access,,2020-07-13 00:00:00,True,Jammu & Kashmir
c5562a70-3c93-43e4-9a09-3f81b6587141,531,shahid.bhat@doordash.com,Shahid Bhat,member,,2020-09-12 00:00:00,True,Jammu & Kashmir
1e683648-8509-4580-a0cd-3e5bd07ef59e,531,shakeel.rather@doordash.com,Shakeel Rather,guest,,2020-08-09 00:00:00,True,Jammu & Kashmir
205384c8-34ee-4fd4-92f9-f7a26f2fb386,531,husain.hassan@doordash.com,Husain Hassan,guest,,2020-03-29 00:00:00,True,Jammu & Kashmir
bc188662-0cfb-4399-9826-5299b73a295f,531,nasir.ganie@doordash.com,Nasir Ganie,admin,,2020-11-11 00:00:00,True,Jammu & Kashmir
6253c45f-4a31-4222-8d24-738ae9639b24,531,mujtaba.tanveer@doordash.com,Mujtaba Tanveer,guest,,2020-06-29 00:00:00,True,Jammu & Kashmir
5e595071-3de8-4b44-863f-7c9a72464314,531,haroon.mudasir@doordash.com,Haroon Mudasir,member,,2020-09-02 00:00:00,True,Jammu & Kashmir
a81b6b37-b139-4317-a898-2c0dc3a15b77,531,shiraz.mohiuddin@doordash.com,Shiraz Mohiuddin,limited_access,,2020-02-14 00:00:00,True,Jammu & Kashmir
75797bd3-e83b-46b1-b45f-c56a5928baff,531,shan.qamar@doordash.com,Shan Qamar,member,,2020-07-12 00:00:00,True,Jammu & Kashmir
a880160b-7ea3-4bf4-9c87-6aac382e9a89,531,fahad.tanveer@doordash.com,Fahad Tanveer,guest,,2020-10-03 00:00:00,True,Jammu & Kashmir
5e8428c4-613e-45f1-9ce9-744a687e2bf1,531,adeel.parray@doordash.com,Adeel Parray,admin,,2020-11-02 00:00:00,True,Jammu & Kashmir
75880f3d-5411-427c-b172-6910000c17a3,531,faisal.qureshi@doordash.com,Faisal Qureshi,admin,,2020-03-21 00:00:00,True,Jammu & Kashmir
24ab1b3a-2205-482e-a69b-477848c5ad19,531,rizwan.wani@doordash.com,Rizwan Wani,admin,,2020-09-29 00:00:00,True,Jammu & Kashmir
ed8e2737-34c6-4bc6-93df-e0163a81b5da,531,farhan.khatana@doordash.com,Farhan Khatana,member,,2020-02-24 00:00:00,True,Jammu & Kashmir
46b2bad5-0c91-420f-a083-a77aa1a3dc54,531,amit.shah@doordash.com,Amit Shah,limited_access,,2020-06-28 00:00:00,True,Jammu & Kashmir
2fb1b1da-bdaa-4c47-b395-b94519df1b61,531,jamil.raza@doordash.com,Jamil Raza,member,,2020-03-20 00:00:00,True,Jammu & Kashmir
c5e553fe-e243-4ddc-b1a9-90ac1a2faa2b,531,rehman.shah@doordash.com,Rehman Shah,guest,,2020-03-29 00:00:00,True,Jammu & Kashmir
d02c59c4-911c-4f01-91e2-ae00606aa659,531,danish.gulzar@doordash.com,Danish Gulzar,admin,,2020-02-09 00:00:00,True,Jammu & Kashmir
11fed0f4-dc23-48a9-9fda-ef5584f5c436,531,aamir.parray@doordash.com,Aamir Parray,member,,2020-09-21 00:00:00,True,Jammu & Kashmir
8cb59129-3bdf-46c3-ba2a-6df67933e511,531,aamir.bashir@doordash.com,Aamir Bashir,member,,2020-09-22 00:00:00,True,Jammu & Kashmir
8520ea59-b9e5-4769-a6c7-4ae45264a78d,531,yasir.teli@doordash.com,Yasir Teli,guest,,2020-06-10 00:00:00,True,Jammu & Kashmir
08bb5e05-674a-4eeb-92ac-f4eda43c7199,531,hassan.khaliq@doordash.com,Hassan Khaliq,guest,,2020-06-03 00:00:00,True,Jammu & Kashmir
0b57911f-217a-420f-9056-185f5aba11d9,531,shaukat.khatana@doordash.com,Shaukat Khatana,guest,,2020-02-15 00:00:00,True,Jammu & Kashmir
cec2f12d-6c3a-4590-9673-9f68b8155001,531,rashid.jabeen@doordash.com,Rashid Jabeen,member,,2020-10-29 00:00:00,True,Jammu & Kashmir
bbeffb4c-201f-4f5b-9d58-e7827631fafa,531,ismail.syed@doordash.com,Ismail Syed,member,,2020-05-30 00:00:00,True,Jammu & Kashmir
408c7eea-e6b5-42fa-927c-30b75980d050,531,reza.nasir@doordash.com,Reza Nasir,guest,,2020-01-31 00:00:00,True,Jammu & Kashmir
16d59030-2a6c-4e1b-a953-753fcee4cadc,531,ismail.ahmad@doordash.com,Ismail Ahmad,member,,2020-01-28 00:00:00,True,Jammu & Kashmir
81868c3b-c19e-4fb3-b6fb-4e75b65dcfad,531,sultan.raza@doordash.com,Sultan Raza,limited_access,,2020-11-23 00:00:00,True,Jammu & Kashmir
480f9065-5b17-4827-bcc2-fa2874935834,531,azhar.abdullah@doordash.com,Azhar Abdullah,admin,,2020-06-07 00:00:00,True,Jammu & Kashmir
f48dcaf1-6413-4799-9682-ef65e3032ed5,531,rafiq.mir@doordash.com,Rafiq Mir,limited_access,,2020-06-27 00:00:00,True,Jammu & Kashmir
1f9b05fb-b133-46b0-9b6d-902094a8e54f,531,rehman.khurshid@doordash.com,Rehman Khurshid,member,,2020-06-29 00:00:00,True,Jammu & Kashmir
abbbcd40-6f2e-4ccf-98b6-0e81210af0a6,531,shaukat.khan@doordash.com,Shaukat Khan,member,,2020-02-20 00:00:00,True,Jammu & Kashmir
8ab8ee91-5a5e-4eec-aeb7-9456854cbe6e,531,hamid.wani@doordash.com,Hamid Wani,member,,2020-08-19 00:00:00,True,Jammu & Kashmir
434a5489-3445-463b-8e53-fb3988caccd0,531,adeel.khaliq@doordash.com,Adeel Khaliq,guest,,2020-06-15 00:00:00,True,Jammu & Kashmir
1e2a4d19-39a4-40ef-81b2-dca1b314be21,531,tanvi.bhagati@doordash.com,Tanvi Bhagati,admin,,2020-12-09 00:00:00,True,Jammu & Kashmir
9825f6af-78ae-4e35-a568-3d81ca3bf3df,531,aishwarya.trakroo@doordash.com,Aishwarya Trakroo,admin,,2020-03-17 00:00:00,True,Jammu & Kashmir
7086fd38-f876-4d0e-b31e-2bae04f04077,531,priya.kachru@doordash.com,Priya Kachru,member,,2020-07-10 00:00:00,True,Jammu & Kashmir
7dcfa1af-20be-4487-a112-af063fe2fcde,531,vijaya.pandita@doordash.com,Vijaya Pandita,member,,2020-07-29 00:00:00,True,Jammu & Kashmir
06c71711-4c2c-408c-b374-a11dd4d78119,531,shalini.sondhi@doordash.com,Shalini Sondhi,admin,,2020-02-09 00:00:00,True,Jammu & Kashmir
7246baa4-76d1-44db-8689-7d6dbcc33766,531,leela.wazir@doordash.com,Leela Wazir,limited_access,,2020-11-04 00:00:00,True,Jammu & Kashmir
e5aded27-5ba0-4c93-895b-11643e56db8b,531,rajni.sharma@doordash.com,Rajni Sharma,guest,,2020-10-03 00:00:00,True,Jammu & Kashmir
d326ad87-d531-48bd-876e-2006dfe8e30e,531,trishna.pandita@doordash.com,Trishna Pandita,member,,2020-01-21 00:00:00,True,Jammu & Kashmir
50a2d4c7-ab74-4242-a99c-49b3044d6b87,531,damini.gurtu@doordash.com,Damini Gurtu,limited_access,,2020-12-01 00:00:00,True,Jammu & Kashmir
9b59b822-3330-405e-bdea-225f820fed91,531,aslesha.bhat@doordash.com,Aslesha Bhat,admin,,2020-06-15 00:00:00,True,Jammu & Kashmir
a181cac9-7bdf-480e-ab14-d319ae563f9b,531,deeksha.razdan@doordash.com,Deeksha Razdan,guest,,2020-01-30 00:00:00,True,Jammu & Kashmir
17466ad5-048f-4c27-a2a5-9a5e33215264,531,ishani.peshin@doordash.com,Ishani Peshin,guest,,2020-02-23 00:00:00,True,Jammu & Kashmir
13e568bd-eba8-492f-a1d3-ce1ce50711de,531,karishma.dadoo@doordash.com,Karishma Dadoo,admin,,2020-01-04 00:00:00,True,Jammu & Kashmir
c90ec43b-349e-48f6-a71f-b80f524516fb,531,ashima.chakoo@doordash.com,Ashima Chakoo,member,,2020-04-13 00:00:00,True,Jammu & Kashmir
6d72938c-5fc8-404e-97cf-14ba86d0e533,531,padma.sondhi@doordash.com,Padma Sondhi,member,,2020-08-17 00:00:00,True,Jammu & Kashmir
d442352c-1b17-421f-bf50-53bf883499e5,531,chandrika.ramanuj@doordash.com,Chandrika Ramanuj,guest,,2020-06-22 00:00:00,True,Jammu & Kashmir
20f0716f-dd00-4c20-97fe-2150cf1830ce,531,kiran.saproo@doordash.com,Kiran Saproo,guest,,2020-02-26 00:00:00,True,Jammu & Kashmir
bc1c7d7e-02e8-4334-8f34-ee427110fae4,531,sheetal.talashi@doordash.com,Sheetal Talashi,admin,,2020-06-15 00:00:00,True,Jammu & Kashmir
7994a201-911e-4766-b4b3-ae4c68efcf34,531,tanvi.sharga@doordash.com,Tanvi Sharga,member,,2020-12-03 00:00:00,True,Jammu & Kashmir
b86779ad-c7a0-424a-aca5-d7168c194e3e,531,ekta.taimini@doordash.com,Ekta Taimini,guest,,2020-09-26 00:00:00,True,Jammu & Kashmir
efcd2a4f-2fc3-4f43-a685-83e0e06c940e,531,sonal.mushran@doordash.com,Sonal Mushran,member,,2020-09-16 00:00:00,True,Jammu & Kashmir
16cf8a16-f456-4dcd-86b7-a1afd0bf943e,531,geeta.chakoo@doordash.com,Geeta Chakoo,member,,2020-10-15 00:00:00,True,Jammu & Kashmir
8157ff7f-8da3-4fb3-90a1-5e2a9a3a4094,531,priti.bhagati@doordash.com,Priti Bhagati,admin,,2020-06-10 00:00:00,True,Jammu & Kashmir
aaa3d303-a44c-4c89-aa8d-f54dabcc1a55,531,kiran.saraf@doordash.com,Kiran Saraf,guest,,2020-04-25 00:00:00,True,Jammu & Kashmir
8e546e4d-2c5d-46ec-9f71-8fa02ed88618,531,aslesha.nehru@doordash.com,Aslesha Nehru,member,,2020-04-06 00:00:00,True,Jammu & Kashmir
b62058d9-5caf-4ec0-afe6-fe91eaa0cd74,531,pallavi.handoo@doordash.com,Pallavi Handoo,admin,,2020-08-14 00:00:00,True,Jammu & Kashmir
52c4d42f-a183-4ced-a98c-d4c2a5537891,531,aarti.wanchoo@doordash.com,Aarti Wanchoo,limited_access,,2020-02-10 00:00:00,True,Jammu & Kashmir
f5d7d363-874f-438c-9790-51b5eb6cb733,531,shikha.bhatt@doordash.com,Shikha Bhatt,guest,,2020-10-12 00:00:00,True,Jammu & Kashmir
951f86f2-34fa-450f-a5ba-28f069a0b626,531,sneha.malla@doordash.com,Sneha Malla,limited_access,,2020-07-16 00:00:00,True,Jammu & Kashmir
4c93791b-30c3-43c4-b75b-93bad1c13ca7,531,vandana.ganju@doordash.com,Vandana Ganju,member,,2020-09-13 00:00:00,True,Jammu & Kashmir
ece699ff-6f37-40b8-a3ce-7445aef41932,531,shanta.nehr@doordash.com,Shanta Nehr,guest,,2020-01-11 00:00:00,True,Jammu & Kashmir
a3605cc7-3948-463b-9966-473bdd8ded01,531,gauri.reu@doordash.com,Gauri Reu,guest,,2020-09-11 00:00:00,True,Jammu & Kashmir
6ee74540-a026-4c2a-99a2-0286925439bf,531,smita.saproo@doordash.com,Smita Saproo,limited_access,,2020-11-20 00:00:00,True,Jammu & Kashmir
9f13cfbb-15f7-4afe-8c29-a12b2e478a70,531,anita.pandit@doordash.com,Anita Pandit,admin,,2020-05-25 00:00:00,True,Jammu & Kashmir
b7837db5-d83f-4381-b948-40b6a99d0052,531,ishani.katju@doordash.com,Ishani Katju,admin,,2020-12-10 00:00:00,True,Jammu & Kashmir
8feb9066-fd30-49fd-b2b2-90844f650f58,531,padma.kaak@doordash.com,Padma Kaak,member,,2020-09-12 00:00:00,True,Jammu & Kashmir
bd914940-ddd8-4484-85d9-c77508ebb05d,531,kumud.sharga@doordash.com,Kumud Sharga,admin,,2020-09-12 00:00:00,True,Jammu & Kashmir
00482d5b-ef4f-4ba5-9d0d-a21831a1080a,531,megha.malla@doordash.com,Megha Malla,admin,,2020-10-30 00:00:00,True,Jammu & Kashmir
96496a41-4c93-46fe-b62c-c6d4e0c23006,531,vaishali.talashi@doordash.com,Vaishali Talashi,limited_access,,2020-09-07 00:00:00,True,Jammu & Kashmir
061140f7-96a5-4e80-af12-b1f34fe74639,531,deeksha.tickoo@doordash.com,Deeksha Tickoo,guest,,2020-04-28 00:00:00,True,Jammu & Kashmir
66ebf17c-bcff-49c9-a6b7-26d27c822473,531,deeksha.malla@doordash.com,Deeksha Malla,limited_access,,2020-01-28 00:00:00,True,Jammu & Kashmir
c8290b52-4fc2-4e2e-9852-3f9bbf9d7bc5,531,namrata.bhan@doordash.com,Namrata Bhan,member,,2020-04-23 00:00:00,True,Jammu & Kashmir
c7cc7966-2325-498c-abad-158ff58e9228,531,sarita.kaushik@doordash.com,Sarita Kaushik,limited_access,,2020-08-25 00:00:00,True,Jammu & Kashmir
947ee588-2560-4786-8791-c842e06f6a79,531,aslesha.chrungoo@doordash.com,Aslesha Chrungoo,member,,2020-12-04 00:00:00,True,Jammu & Kashmir
8345373a-170a-4932-901a-5e29f6c17bde,531,lakshmi.sharga@doordash.com,Lakshmi Sharga,member,,2020-07-12 00:00:00,True,Jammu & Kashmir
608d3a5e-962a-4fd0-afc6-20d59cc0e16f,531,gayatri.gadroo@doordash.com,Gayatri Gadroo,limited_access,,2020-01-22 00:00:00,True,Jammu & Kashmir
2f38a91b-d833-494b-8b5e-aeb36e547a71,531,yogita.nadru@doordash.com,Yogita Nadru,member,,2020-10-03 00:00:00,True,Jammu & Kashmir
128f891e-6053-446e-bbfb-2efb7fc08340,531,hansa.saraf@doordash.com,Hansa Saraf,guest,,2020-12-08 00:00:00,True,Jammu & Kashmir
b5b8db53-17cc-4e7d-ac9f-ea8274f0cae1,531,smita.tikoo@doordash.com,Smita Tikoo,admin,,2020-02-28 00:00:00,True,Jammu & Kashmir
9fea47ef-2ec1-49b4-af73-be1d78f40423,531,chhime.gyalpo@doordash.com,Chhime Gyalpo,member,,2020-12-20 00:00:00,True,Jammu & Kashmir
6c8b0cd0-baf3-4b6b-b19f-b1362a4af6de,531,yeshe.lobsang@doordash.com,Yeshe Lobsang,member,,2020-08-25 00:00:00,True,Jammu & Kashmir
b484396f-6a6b-47b5-bcd8-117b506d0999,531,dolma.sharma@doordash.com,Dolma Sharma,guest,,2020-11-15 00:00:00,True,Jammu & Kashmir
fd21fc2c-bc89-485c-9038-5d3e08117e25,531,palmo.dorje@doordash.com,Palmo Dorje,limited_access,,2020-10-16 00:00:00,True,Jammu & Kashmir
e51c68b5-a405-4158-a647-7b6d8b4c0dbe,531,tshomo.lhabuk@doordash.com,Tshomo Lhabuk,limited_access,,2020-05-08 00:00:00,True,Jammu & Kashmir
38c0ea14-ec24-4130-9fc7-e909da254dd3,531,drolma.gyalpo@doordash.com,Drolma Gyalpo,member,,2020-11-13 00:00:00,True,Jammu & Kashmir
65bb6cc1-3c41-40f0-af5a-611064b693ff,531,zathmo.pema@doordash.com,Zathmo Pema,admin,,2020-05-20 00:00:00,True,Jammu & Kashmir
1a546aaf-e660-474b-bb98-7a1ce1392e55,531,tshomo.nima@doordash.com,Tshomo Nima,member,,2020-03-16 00:00:00,True,Jammu & Kashmir
affecede-4d7e-4269-bc61-199995fe2818,531,tshomo.shambu@doordash.com,Tshomo Shambu,guest,,2020-06-07 00:00:00,True,Jammu & Kashmir
6c1323f9-b79b-4aa0-99ff-d7fd9aba0521,531,chhime.tshering@doordash.com,Chhime Tshering,member,,2020-09-08 00:00:00,True,Jammu & Kashmir
a5d1e048-52d3-4b59-914c-cf507c28f148,531,yunmo.tenzin@doordash.com,Yunmo Tenzin,member,,2020-04-05 00:00:00,True,Jammu & Kashmir
22457d5a-ba45-4bf1-9ca7-8174fd2a533a,531,palmo.gyatso@doordash.com,Palmo Gyatso,limited_access,,2020-02-03 00:00:00,True,Jammu & Kashmir
1b765eb3-945e-4e0b-891d-fa9b48105ea4,531,chhime.dama@doordash.com,Chhime Dama,guest,,2020-04-21 00:00:00,True,Jammu & Kashmir
3d4a46ee-4ece-448b-ad33-06094b6e749b,531,palmo.tsering@doordash.com,Palmo Tsering,limited_access,,2020-01-14 00:00:00,True,Jammu & Kashmir
0521c87f-724e-4825-908e-a9cbf9198f90,531,chhime.gyatso@doordash.com,Chhime Gyatso,admin,,2020-08-22 00:00:00,True,Jammu & Kashmir
1c4edbae-1dde-47c9-996b-947f35f4f883,531,drolma.dama@doordash.com,Drolma Dama,member,,2020-11-27 00:00:00,True,Jammu & Kashmir
a092ce6d-15ae-4823-a16e-8d21ba5afad6,531,momo.phunzo@doordash.com,Momo Phunzo,limited_access,,2020-12-31 00:00:00,True,Jammu & Kashmir
3c70e450-3855-4577-838c-c46fe4992ce8,531,sonam.kunzang@doordash.com,Sonam Kunzang,limited_access,,2020-09-19 00:00:00,True,Jammu & Kashmir
91bd2219-3289-43f1-861e-955a3e29b3b8,531,dolma.angmo@doordash.com,Dolma Angmo,member,,2020-10-16 00:00:00,True,Jammu & Kashmir
7a47226a-44be-4ad0-b3c5-55a8f0206215,531,momo.jampa@doordash.com,Momo Jampa,guest,,2020-12-02 00:00:00,True,Jammu & Kashmir
3cd4ed63-da01-4394-b079-227674da9873,531,pema.lhabuk@doordash.com,Pema Lhabuk,limited_access,,2020-04-21 00:00:00,True,Jammu & Kashmir
180d9508-1337-469b-9917-ea23f1cdd19f,531,sonam.tsering@doordash.com,Sonam Tsering,guest,,2020-08-17 00:00:00,True,Jammu & Kashmir
cf8ab5b0-ce46-4547-acf1-9fe4b2d4b672,531,tshomo.dawa@doordash.com,Tshomo Dawa,admin,,2020-03-24 00:00:00,True,Jammu & Kashmir
3aeddb9c-a0c6-4912-93f6-0a20a9180041,531,palmo.sangpo@doordash.com,Palmo Sangpo,limited_access,,2020-03-09 00:00:00,True,Jammu & Kashmir
98d0975a-da59-4190-b6dc-3f5bc5dbc9d7,531,yeshe.zalpo@doordash.com,Yeshe Zalpo,member,,2020-06-03 00:00:00,True,Jammu & Kashmir
a944ec55-009b-47ae-a3cc-651199e807e7,531,gyalmo.sherpa@doordash.com,Gyalmo Sherpa,admin,,2020-11-26 00:00:00,True,Jammu & Kashmir
143c9081-b25b-4ea0-9ecc-4ccf20750627,531,maya.norbu@doordash.com,Maya Norbu,guest,,2020-11-18 00:00:00,True,Jammu & Kashmir
3b98f5ed-16e7-48fa-82ea-e37ee83012ab,531,lhamo.chawang@doordash.com,Lhamo Chawang,guest,,2020-06-22 00:00:00,True,Jammu & Kashmir
5b63b4c8-6d26-441d-bee7-edaced8f2f0a,531,yangchen.sangpo@doordash.com,Yangchen Sangpo,admin,,2020-07-26 00:00:00,True,Jammu & Kashmir
50ae0e2f-523e-4f6b-96bc-f1917011330d,531,gyalmo.gonpo@doordash.com,Gyalmo Gonpo,guest,,2020-04-25 00:00:00,True,Jammu & Kashmir
a9a2a7e7-7891-4d10-ac61-bfaf584ff5f8,531,zangmo.tashi@doordash.com,Zangmo Tashi,guest,,2020-03-27 00:00:00,True,Jammu & Kashmir
1872f150-99ec-4ce7-bc84-49637bf77e1f,531,sonam.lama@doordash.com,Sonam Lama,member,,2020-06-03 00:00:00,True,Jammu & Kashmir
b0f8e6cf-9bbe-4189-b508-119ddf685632,531,yangchen.phunzo@doordash.com,Yangchen Phunzo,guest,,2020-11-21 00:00:00,True,Jammu & Kashmir
7734a784-96b5-451a-9c6d-1b5042c217ea,531,yeshe.tsomo@doordash.com,Yeshe Tsomo,guest,,2020-01-16 00:00:00,True,Jammu & Kashmir
3422311a-a5c8-481e-a4b6-ccfae5d200a9,531,sonam.tsultrim@doordash.com,Sonam Tsultrim,guest,,2020-01-12 00:00:00,True,Jammu & Kashmir
0258a0d0-7e42-43ba-a7ac-1683a7fb6d27,531,tashi.lunpo@doordash.com,Tashi Lunpo,limited_access,,2020-12-08 00:00:00,True,Jammu & Kashmir
2c9ad656-cacf-4962-8d38-461711084240,531,chhime.phunzo@doordash.com,Chhime Phunzo,admin,,2020-09-19 00:00:00,True,Jammu & Kashmir
8072ea12-2f00-43ce-a623-02d7754194b0,531,pema.gyaltsen@doordash.com,Pema Gyaltsen,guest,,2020-09-24 00:00:00,True,Jammu & Kashmir
4dca2dc7-01e2-4b5f-9796-041de3cb0303,531,drolma.rinchen@doordash.com,Drolma Rinchen,guest,,2020-08-19 00:00:00,True,Jammu & Kashmir
740291d5-01d5-4024-aae3-7bc225ced48d,531,tashi.pema@doordash.com,Tashi Pema,limited_access,,2020-03-24 00:00:00,True,Jammu & Kashmir
644087b9-bb97-478b-9ef0-9412acf57f1a,531,chhime.ngawang@doordash.com,Chhime Ngawang,member,,2020-09-18 00:00:00,True,Jammu & Kashmir
1b2fbd9c-248c-44e2-962a-25f2888b7779,531,lhamo.phuntsok@doordash.com,Lhamo Phuntsok,member,,2020-04-17 00:00:00,True,Jammu & Kashmir
3a877efc-4d0f-42a4-8403-a32b8ac6c269,531,yeshe.tharchin@doordash.com,Yeshe Tharchin,limited_access,,2020-12-26 00:00:00,True,Jammu & Kashmir
b9828b24-9e4c-4dfa-8bd3-27c2d958f375,531,tashi.sangmo@doordash.com,Tashi Sangmo,limited_access,,2020-02-24 00:00:00,True,Jammu & Kashmir
604e0567-4606-4690-b3b2-f04251ed3b43,531,momo.zangpo@doordash.com,Momo Zangpo,admin,,2020-11-14 00:00:00,True,Jammu & Kashmir
643a350a-2f52-4895-b505-8e9c6044b1ac,531,sangmo.dorji@doordash.com,Sangmo Dorji,member,,2020-07-11 00:00:00,True,Jammu & Kashmir
8ccc6e09-11d6-4541-8b1d-b8e02e51e61c,531,palmo.kalsang@doordash.com,Palmo Kalsang,guest,,2020-09-29 00:00:00,True,Jammu & Kashmir
0b967804-6d6c-4efc-a6a5-9e09bedda7b4,531,lhamo.wangpo@doordash.com,Lhamo Wangpo,admin,,2020-06-16 00:00:00,True,Jammu & Kashmir
be750930-c376-444f-98dc-5a561d5f9813,531,choden.kelden@doordash.com,Choden Kelden,admin,,2020-05-02 00:00:00,True,Jammu & Kashmir
a32e8247-84d9-4226-81a9-751d388c91d8,531,tabassum.shabir@doordash.com,Tabassum Shabir,limited_access,,2020-01-26 00:00:00,True,Jammu & Kashmir
51d475d0-235b-49ff-8894-9081b2c1347c,531,shazia.mujtaba@doordash.com,Shazia Mujtaba,member,,2020-02-04 00:00:00,True,Jammu & Kashmir
e2cabbb9-1124-4c98-85c4-a301a93ccc7a,531,shiza.shah@doordash.com,Shiza Shah,member,,2020-09-18 00:00:00,True,Jammu & Kashmir
6d0cb28d-0c51-4e3e-a632-f0d694aab42e,531,rizwana.saleem@doordash.com,Rizwana Saleem,limited_access,,2020-10-21 00:00:00,True,Jammu & Kashmir
d58f06e7-9a72-4f3b-b297-3bb4c7cd4feb,531,samina.shabir@doordash.com,Samina Shabir,limited_access,,2020-07-28 00:00:00,True,Jammu & Kashmir
a45ac7ff-5ef9-439a-8023-efef0ee400f9,531,aysha.mohiuddin@doordash.com,Aysha Mohiuddin,member,,2020-10-14 00:00:00,True,Jammu & Kashmir
722ba22c-76e3-42c5-a97a-6066b3c1af48,531,ameena.nabi@doordash.com,Ameena Nabi,admin,,2020-10-22 00:00:00,True,Jammu & Kashmir
c1a5b387-102e-4014-a120-325e72bc7673,531,shahnaz.yusuf@doordash.com,Shahnaz Yusuf,member,,2020-11-09 00:00:00,True,Jammu & Kashmir
bfce5910-b320-4f3a-a07d-8e35af87f66d,531,amira.raza@doordash.com,Amira Raza,limited_access,,2020-03-04 00:00:00,True,Jammu & Kashmir
ec3ddaf8-6ab7-4caa-87c7-77610c271e06,531,mubashira.khurshid@doordash.com,Mubashira Khurshid,limited_access,,2020-08-06 00:00:00,True,Jammu & Kashmir
f8b49c6e-217f-4bdd-99fe-00317ed370aa,531,sumaiya.fayaz@doordash.com,Sumaiya Fayaz,member,,2020-10-17 00:00:00,True,Jammu & Kashmir
745e2a48-7ed3-405d-96a3-84b7d63deef7,531,suman.lodhi@doordash.com,Suman Lodhi,limited_access,,2020-10-06 00:00:00,True,Jammu & Kashmir
83254562-39ef-4de8-ae78-e1e567a9ef42,531,zainab.imran@doordash.com,Zainab Imran,guest,,2020-03-13 00:00:00,True,Jammu & Kashmir
47c5fd70-ea3b-40a4-83d5-a285a6f47203,531,bushra.sah@doordash.com,Bushra Sah,admin,,2020-01-24 00:00:00,True,Jammu & Kashmir
2ab7b93f-dc97-423f-8d7c-edb80db9c083,531,mariya.shabir@doordash.com,Mariya Shabir,admin,,2020-05-22 00:00:00,True,Jammu & Kashmir
ed461794-1387-4dce-a438-c129bd97a667,531,shabnam.ilyas@doordash.com,Shabnam Ilyas,limited_access,,2020-08-19 00:00:00,True,Jammu & Kashmir
ef3dbce6-76de-4963-9abc-97dc02eea4bb,531,muneeza.ahmad@doordash.com,Muneeza Ahmad,limited_access,,2020-12-18 00:00:00,True,Jammu & Kashmir
a125a60e-4d62-4384-88d5-f6b7e891ef92,531,bisma.syed@doordash.com,Bisma Syed,admin,,2020-12-22 00:00:00,True,Jammu & Kashmir
26a81542-a8a1-4dd1-89fc-6caf157f175a,531,asma.shafi@doordash.com,Asma Shafi,guest,,2020-07-20 00:00:00,True,Jammu & Kashmir
a3ec3dd1-f643-4cf8-b21f-ae014aafed55,531,aisha.khursheed@doordash.com,Aisha Khursheed,member,,2020-05-14 00:00:00,True,Jammu & Kashmir
c0f8d733-bf1d-40ef-ac12-d027eb8bc1e0,531,rukhsana.khursheed@doordash.com,Rukhsana Khursheed,admin,,2020-02-14 00:00:00,True,Jammu & Kashmir
dabf576c-4c78-4ae1-950e-a80210c9610e,531,sadia.imran@doordash.com,Sadia Imran,limited_access,,2020-04-09 00:00:00,True,Jammu & Kashmir
0dc52bd2-e0de-4b3a-9457-820e41cd49dd,531,sabeen.fayaz@doordash.com,Sabeen Fayaz,limited_access,,2020-06-12 00:00:00,True,Jammu & Kashmir
1ac29e4c-5d4f-49d1-840a-b51d9c8bf0a7,531,sana.khursheed@doordash.com,Sana Khursheed,admin,,2020-08-28 00:00:00,True,Jammu & Kashmir
860ff83c-af99-4db2-9388-85c52e5ffbba,531,hina.reshi@doordash.com,Hina Reshi,limited_access,,2020-11-03 00:00:00,True,Jammu & Kashmir
31a51a71-4618-43ec-9575-ed8145fc1f30,531,sumbul.shah@doordash.com,Sumbul Shah,admin,,2020-04-30 00:00:00,True,Jammu & Kashmir
8933606e-7114-4271-9868-4c417010ebd0,531,saira.rizwan@doordash.com,Saira Rizwan,admin,,2020-09-18 00:00:00,True,Jammu & Kashmir
ae2c844d-da9a-4e46-ba80-39695855a6ce,531,shabana.tariq@doordash.com,Shabana Tariq,admin,,2020-07-05 00:00:00,True,Jammu & Kashmir
51d6c6cf-eb8a-47ee-883d-eaaed5cf4860,531,zehra.bhat@doordash.com,Zehra Bhat,guest,,2020-03-23 00:00:00,True,Jammu & Kashmir
8ea6982a-b1a4-4159-9f80-fe45b722f0f9,531,madiha.ahmad@doordash.com,Madiha Ahmad,member,,2020-08-24 00:00:00,True,Jammu & Kashmir
134080d7-bfaf-40da-8602-91ac59b23099,531,nabila.wahid@doordash.com,Nabila Wahid,limited_access,,2020-10-16 00:00:00,True,Jammu & Kashmir
9565af7a-da39-4bd3-888f-2ab5f68ac0f9,531,zara.ahmad@doordash.com,Zara Ahmad,guest,,2020-11-06 00:00:00,True,Jammu & Kashmir
e20196d7-1d4c-43ce-a6fb-f92666d4c756,531,fatima.tariq@doordash.com,Fatima Tariq,guest,,2020-05-01 00:00:00,True,Jammu & Kashmir
83dbdf84-e170-4238-964b-21127de9f0ec,531,bisma.shamim@doordash.com,Bisma Shamim,member,,2020-04-09 00:00:00,True,Jammu & Kashmir
17403927-03c5-4e27-b1a3-7e79be875f52,531,nilofer.sattar@doordash.com,Nilofer Sattar,limited_access,,2020-03-20 00:00:00,True,Jammu & Kashmir
18e70273-4904-425f-8e88-4d5609e0991b,531,mariam.khan@doordash.com,Mariam Khan,member,,2020-02-22 00:00:00,True,Jammu & Kashmir
3bc0601b-d643-4589-89c5-004cb70713c1,531,zaira.maqsood@doordash.com,Zaira Maqsood,guest,,2020-01-07 00:00:00,True,Jammu & Kashmir
19009b6a-252a-4ef0-9cf0-8efc4b7b8b0d,531,sara.najar@doordash.com,Sara Najar,admin,,2020-03-16 00:00:00,True,Jammu & Kashmir
ac1dd882-86b9-4b10-904c-f4e6f33015bc,531,muneera.najar@doordash.com,Muneera Najar,member,,2020-06-30 00:00:00,True,Jammu & Kashmir
6c82dead-3e53-4b84-84cc-9e929ddd578b,531,ahsina.khatana@doordash.com,Ahsina Khatana,member,,2020-10-22 00:00:00,True,Jammu & Kashmir
b78e5785-d825-4cc1-8c0d-2e8492f110f5,531,hina.najar@doordash.com,Hina Najar,member,,2020-04-13 00:00:00,True,Jammu & Kashmir
59773452-9b4a-4c91-85cd-de12e491780c,531,sahar.hamid@doordash.com,Sahar Hamid,member,,2020-12-28 00:00:00,True,Jammu & Kashmir
3804c0b9-e930-45e4-9d86-03512f92b263,531,meher.wahid@doordash.com,Meher Wahid,member,,2020-09-22 00:00:00,True,Jammu & Kashmir
0e2c58b2-d578-45be-9156-2b76781525b2,531,mishal.maqbool@doordash.com,Mishal Maqbool,admin,,2020-06-30 00:00:00,True,Jammu & Kashmir
ba1ff709-8626-4c21-817c-fc3803bed00f,531,aisha.halwai@doordash.com,Aisha Halwai,guest,,2020-10-14 00:00:00,True,Jammu & Kashmir
335506d7-e2ba-4f03-9282-6edd8b194d7b,531,lubna.maqbool@doordash.com,Lubna Maqbool,guest,,2020-03-19 00:00:00,True,Jammu & Kashmir
74f213f3-59b7-4534-bd8f-370eb39fa59e,531,nabila.wahid1@doordash.com,Nabila Wahid,member,,2020-05-07 00:00:00,True,Jammu & Kashmir
cba7e6be-e6c1-4034-9d2c-d6e75b34eb03,531,fariha.hassan@doordash.com,Fariha Hassan,limited_access,,2020-07-31 00:00:00,True,Jammu & Kashmir
5277f945-e117-4212-90cc-fa13c8df0274,531,rehana.abdullah@doordash.com,Rehana Abdullah,member,,2020-06-09 00:00:00,True,Jammu & Kashmir
79510f71-01f6-40b4-b94a-2039531042d4,531,kunal.shetty@doordash.com,Kunal Shetty,member,,2020-07-06 00:00:00,True,Karnataka
f594a6a7-a4f6-45ed-a1e5-e452da8ab567,531,yoginidevi.tumkur@doordash.com,Yoginidevi Tumkur,limited_access,,2020-08-23 00:00:00,True,Karnataka
aea6daad-fbd0-4292-98fb-a2e88cd9f1ec,531,dineshan.sindagi@doordash.com,Dineshan Sindagi,limited_access,,2020-03-14 00:00:00,True,Karnataka
1f984e5b-8458-494c-b706-5fb9d87fc205,531,shanthala.narasimharajapur@doordash.com,Shanthala Narasimharajapur,guest,,2020-04-26 00:00:00,True,Karnataka
13efc201-afb1-4917-b990-352c6ffd1412,531,sharath.gowda@doordash.com,Sharath Gowda,admin,,2020-03-18 00:00:00,True,Karnataka
34f34c7f-ccf3-4625-bb9a-8216b707e953,531,sitadevi.kannur@doordash.com,Sitadevi Kannur,limited_access,,2020-09-08 00:00:00,True,Karnataka
a01d2332-65d8-4b60-9987-5480e3f759bd,531,shreyansh.belur@doordash.com,Shreyansh Belur,member,,2020-07-11 00:00:00,True,Karnataka
02ef71e9-e135-4337-b67d-2d4005a582b6,531,prabhavathikumari.panambur@doordash.com,Prabhavathikumari Panambur,admin,,2020-04-02 00:00:00,True,Karnataka
ace5f436-5c07-42b8-b13b-a1aab38f8a39,531,gautam.raj@doordash.com,Gautam Raj,member,,2020-06-28 00:00:00,True,Karnataka
486d1ed3-1fbb-40ba-a35d-e08a79e1072e,531,karuna.bailur@doordash.com,Karuna Bailur,admin,,2020-09-23 00:00:00,True,Karnataka
c921282f-7755-4ed7-b5ab-b305aac3479a,531,umakanth.kerur@doordash.com,Umakanth Kerur,member,,2020-04-12 00:00:00,True,Karnataka
2b871bf6-416b-4756-a832-d687d2909fbf,531,bhavitha.gudi@doordash.com,Bhavitha Gudi,guest,,2020-03-31 00:00:00,True,Karnataka
a8f3580c-aa97-44ad-9d03-5d561fbba1a0,531,jayakrishna.raj@doordash.com,Jayakrishna Raj,guest,,2020-07-17 00:00:00,True,Karnataka
5d156e0e-993b-4f65-be90-6c1fafbf3cb7,531,mayuri.shet@doordash.com,Mayuri Shet,member,,2020-12-17 00:00:00,True,Karnataka
0b782eba-1083-47c4-93e8-1d8b1f1b5e74,531,haran.hiremani@doordash.com,Haran Hiremani,member,,2020-12-27 00:00:00,True,Karnataka
77e9c1e8-37db-4193-a375-d8e2a54839e4,531,sharadadevi.karadi@doordash.com,Sharadadevi Karadi,guest,,2020-06-16 00:00:00,True,Karnataka
ad4f4dd6-adb5-4e1b-b946-701b0f68b1a0,531,rohan.kottari@doordash.com,Rohan Kottari,admin,,2020-03-14 00:00:00,True,Karnataka
71433f14-fffc-43cd-9108-6edda76d2e3a,531,snehalathaamma.yogananda@doordash.com,Snehalathaamma Yogananda,member,,2020-07-24 00:00:00,True,Karnataka
855d9ee1-3147-4c6c-91f0-19549cc4cbd2,531,nagaraj.gajendran@doordash.com,Nagaraj Gajendran,member,,2020-10-06 00:00:00,True,Karnataka
1f192b13-04b8-4bba-94b7-852115d5d430,531,yashitha.garadi@doordash.com,Yashitha Garadi,member,,2020-12-20 00:00:00,True,Karnataka
38e16ccd-65ce-4e41-982e-1ad93173ffb3,531,shailendra.yalvigi@doordash.com,Shailendra Yalvigi,admin,,2020-05-02 00:00:00,True,Karnataka
44138654-6df6-4450-aab2-ffa30093d79a,531,meghakumari.medappa@doordash.com,Meghakumari Medappa,member,,2020-11-20 00:00:00,True,Karnataka
7c10434d-9bba-4c44-b1a9-ed8f5901d326,531,maheshwar.puttur@doordash.com,Maheshwar Puttur,admin,,2020-06-02 00:00:00,True,Karnataka
a9efb3ba-741a-4dec-a61d-e80a8ea31513,531,sakethika.savkur@doordash.com,Sakethika Savkur,guest,,2020-06-18 00:00:00,True,Karnataka
801c6e09-fbec-45ae-bf8b-265ec7cf8684,531,lalit.rai@doordash.com,Lalit Rai,member,,2020-06-16 00:00:00,True,Karnataka
6b150ca3-1d22-4c71-aaa5-d6d122daa640,531,krishna.kundapur@doordash.com,Krishna Kundapur,limited_access,,2020-12-01 00:00:00,True,Karnataka
eba49431-e230-4edc-ad3a-d1d040cb89c4,531,harindra.vittal@doordash.com,Harindra Vittal,guest,,2020-09-25 00:00:00,True,Karnataka
e3ac9dd3-9ba6-4d98-a960-2c3be8eea9e7,531,pavana.karigannur@doordash.com,Pavana Karigannur,admin,,2020-07-21 00:00:00,True,Karnataka
c9faa50c-6a7f-4edb-aa29-0e803f6e71c2,531,devendra.kurdi@doordash.com,Devendra Kurdi,guest,,2020-01-16 00:00:00,True,Karnataka
fff32a69-37f9-44d8-9235-e076321d024d,531,mayuri.kallur@doordash.com,Mayuri Kallur,member,,2020-12-06 00:00:00,True,Karnataka
48842d0b-e277-43df-b0ba-54e9fecd6f49,531,lokesh.annappa@doordash.com,Lokesh Annappa,limited_access,,2020-11-24 00:00:00,True,Karnataka
4496b4bd-b90a-4e88-9333-cd476d5facd6,531,rashmika.devappa@doordash.com,Rashmika Devappa,limited_access,,2020-12-20 00:00:00,True,Karnataka
5c14d269-933d-41b2-b992-cbbe9a1f0fcd,531,kalyan.kurdi@doordash.com,Kalyan Kurdi,limited_access,,2020-12-09 00:00:00,True,Karnataka
fab86354-9007-42e9-8253-e9d5703b6307,531,sthuthi.boddapur@doordash.com,Sthuthi Boddapur,limited_access,,2020-04-27 00:00:00,True,Karnataka
009042e3-3545-4b48-abfb-5a6820fc0110,531,gajendra.bagavi@doordash.com,Gajendra Bagavi,admin,,2020-09-17 00:00:00,True,Karnataka
45d2cd8e-b6b0-4c98-9783-2638c5b56891,531,akshathaamma.kolar@doordash.com,Akshathaamma Kolar,guest,,2020-01-14 00:00:00,True,Karnataka
7a6f9309-c243-4534-8f52-e397d47e9e63,531,chandreshwar.thackeray@doordash.com,Chandreshwar Thackeray,guest,,2020-03-07 00:00:00,True,Karnataka
761c0e6a-876f-4017-9b77-3daae5ad35ce,531,deepashree.shet@doordash.com,Deepashree Shet,limited_access,,2020-01-31 00:00:00,True,Karnataka
6a011ab4-ad39-4839-a709-e570227000b1,531,ponnappa.karadi@doordash.com,Ponnappa Karadi,member,,2020-05-01 00:00:00,True,Karnataka
b9c433d7-3b6b-433c-a573-f025051c5ab3,531,pratibha.kolar@doordash.com,Pratibha Kolar,admin,,2020-05-03 00:00:00,True,Karnataka
cee0a64a-4d9b-4a23-a6e9-6ede4e4667b2,531,shakti.savkur@doordash.com,Shakti Savkur,member,,2020-01-05 00:00:00,True,Karnataka
d90272ba-dc71-4701-a507-b90d7bdf7ad3,531,varalakshmidevi.karadi@doordash.com,Varalakshmidevi Karadi,guest,,2020-10-29 00:00:00,True,Karnataka
af2751a3-a21a-462e-b435-ac86d5c06d5b,531,sanjeev.heggade@doordash.com,Sanjeev Heggade,member,,2020-02-24 00:00:00,True,Karnataka
42168255-7eec-4f8c-8ea9-56444797b9c2,531,mounika.peddana@doordash.com,Mounika Peddana,member,,2020-07-17 00:00:00,True,Karnataka
47f3a16b-d39f-45a9-afc8-79c9ce2bbb89,531,bhaskarappa.nittur@doordash.com,Bhaskarappa Nittur,guest,,2020-04-27 00:00:00,True,Karnataka
e38f2e57-3a42-45c5-bd42-ec371fd666ff,531,vishnupriyadevi.tumkur@doordash.com,Vishnupriyadevi Tumkur,admin,,2020-09-16 00:00:00,True,Karnataka
218c8ed1-fa03-4fc0-a020-aff07355b4d3,531,mithilesh.chikkanayaka@doordash.com,Mithilesh Chikkanayaka,member,,2020-02-16 00:00:00,True,Karnataka
b972359f-a6fa-427a-8de6-f2621acf4cc2,531,kalindidevi.kolhar@doordash.com,Kalindidevi Kolhar,member,,2020-11-15 00:00:00,True,Karnataka
259b8bc4-d5be-4501-a29b-62eaa5a2492e,531,abhay.agadi@doordash.com,Abhay Agadi,guest,,2020-02-05 00:00:00,True,Karnataka
0d523aa7-ca84-478d-8278-eb366ffa9a63,531,komala.kundapur@doordash.com,Komala Kundapur,guest,,2020-08-26 00:00:00,True,Karnataka
fb57387d-d947-4a29-bada-8264679de8d7,531,lokesh.tippanna@doordash.com,Lokesh Tippanna,limited_access,,2020-11-29 00:00:00,True,Karnataka
d07b319c-3cd0-4790-a386-d79af42b0f4e,531,sruthi.devappa@doordash.com,Sruthi Devappa,member,,2020-08-29 00:00:00,True,Karnataka
e4688f1e-3b3c-496b-8f4d-9b0c680cfcda,531,ravi.halageri@doordash.com,Ravi Halageri,member,,2020-11-18 00:00:00,True,Karnataka
85800265-2f92-4b7b-8eef-56aefb024777,531,alaka.gangadhar@doordash.com,Alaka Gangadhar,guest,,2020-07-30 00:00:00,True,Karnataka
c69943d0-0dc9-4962-8233-a861ec58159a,531,ramachandra.shet@doordash.com,Ramachandra Shet,limited_access,,2020-03-18 00:00:00,True,Karnataka
abf5f826-4c6a-43de-ae29-009a5b1a2864,531,kundana.ellur@doordash.com,Kundana Ellur,member,,2020-01-04 00:00:00,True,Karnataka
e68944e6-3710-431b-aa2e-be9908a831b7,531,narayanswami.kadadi@doordash.com,Narayanswami Kadadi,guest,,2020-04-29 00:00:00,True,Karnataka
bd0bda13-32f5-47ad-b905-f7464560b76b,531,vallari.badami@doordash.com,Vallari Badami,admin,,2020-12-25 00:00:00,True,Karnataka
f2cf9a85-3dc8-4f09-91fb-82cad32606f6,531,chidambar.shivalli@doordash.com,Chidambar Shivalli,admin,,2020-12-25 00:00:00,True,Karnataka
5b88fd00-4de1-4a67-ad41-93f9da71844b,531,sangitha.yogananda@doordash.com,Sangitha Yogananda,member,,2020-08-27 00:00:00,True,Karnataka
795ba32d-f3ee-4ccd-bcf1-47256ebcf720,531,yadava.santhosh@doordash.com,Yadava Santhosh,limited_access,,2020-05-06 00:00:00,True,Karnataka
e12d0262-d67a-4dc7-844b-982bb2f8ecee,531,samyuktha.karjagi@doordash.com,Samyuktha Karjagi,member,,2020-05-24 00:00:00,True,Karnataka
7083b62e-5c73-457a-a0ef-0b42163f72ec,531,deveshwar.kodical@doordash.com,Deveshwar Kodical,admin,,2020-11-03 00:00:00,True,Karnataka
d77ef2fa-7890-4aa4-bc54-cdbf8e22eb8a,531,neelima.savkur@doordash.com,Neelima Savkur,guest,,2020-03-08 00:00:00,True,Karnataka
03297a79-b1bd-4418-839b-e358695bd621,531,balarama.talikoti@doordash.com,Balarama Talikoti,admin,,2020-11-03 00:00:00,True,Karnataka
6bb1d545-3ff6-4b18-9eaa-c9cbe9e47625,531,girijamma.somayaji@doordash.com,Girijamma Somayaji,limited_access,,2020-05-09 00:00:00,True,Karnataka
ee1e7bd8-1622-46f0-b28f-8a3cceb12824,531,mahendra.deshpande@doordash.com,Mahendra Deshpande,admin,,2020-08-27 00:00:00,True,Karnataka
cd669c01-b216-4f54-adf3-b3091b1b72d2,531,nivetha.mandya@doordash.com,Nivetha Mandya,member,,2020-04-08 00:00:00,True,Karnataka
55225181-df19-41fd-8468-d4dd14478182,531,vishnu.dandavati@doordash.com,Vishnu Dandavati,admin,,2020-03-28 00:00:00,True,Karnataka
bc564b3a-e2fc-47c1-b2d3-bf5ba8d90dac,531,saraswathi.hiremath@doordash.com,Saraswathi Hiremath,admin,,2020-08-23 00:00:00,True,Karnataka
44d8d122-42e4-4d65-8b50-08aa6c0e26da,531,saurabh.athreya@doordash.com,Saurabh Athreya,member,,2020-08-27 00:00:00,True,Karnataka
f688d099-e126-42d1-b5ac-3c5de12a0272,531,suraksha.kolhar@doordash.com,Suraksha Kolhar,guest,,2020-07-18 00:00:00,True,Karnataka
6b77cbec-86e9-47b9-80bb-a7909d331185,531,lokesh.lokesh@doordash.com,Lokesh Lokesh,limited_access,,2020-09-05 00:00:00,True,Karnataka
cf48f85f-1348-47a9-85d7-7327f8deb1b1,531,vishalakshidevi.suli@doordash.com,Vishalakshidevi Suli,guest,,2020-09-26 00:00:00,True,Karnataka
6d5bb0d6-51a4-4faa-bbbc-bca2ab2b6e20,531,indra.tharwani@doordash.com,Indra Tharwani,limited_access,,2020-04-05 00:00:00,True,Karnataka
fd40367b-c0b5-4887-b48d-8cc8774bf423,531,indira.achar@doordash.com,Indira Achar,limited_access,,2020-11-26 00:00:00,True,Karnataka
5b56cf49-9966-4ab5-9442-94eb7405e0c3,531,jai.tonse@doordash.com,Jai Tonse,member,,2020-06-12 00:00:00,True,Karnataka
cb8ea05c-7523-45f8-94d6-2d4fb46e4dcb,531,bhuvaneshwari.kannur@doordash.com,Bhuvaneshwari Kannur,admin,,2020-04-28 00:00:00,True,Karnataka
decc7fe9-563b-468d-a8ac-ceeefc2706b2,531,mithilesh.pujari@doordash.com,Mithilesh Pujari,admin,,2020-04-01 00:00:00,True,Karnataka
4f19c0c1-2917-4f9b-be70-2b3edc391601,531,nirmaladevi.shet@doordash.com,Nirmaladevi Shet,admin,,2020-04-10 00:00:00,True,Karnataka
15b326a5-dc16-43fa-8c41-41c7ef3ed22c,531,ajit.kundapur@doordash.com,Ajit Kundapur,member,,2020-11-21 00:00:00,True,Karnataka
2cf833c9-dcc2-4394-bf40-bd1b1739b7ce,531,bhadra.yenagi@doordash.com,Bhadra Yenagi,admin,,2020-06-06 00:00:00,True,Karnataka
c69910bd-562c-4471-a927-4a902db3438e,531,sarthak.shravanabelagola@doordash.com,Sarthak Shravanabelagola,limited_access,,2020-09-07 00:00:00,True,Karnataka
848fb620-3fce-4d73-90bc-ec851abb0749,531,chandrikakumari.sivasubramanian@doordash.com,Chandrikakumari Sivasubramanian,limited_access,,2020-12-09 00:00:00,True,Karnataka
ad88c35c-ad8f-4e6a-84a3-57383dde69c8,531,dhanraj.tirumakudal@doordash.com,Dhanraj Tirumakudal,admin,,2020-04-23 00:00:00,True,Karnataka
bfd7ceed-bdb6-4f0a-a967-ffc5f00a415d,531,anupama.somayaji@doordash.com,Anupama Somayaji,limited_access,,2020-02-16 00:00:00,True,Karnataka
fcfc08ec-5e90-4fb6-9c74-1ce0e3bd009b,531,raghuram.deshpande@doordash.com,Raghuram Deshpande,limited_access,,2020-12-15 00:00:00,True,Karnataka
152a8b90-1e49-4192-ba7b-51afac91d168,531,indumathidevi.gudi@doordash.com,Indumathidevi Gudi,member,,2020-12-02 00:00:00,True,Karnataka
56b7c788-0607-4e96-9f45-b2655fbe6c15,531,pavan.sannakki@doordash.com,Pavan Sannakki,admin,,2020-03-30 00:00:00,True,Karnataka
176d1d3f-549d-44a0-b149-b75235e3c2cc,531,yogini.venkatesh@doordash.com,Yogini Venkatesh,admin,,2020-05-10 00:00:00,True,Karnataka
efd73708-eff5-414e-9e56-b7a20a645533,531,jayendra.baranwal@doordash.com,Jayendra Baranwal,limited_access,,2020-02-24 00:00:00,True,Karnataka
724ba8dd-aa75-4916-a51b-ba7a6d0729b6,531,geethika.gangadhar@doordash.com,Geethika Gangadhar,member,,2020-09-24 00:00:00,True,Karnataka
3b194971-d367-4463-8e9a-3c9199344650,531,rudresh.medappa@doordash.com,Rudresh Medappa,limited_access,,2020-05-07 00:00:00,True,Karnataka
4fd89710-e9b5-4f7e-984e-cf64146edc53,531,keerthi.upadhyay@doordash.com,Keerthi Upadhyay,guest,,2020-08-29 00:00:00,True,Karnataka
150bcc45-24df-4725-9beb-797783e1d800,531,shrikanth.bellare@doordash.com,Shrikanth Bellare,guest,,2020-03-25 00:00:00,True,Karnataka
a313b0d9-2183-4dcb-a42e-de64b07cd94c,531,purnima.garadi@doordash.com,Purnima Garadi,limited_access,,2020-06-14 00:00:00,True,Karnataka
a0e10062-6382-4e2a-b0a8-c2722dc9e67f,531,atmaram.karigowda@doordash.com,Atmaram Karigowda,guest,,2020-05-17 00:00:00,True,Karnataka
5c23de3f-cb1c-4f24-be24-a3cc8b688cc3,531,chandralekha.garadi@doordash.com,Chandralekha Garadi,limited_access,,2020-09-28 00:00:00,True,Karnataka
40b15ad9-540c-4374-8ade-20637210f340,531,omprakash.chikodi@doordash.com,Omprakash Chikodi,guest,,2020-08-04 00:00:00,True,Karnataka
baa75b06-6d08-4a0a-870f-0d57f7ba38c5,531,shilaka.poojari@doordash.com,Shilaka Poojari,guest,,2020-05-27 00:00:00,True,Karnataka
8fbfe4e5-da46-47f1-ab50-15cb58a66a5e,531,sunil.harapanahalli@doordash.com,Sunil Harapanahalli,limited_access,,2020-11-03 00:00:00,True,Karnataka
f50e454f-f274-4fda-ac5b-11b7e2ee873f,531,charitha.medappa@doordash.com,Charitha Medappa,member,,2020-12-12 00:00:00,True,Karnataka
cff1c742-d0e3-44fe-8a8f-11634d02330c,531,makarand.sorab@doordash.com,Makarand Sorab,member,,2020-10-15 00:00:00,True,Karnataka
a3d9d608-ba05-4e9c-9980-3288f5e9c5fd,531,subhadra.arsikere@doordash.com,Subhadra Arsikere,guest,,2020-02-14 00:00:00,True,Karnataka
0a4861f1-1d64-4caa-85b8-bc0606fb75ef,531,subramaniam.vernekar@doordash.com,Subramaniam Vernekar,member,,2020-11-25 00:00:00,True,Karnataka
a5169bc4-458c-4e59-8446-4f4e31daf02b,531,madhumitaamma.arsikere@doordash.com,Madhumitaamma Arsikere,admin,,2020-10-03 00:00:00,True,Karnataka
9836ee8b-02f7-4709-a90c-a1e38aef1a28,531,rajvinder.kurundwad@doordash.com,Rajvinder Kurundwad,guest,,2020-04-25 00:00:00,True,Karnataka
c289eb1d-2afa-4204-a870-a2cad120b8d7,531,sharmila.basavappa@doordash.com,Sharmila Basavappa,guest,,2020-11-01 00:00:00,True,Karnataka
33def019-2457-4594-94ff-b6032f00e2b8,531,gunaranjan.ilkal@doordash.com,Gunaranjan Ilkal,admin,,2020-09-25 00:00:00,True,Karnataka
30b5b669-8e78-43b1-9662-ef74cb1849aa,531,keshavi.kalmath@doordash.com,Keshavi Kalmath,member,,2020-05-17 00:00:00,True,Karnataka
2d4d287c-24df-425f-82db-55a9255fecd5,531,sreenivas.pal@doordash.com,Sreenivas Pal,admin,,2020-12-28 00:00:00,True,Karnataka
a10347a5-6e42-41f7-a841-826a7b320aa2,531,sharadhi.alva@doordash.com,Sharadhi Alva,limited_access,,2020-06-01 00:00:00,True,Karnataka
40f2fdaa-50a0-468e-8bff-5796df75169b,531,shivakumar.prabhakar@doordash.com,Shivakumar Prabhakar,admin,,2020-06-09 00:00:00,True,Karnataka
b54c5109-5e74-4ee0-8f50-d66259036011,531,sharada.alva@doordash.com,Sharada Alva,guest,,2020-09-24 00:00:00,True,Karnataka
a6ac3606-1bb7-4dff-b1fd-b116077a730b,531,srinath.thimmaiah@doordash.com,Srinath Thimmaiah,member,,2020-12-31 00:00:00,True,Karnataka
e0293e65-546c-4ae8-bf04-1089e6254066,531,snehakumari.kundapur@doordash.com,Snehakumari Kundapur,limited_access,,2020-06-09 00:00:00,True,Karnataka
2a76205c-49d0-4aac-b8a3-f481c2820f9c,531,krishnananda.agadi@doordash.com,Krishnananda Agadi,guest,,2020-04-16 00:00:00,True,Karnataka
9974262f-04cd-4b85-b1cb-3257f98ccb13,531,prabha.cheppudira@doordash.com,Prabha Cheppudira,member,,2020-07-26 00:00:00,True,Karnataka
f5735bcf-20b7-4d23-93b5-16743a8e18ee,531,rathi.kannur@doordash.com,Rathi Kannur,member,,2020-02-25 00:00:00,True,Karnataka
643636d8-74d8-485c-93f0-5b96b93ffdb2,531,hemalatha.alva@doordash.com,Hemalatha Alva,member,,2020-01-13 00:00:00,True,Karnataka
250cabca-3cd7-40eb-b908-ba3ba183e052,531,samarth.ellur@doordash.com,Samarth Ellur,admin,,2020-07-30 00:00:00,True,Karnataka
61fb751d-5ac8-4d3d-a4c4-a0e344b942ef,531,amrita.gundappa@doordash.com,Amrita Gundappa,admin,,2020-10-28 00:00:00,True,Karnataka
6facbf97-2312-4e19-9711-fd10a0347f20,531,shailendra.chandapur@doordash.com,Shailendra Chandapur,guest,,2020-04-02 00:00:00,True,Karnataka
e0ae99b7-9d1e-4bea-91d7-5408dae93990,531,nishaamma.javali@doordash.com,Nishaamma Javali,member,,2020-05-07 00:00:00,True,Karnataka
c113da6c-7c67-413a-abe9-f0abaf584584,531,bhuvanesh.gubbi@doordash.com,Bhuvanesh Gubbi,admin,,2020-01-20 00:00:00,True,Karnataka
b7a57fa4-11d5-4463-99df-3c99b8de81bb,531,rishikaamma.karjagi@doordash.com,Rishikaamma Karjagi,admin,,2020-04-04 00:00:00,True,Karnataka
20f65e6d-43ae-48dc-8033-6f9352dc388f,531,amar.banakar@doordash.com,Amar Banakar,member,,2020-04-24 00:00:00,True,Karnataka
732f5a7f-e12a-4f2e-8b56-e8df5022d3f5,531,sharada.gudi@doordash.com,Sharada Gudi,guest,,2020-03-15 00:00:00,True,Karnataka
b80094f6-b9f4-4e68-bb84-71a97a856a0a,531,vishwanathan.karadi@doordash.com,Vishwanathan Karadi,admin,,2020-09-01 00:00:00,True,Karnataka
097f5db5-e8ff-4432-8b5e-20d0e1dc9b05,531,yamika.chincholi@doordash.com,Yamika Chincholi,member,,2020-03-23 00:00:00,True,Karnataka
4535130a-ff4e-4dc5-9498-bc8f77b3195b,531,kailasam.uppunda@doordash.com,Kailasam Uppunda,admin,,2020-04-05 00:00:00,True,Karnataka
db878e5c-d0b5-434e-94dd-0097aa37bf3d,531,anvitha.gudigere@doordash.com,Anvitha Gudigere,admin,,2020-06-10 00:00:00,True,Karnataka
e9721070-9e32-43ba-8031-b97a32d37d29,531,uttam.talikoti@doordash.com,Uttam Talikoti,admin,,2020-01-06 00:00:00,True,Karnataka
4e64d141-9e2e-47b8-bcbe-1feb7aa94240,531,sumangala.poojari@doordash.com,Sumangala Poojari,member,,2020-10-29 00:00:00,True,Karnataka
e5128cad-a7f9-457d-9fc2-3d2bde64ad1d,531,shanmukha.bidari@doordash.com,Shanmukha Bidari,guest,,2020-07-02 00:00:00,True,Karnataka
022df90a-64b5-42b2-ba03-45d9c97a0062,531,swarna.yogananda@doordash.com,Swarna Yogananda,admin,,2020-06-15 00:00:00,True,Karnataka
8fdc052a-60eb-48fb-b0e6-20d426629f0e,531,rama.kaniyoor@doordash.com,Rama Kaniyoor,member,,2020-08-19 00:00:00,True,Karnataka
c0533a94-33ea-4bc2-9dd3-ca41d7832f04,531,sadhvi.kallur@doordash.com,Sadhvi Kallur,guest,,2020-08-29 00:00:00,True,Karnataka
c4c640d8-2d52-4261-b827-684c42d99c51,531,girish.koratagere@doordash.com,Girish Koratagere,admin,,2020-09-23 00:00:00,True,Karnataka
2c29862c-0c0e-4710-bacb-96a0a0d82fc3,531,sarasvathidevi.salagame@doordash.com,Sarasvathidevi Salagame,admin,,2020-11-12 00:00:00,True,Karnataka
964832de-bd71-45ef-95c4-aca5bd946efd,531,naveenkumar.kolli@doordash.com,Naveenkumar Kolli,member,,2020-06-17 00:00:00,True,Karnataka
de58d349-3aa4-4f26-b82c-21b570f28c92,531,radhya.sivasubramanian@doordash.com,Radhya Sivasubramanian,guest,,2020-08-31 00:00:00,True,Karnataka
c0c87f49-d382-46a8-b1d8-d5efb90abd53,531,rama.hugar@doordash.com,Rama Hugar,guest,,2020-06-05 00:00:00,True,Karnataka
0199231f-8ee5-4667-b46c-042f297d022f,531,sushila.ganganalli@doordash.com,Sushila Ganganalli,member,,2020-05-06 00:00:00,True,Karnataka
1e925b1a-e341-4a05-ac2a-6992793dee44,531,krishnananda.kodgi@doordash.com,Krishnananda Kodgi,admin,,2020-10-02 00:00:00,True,Karnataka
b398c508-432d-432e-9352-374a6f7b5676,531,sapna.poojari@doordash.com,Sapna Poojari,guest,,2020-04-01 00:00:00,True,Karnataka
e96f6bcc-0e05-4a78-b781-8b0abfdeca3f,531,chandrashekar.kodihalli@doordash.com,Chandrashekar Kodihalli,guest,,2020-05-08 00:00:00,True,Karnataka
a273460c-6473-4f2a-a9ff-3a83e99af588,531,shubhalakshmi.salagame@doordash.com,Shubhalakshmi Salagame,guest,,2020-10-18 00:00:00,True,Karnataka
e42e197a-7f2c-4068-ac4d-12536e582b08,531,ujjwal.satyapriya@doordash.com,Ujjwal Satyapriya,guest,,2020-03-05 00:00:00,True,Karnataka
02e7ab3a-a5e4-40e9-acb0-2dee901bb886,531,swarnaprabha.mesta@doordash.com,Swarnaprabha Mesta,guest,,2020-09-10 00:00:00,True,Karnataka
24931cfa-c753-4d08-9e37-41e72c87dc9b,531,yagnendra.nandini@doordash.com,Yagnendra Nandini,member,,2020-08-26 00:00:00,True,Karnataka
9b563e16-29ee-481d-a0d9-5c1e679311cb,531,nishitha.panambur@doordash.com,Nishitha Panambur,admin,,2020-04-07 00:00:00,True,Karnataka
12320eee-b2fb-4d8b-9dd9-35166338eac7,531,bharath.doni@doordash.com,Bharath Doni,guest,,2020-10-15 00:00:00,True,Karnataka
539408d2-edd3-4d8c-8dda-1c44a9ada2fe,531,shreedevikumari.kalmath@doordash.com,Shreedevikumari Kalmath,limited_access,,2020-04-18 00:00:00,True,Karnataka
a95ec726-f94d-447b-b301-cf4aa03ce2c9,531,shubhranshu.channappa@doordash.com,Shubhranshu Channappa,admin,,2020-09-17 00:00:00,True,Karnataka
33ee1d29-1976-494e-a7c3-2feb8ea80e8f,531,pranitha.ganganalli@doordash.com,Pranitha Ganganalli,admin,,2020-11-16 00:00:00,True,Karnataka
461b1122-cef9-4df2-b074-d55a62938c26,531,pradeep.gade@doordash.com,Pradeep Gade,admin,,2020-10-08 00:00:00,True,Karnataka
7175955d-c283-4723-8a97-574ee9ff91e2,531,shalini.santhosh@doordash.com,Shalini Santhosh,limited_access,,2020-06-06 00:00:00,True,Karnataka
581023a9-1e81-4ee6-8823-6cfc0e9412ae,531,shivendra.ganiga@doordash.com,Shivendra Ganiga,admin,,2020-03-18 00:00:00,True,Karnataka
aa675b84-5007-40ee-ad4d-ef54a816d2d8,531,haripriyakumari.javali@doordash.com,Haripriyakumari Javali,guest,,2020-09-30 00:00:00,True,Karnataka
e7759ddf-cda4-416c-bbf7-cf9316f7df18,531,suraj.salagame@doordash.com,Suraj Salagame,admin,,2020-02-05 00:00:00,True,Karnataka
f7ed67ec-d4c3-47e3-adfe-6482970ee3aa,531,yashicaamma.karigannur@doordash.com,Yashicaamma Karigannur,member,,2020-06-13 00:00:00,True,Karnataka
4dffde44-65d3-48a9-bfe6-6d0f9486c048,531,ajaya.anvekar@doordash.com,Ajaya Anvekar,member,,2020-09-25 00:00:00,True,Karnataka
05ecdd93-18a8-4a74-b231-e81114e19665,531,aparna.achar@doordash.com,Aparna Achar,member,,2020-01-02 00:00:00,True,Karnataka
b1db03fc-ddab-41e7-8c5f-f5cd836e7827,531,charan.kundapur@doordash.com,Charan Kundapur,admin,,2020-06-09 00:00:00,True,Karnataka
640013f2-09f5-4fb0-8f08-592b1e7c5fe9,531,suguna.yenagi@doordash.com,Suguna Yenagi,member,,2020-06-10 00:00:00,True,Karnataka
9328a1f7-0615-4111-a529-d604be2169f1,531,vivek.moily@doordash.com,Vivek Moily,guest,,2020-07-04 00:00:00,True,Karnataka
64a8f2e7-0292-4eb8-b27e-82b7d338504a,531,nethravathiamma.koppal@doordash.com,Nethravathiamma Koppal,limited_access,,2020-06-13 00:00:00,True,Karnataka
819e0e69-8203-415a-bb7a-8c5aac8a075f,531,kuppuswamy.annappa@doordash.com,Kuppuswamy Annappa,member,,2020-05-14 00:00:00,True,Karnataka
b1201fac-381e-45c7-a006-9fcb62f7f5ac,531,lalithakumari.chennappa@doordash.com,Lalithakumari Chennappa,guest,,2020-02-12 00:00:00,True,Karnataka
cd07b808-e7ad-4d70-844f-6464b0333a26,531,vinod.shreepathi@doordash.com,Vinod Shreepathi,limited_access,,2020-11-17 00:00:00,True,Karnataka
5bf411e6-26a6-470f-ac42-46693e7b6126,531,mahalakshmi.venkatesh@doordash.com,Mahalakshmi Venkatesh,member,,2020-03-28 00:00:00,True,Karnataka
2e2f51c1-83f8-4585-b39c-a4b250601145,531,rupesh.nandi@doordash.com,Rupesh Nandi,guest,,2020-01-14 00:00:00,True,Karnataka
e7f6b237-4a1f-4903-a4bc-77e15a2ebd3c,531,medhini.shivamurthy@doordash.com,Medhini Shivamurthy,member,,2020-04-30 00:00:00,True,Karnataka
8337d96b-6bae-488e-8bfe-22380dc3c469,531,vikas.yemme@doordash.com,Vikas Yemme,admin,,2020-03-29 00:00:00,True,Karnataka
14b0e0ef-0798-4613-8c6b-c4e8e6149a70,531,shalinikumari.narasimharajapur@doordash.com,Shalinikumari Narasimharajapur,guest,,2020-10-23 00:00:00,True,Karnataka
0d9e376d-ffe2-4640-97b0-cb7f13c9f07f,531,durgesh.venkataraman@doordash.com,Durgesh Venkataraman,limited_access,,2020-12-05 00:00:00,True,Karnataka
d2b17635-76b3-4d03-a1cc-f5021d7f842e,531,yashasvi.cheppudira@doordash.com,Yashasvi Cheppudira,limited_access,,2020-06-12 00:00:00,True,Karnataka
70a74e4b-5340-4845-bb5f-043e4e270911,531,gajendra.rai@doordash.com,Gajendra Rai,admin,,2020-04-27 00:00:00,True,Karnataka
5093dfe2-e0f5-4544-af6d-0aef4b9fa660,531,madhuri.yogananda@doordash.com,Madhuri Yogananda,guest,,2020-11-05 00:00:00,True,Karnataka
58b1d2c8-06c4-4d13-a072-06400cfcc1ea,531,rajeev.kalmath@doordash.com,Rajeev Kalmath,admin,,2020-02-08 00:00:00,True,Karnataka
5ed0332b-f138-44e1-99de-6dc178d6647a,531,ambika.garadi@doordash.com,Ambika Garadi,limited_access,,2020-11-21 00:00:00,True,Karnataka
2ad3bc6d-4708-4e44-854f-562c6ce8a050,531,surajkumar.sakleshpura@doordash.com,Surajkumar Sakleshpura,admin,,2020-10-04 00:00:00,True,Karnataka
8bb3e7e9-f3a0-4b74-98e7-03ec4b165400,531,neeraja.tumkur@doordash.com,Neeraja Tumkur,guest,,2020-03-22 00:00:00,True,Karnataka
1ede90e4-6a28-4541-8065-5ab6c91d9f0b,531,kanishk.muthuswami@doordash.com,Kanishk Muthuswami,member,,2020-12-25 00:00:00,True,Karnataka
507c5476-5b0f-40d3-8283-766fce816ee6,531,poornachandra.ellur@doordash.com,Poornachandra Ellur,admin,,2020-09-27 00:00:00,True,Karnataka
e2126efb-bc96-467a-a199-1069c78de67f,531,mohit.chikkaballapur@doordash.com,Mohit Chikkaballapur,admin,,2020-10-26 00:00:00,True,Karnataka
e2fe0c48-1fba-4d7e-8f69-23fe18c10abb,531,anushree.salagame@doordash.com,Anushree Salagame,limited_access,,2020-05-26 00:00:00,True,Karnataka
57f1cf19-bffd-4ab9-8f39-bd4c735347ae,531,rajan.ramachandra@doordash.com,Rajan Ramachandra,guest,,2020-12-26 00:00:00,True,Karnataka
199351aa-8d0b-499b-8b51-0ab99d42259c,531,sampadadevi.kalmath@doordash.com,Sampadadevi Kalmath,guest,,2020-06-17 00:00:00,True,Karnataka
606d1fc6-1207-4659-8c3b-28989a6d77ec,531,saurabh.sunil@doordash.com,Saurabh Sunil,limited_access,,2020-10-11 00:00:00,True,Karnataka
04fb75ed-3502-48ad-9b1d-fdf5515b7b75,531,nirupama.panambur@doordash.com,Nirupama Panambur,admin,,2020-07-02 00:00:00,True,Karnataka
0cb21b5f-fcc8-4e97-a084-cb0b1eb061ec,531,krishnamoorthy.jadhav@doordash.com,Krishnamoorthy Jadhav,admin,,2020-08-24 00:00:00,True,Karnataka
3c37efdc-55b0-4698-86b5-9b0e4bcfc846,531,somaamma.vaidya@doordash.com,Somaamma Vaidya,admin,,2020-07-07 00:00:00,True,Karnataka
3dc31a3a-73c3-43e3-8755-9d384a134258,531,suryanarayana.madappa@doordash.com,Suryanarayana Madappa,limited_access,,2020-08-22 00:00:00,True,Karnataka
486cff72-e21d-4c0a-98d3-e6b37a30b86a,531,nandini.yogananda@doordash.com,Nandini Yogananda,admin,,2020-06-05 00:00:00,True,Karnataka
7ac79e2f-6ec8-43d5-b133-e2a1b74f0ef4,531,ankit.boddapur@doordash.com,Ankit Boddapur,limited_access,,2020-04-01 00:00:00,True,Karnataka
c6febaa9-007e-4cc4-a9f9-d8fe3dac7615,531,swetha.upadhyay@doordash.com,Swetha Upadhyay,member,,2020-11-01 00:00:00,True,Karnataka
65989abb-22e3-4b50-b324-67ce538009a8,531,kalyan.bhatkal@doordash.com,Kalyan Bhatkal,guest,,2020-08-22 00:00:00,True,Karnataka
6cad25cd-5e9b-43e3-9e0d-ec1081f0b8b1,531,mandakini.vernekar@doordash.com,Mandakini Vernekar,member,,2020-07-05 00:00:00,True,Karnataka
290ad940-08be-4c8c-bdba-c9f21a455b9f,531,bhaskarappa.baliga@doordash.com,Bhaskarappa Baliga,member,,2020-03-24 00:00:00,True,Karnataka
b99282a1-7b60-441f-bc4a-16b70684af95,531,hamsikakumari.garadi@doordash.com,Hamsikakumari Garadi,limited_access,,2020-04-23 00:00:00,True,Karnataka
0a68fb93-d054-4381-a1bb-e76a5fa60d60,531,vijayraj.bilgi@doordash.com,Vijayraj Bilgi,member,,2020-01-24 00:00:00,True,Karnataka
24f0d2a8-95da-4ad8-ab92-baaf009e8b43,531,kaminidevi.devappa@doordash.com,Kaminidevi Devappa,member,,2020-06-11 00:00:00,True,Karnataka
4451a847-7be5-4a04-9cee-4463bced4545,531,kamal.kalmath@doordash.com,Kamal Kalmath,guest,,2020-09-25 00:00:00,True,Karnataka
ac6e8aca-a2a0-4260-acbd-4e43fd03b596,531,ranjitha.shet@doordash.com,Ranjitha Shet,admin,,2020-08-09 00:00:00,True,Karnataka
8bc80d64-d709-45e1-ab1d-e90be071a256,531,jayaprakash.siddi@doordash.com,Jayaprakash Siddi,limited_access,,2020-09-01 00:00:00,True,Karnataka
83c715c8-4567-4d62-ab9f-3c9d9822ed84,531,kiranmayi.karjagi@doordash.com,Kiranmayi Karjagi,guest,,2020-05-22 00:00:00,True,Karnataka
ef265496-6180-44da-b7fc-d4af17d16e46,531,divakar.kushalappa@doordash.com,Divakar Kushalappa,admin,,2020-09-03 00:00:00,True,Karnataka
606d7db5-4600-48fb-a01f-6eddda117385,531,likhita.upadhyay@doordash.com,Likhita Upadhyay,guest,,2020-04-20 00:00:00,True,Karnataka
85c7f0ac-8696-42fc-a89b-b579f08c6e48,531,durgesh.acharya@doordash.com,Durgesh Acharya,limited_access,,2020-03-14 00:00:00,True,Karnataka
228313f4-36a6-4a6c-a23b-5d1474ba74ed,531,alpana.poojari@doordash.com,Alpana Poojari,guest,,2020-02-27 00:00:00,True,Karnataka
97a63bc0-a4fb-4fa1-bdcf-2ca99b6d8882,531,rupesh.shirahatti@doordash.com,Rupesh Shirahatti,guest,,2020-11-26 00:00:00,True,Karnataka
86532bcd-46a0-4105-bee7-1980fb6c4cf5,531,bhuvaneshwariamma.somayaji@doordash.com,Bhuvaneshwariamma Somayaji,limited_access,,2020-07-06 00:00:00,True,Karnataka
c03a7c92-f727-4748-9a83-57338cf766e0,531,harilal.gava@doordash.com,Harilal Gava,member,,2020-02-07 00:00:00,True,Karnataka
6b5d8b63-d27b-450f-b364-4044124db0d3,531,madhurikumari.hiremath@doordash.com,Madhurikumari Hiremath,admin,,2020-03-15 00:00:00,True,Karnataka
aa0d6f3a-2602-4a22-9040-f0bdf1398a01,531,nirmal.tharwani@doordash.com,Nirmal Tharwani,member,,2020-12-25 00:00:00,True,Karnataka
b6d8efc3-0fbd-443d-b6f7-034a2e2be199,531,anushree.arsikere@doordash.com,Anushree Arsikere,limited_access,,2020-09-13 00:00:00,True,Karnataka
5a4f768e-3e4e-4087-a976-f2caa5003ee4,531,dineshan.kadri@doordash.com,Dineshan Kadri,admin,,2020-07-15 00:00:00,True,Karnataka
6e11bc17-e830-4e4d-948d-2a09136e30ad,531,vandana.badami@doordash.com,Vandana Badami,member,,2020-08-20 00:00:00,True,Karnataka
97d8dc84-e4f6-409a-adb8-17ce1397e9bb,531,mahadev.vikas@doordash.com,Mahadev Vikas,guest,,2020-05-17 00:00:00,True,Karnataka
fc146d4c-c17b-4314-a281-86d7c78a0dec,531,iswaryaamma.karkala@doordash.com,Iswaryaamma Karkala,member,,2020-12-14 00:00:00,True,Karnataka
f7823288-223c-4d2e-8728-cb24494fa454,531,divakar.menasinakai@doordash.com,Divakar Menasinakai,limited_access,,2020-04-23 00:00:00,True,Karnataka
8916c7d9-1f35-476d-9820-802c6f463c3d,531,susheela.koppal@doordash.com,Susheela Koppal,limited_access,,2020-08-30 00:00:00,True,Karnataka
13ed0f83-bbe9-4cd0-9042-8fc7980db7e0,531,bhanuprasad.yellappa@doordash.com,Bhanuprasad Yellappa,limited_access,,2020-11-09 00:00:00,True,Karnataka
7008e10c-b657-4388-9ee4-4d147d1d165b,531,renu.kalmath@doordash.com,Renu Kalmath,admin,,2020-08-21 00:00:00,True,Karnataka
e358a993-f816-4b83-8ad6-d5830cbad107,531,atmaram.chikkanayakanahalli@doordash.com,Atmaram Chikkanayakana Halli,member,,2020-07-28 00:00:00,True,Karnataka
99bbb03f-8b8a-45b0-bb94-3ba3e13625a0,531,sruthi.shyam@doordash.com,Sruthi Shyam,guest,,2020-05-14 00:00:00,True,Karnataka
45860970-f2ae-4c45-bd01-745751683ab8,531,ganeshwar.heggade@doordash.com,Ganeshwar Heggade,member,,2020-09-26 00:00:00,True,Karnataka
fe296c61-8640-480b-baea-370b5a8a7521,531,samathakumari.gudi@doordash.com,Samathakumari Gudi,member,,2020-05-13 00:00:00,True,Karnataka
be9c2ae9-0225-4153-b878-a0c6e52a6690,531,uttam.vijay@doordash.com,Uttam Vijay,limited_access,,2020-08-21 00:00:00,True,Karnataka
7a004096-a2c2-4e6b-9b73-b2d3cab32c17,531,shanayadevi.devappa@doordash.com,Shanayadevi Devappa,admin,,2020-03-04 00:00:00,True,Karnataka
7f2ff1ef-7bb1-4f7a-a934-5d0cdd7578cc,531,jayakumar.gadiyar@doordash.com,Jayakumar Gadiyar,admin,,2020-10-23 00:00:00,True,Karnataka
836593d3-9ec3-42ac-b125-60076e9171fd,531,kusuma.belur@doordash.com,Kusuma Belur,limited_access,,2020-10-21 00:00:00,True,Karnataka
2a58ba9a-a083-40dc-ac4c-ca5a31592234,531,ganapati.shravanabelagola@doordash.com,Ganapati Shravanabelagola,admin,,2020-04-30 00:00:00,True,Karnataka
0416dd96-d459-4d7a-a66e-cfe79347d518,531,mahadevi.karigannur@doordash.com,Mahadevi Karigannur,member,,2020-11-08 00:00:00,True,Karnataka
c7aee4bd-5c7e-4a30-8f10-6e48ea2c7c6c,531,bhaskarappa.rajeshwari@doordash.com,Bhaskarappa Rajeshwari,member,,2020-07-30 00:00:00,True,Karnataka
94cc0155-d9b6-4d24-a8c3-ed8d3dc0d450,531,yashitha.upadhyay@doordash.com,Yashitha Upadhyay,admin,,2020-04-06 00:00:00,True,Karnataka
605a8666-9a34-4eae-9eee-fc29fb81b17b,531,dhruv.sangolli@doordash.com,Dhruv Sangolli,member,,2020-10-17 00:00:00,True,Karnataka
b4eb5b65-4014-4d86-ac49-aeb0659a920f,531,lathakumari.mestri@doordash.com,Lathakumari Mestri,admin,,2020-04-19 00:00:00,True,Karnataka
77b6d679-f3d7-4342-90e8-c93792e3b96b,531,manohar.shiralakoppa@doordash.com,Manohar Shiralakoppa,admin,,2020-01-22 00:00:00,True,Karnataka
30d5578e-5256-40df-9ff8-db7837c11136,531,vanitha.tendulkar@doordash.com,Vanitha Tendulkar,admin,,2020-05-13 00:00:00,True,Karnataka
00f4a186-2b21-41c0-a492-45ce45268767,531,venkatachalapathy.shreepathi@doordash.com,Venkatachalapathy Shreepathi,limited_access,,2020-12-09 00:00:00,True,Karnataka
4c3fde2e-6e9b-4bee-9b13-24061bc18288,531,shantala.suli@doordash.com,Shantala Suli,admin,,2020-04-01 00:00:00,True,Karnataka
6aabcd71-82e5-4ba4-9481-e1618cf0dba8,531,venkataraman.bhadravathi@doordash.com,Venkataraman Bhadravathi,member,,2020-07-23 00:00:00,True,Karnataka
9791190f-9ee0-4557-b216-73728c4550b2,531,komalakumari.poojari@doordash.com,Komalakumari Poojari,member,,2020-11-18 00:00:00,True,Karnataka
cbd3bde4-1f75-4d22-8621-e5518039e49b,531,akarsh.shirasangi@doordash.com,Akarsh Shirasangi,admin,,2020-01-14 00:00:00,True,Karnataka
4a551bb7-73ba-4315-b231-2bac2d6c30c5,531,sirisha.sharma@doordash.com,Sirisha Sharma,admin,,2020-07-31 00:00:00,True,Karnataka
3e5916c1-7099-4321-839d-44bd8173217e,531,ganeshappa.deshpande@doordash.com,Ganeshappa Deshpande,admin,,2020-11-25 00:00:00,True,Karnataka
c61a2e66-c08a-4869-a85e-cfdad75a9a89,531,vijayalakshmikumari.koppal@doordash.com,Vijayalakshmikumari Koppal,admin,,2020-05-09 00:00:00,True,Karnataka
06940ca3-ff93-4325-81d6-ce2790b498b5,531,puranjay.shridhar@doordash.com,Puranjay Shridhar,admin,,2020-09-12 00:00:00,True,Karnataka
c55138b6-6725-4c3a-98b3-f612527d591c,531,mounikaamma.javali@doordash.com,Mounikaamma Javali,member,,2020-01-27 00:00:00,True,Karnataka
cd4ee265-b7cd-4a1b-8c41-a9ea8dd19aa4,531,deveshwar.gokak@doordash.com,Deveshwar Gokak,limited_access,,2020-06-07 00:00:00,True,Karnataka
e8336f01-760a-4a11-bf52-17e745a89322,531,mounika.kolar@doordash.com,Mounika Kolar,limited_access,,2020-10-17 00:00:00,True,Karnataka
fbfcb3fe-b364-430a-9643-0a319b4a92c8,531,lokesh.malgudi@doordash.com,Lokesh Malgudi,admin,,2020-01-24 00:00:00,True,Karnataka
fe81ce0c-142f-4e13-aea0-abccb8686c8e,531,lakshmikumari.devappa@doordash.com,Lakshmikumari Devappa,member,,2020-07-03 00:00:00,True,Karnataka
0ae112ea-764d-48aa-91ba-5163c8541521,531,sashwat.narasimharajapur@doordash.com,Sashwat Narasimharajapur,guest,,2020-12-20 00:00:00,True,Karnataka
2634caa1-11fd-4b12-b32f-3c670906a576,531,subhadrakumari.arsikere@doordash.com,Subhadrakumari Arsikere,admin,,2020-01-28 00:00:00,True,Karnataka
36058527-a013-44f3-90bc-8a3b33c93910,531,vinod.siddi@doordash.com,Vinod Siddi,guest,,2020-04-21 00:00:00,True,Karnataka
f3e352b1-13d3-4f8a-b817-a5f0a0a1dc41,531,madhuriamma.chincholi@doordash.com,Madhuriamma Chincholi,guest,,2020-08-21 00:00:00,True,Karnataka
5772693e-1dd7-4fa2-938c-4755ec671f03,531,karthikeya.tonse@doordash.com,Karthikeya Tonse,member,,2020-04-05 00:00:00,True,Karnataka
7d5ebaf5-4489-4b07-b6cb-c40ec34c5b5d,531,kavyashreedevi.karadi@doordash.com,Kavyashreedevi Karadi,admin,,2020-11-05 00:00:00,True,Karnataka
ac5e79d9-68b9-42a4-b37b-abeb8439447a,531,raghupati.patwardhan@doordash.com,Raghupati Patwardhan,guest,,2020-10-03 00:00:00,True,Karnataka
47b96f1e-184f-486a-b5fa-f9a9b3051cf3,531,sheethaldevi.shyam@doordash.com,Sheethaldevi Shyam,admin,,2020-08-29 00:00:00,True,Karnataka
fd9fc755-0761-45f9-bb0b-06de1aedd918,531,vishnuprasad.ilkal@doordash.com,Vishnuprasad Ilkal,guest,,2020-06-12 00:00:00,True,Karnataka
dfdeedf6-daa3-435b-ba89-7fa3fb8d900c,531,divyashreeamma.somayaji@doordash.com,Divyashreeamma Somayaji,limited_access,,2020-08-04 00:00:00,True,Karnataka
f6e6412e-c390-407d-942d-fb98451c2e43,531,vamsi.badami@doordash.com,Vamsi Badami,admin,,2020-06-01 00:00:00,True,Karnataka
79f85df2-f0c0-43ae-86b8-109920cf74fb,531,girijadevi.karadi@doordash.com,Girijadevi Karadi,guest,,2020-05-11 00:00:00,True,Karnataka
9ec78ae7-990e-4261-95cc-17720b721946,531,harilal.wodeyar@doordash.com,Harilal Wodeyar,admin,,2020-04-08 00:00:00,True,Karnataka
c244f7a8-31bd-4df5-a59f-18f4f7d20e2a,531,aarthi.gangadhar@doordash.com,Aarthi Gangadhar,admin,,2020-03-24 00:00:00,True,Karnataka
5852c314-59ec-4865-8597-6250e75e0b96,531,ranjith.ganjigatti@doordash.com,Ranjith Ganjigatti,admin,,2020-07-20 00:00:00,True,Karnataka
d64561b2-7523-4608-8919-3d488100f2de,531,sneha.santhosh@doordash.com,Sneha Santhosh,admin,,2020-06-16 00:00:00,True,Karnataka
1243a784-d72d-4696-8857-bb562b27a0b4,531,arun.gundappa@doordash.com,Arun Gundappa,member,,2020-07-10 00:00:00,True,Karnataka
bf66afc2-0305-4eb7-b2af-208ff2545894,531,janaki.kannur@doordash.com,Janaki Kannur,guest,,2020-01-03 00:00:00,True,Karnataka
82445383-a5cf-4743-9302-ca1ea5ddb517,531,hari.kamath@doordash.com,Hari Kamath,admin,,2020-02-23 00:00:00,True,Karnataka
3f00c24b-b3f0-4310-96bb-fc964748665d,531,ansuyakumari.ganganalli@doordash.com,Ansuyakumari Ganganalli,member,,2020-05-26 00:00:00,True,Karnataka
c96c0544-ede8-438e-aef7-f0c0485bb4c9,531,suresh.tendulkar@doordash.com,Suresh Tendulkar,member,,2020-08-30 00:00:00,True,Karnataka
712a6611-ea9d-4bfb-a255-3df14255e476,531,jeevika.karigannur@doordash.com,Jeevika Karigannur,member,,2020-02-29 00:00:00,True,Karnataka
e500355c-be5a-44aa-8f6a-a405ee675ee0,531,vishal.sirdeshpande@doordash.com,Vishal Sirdeshpande,guest,,2020-11-10 00:00:00,True,Karnataka
2cc3be7b-8357-4484-93f5-d53eb4df70c2,531,jayanthi.sivasubramanian@doordash.com,Jayanthi Sivasubramanian,member,,2020-11-29 00:00:00,True,Karnataka
7f92d4ea-e81a-4f8d-a2b8-b58851dc4059,531,chaitanya.sangama@doordash.com,Chaitanya Sangama,admin,,2020-05-30 00:00:00,True,Karnataka
3159409b-797b-476c-9c14-a9023a1e756f,531,sharadhi.suli@doordash.com,Sharadhi Suli,limited_access,,2020-08-19 00:00:00,True,Karnataka
ccc50866-616e-431b-a169-00e30cde458c,531,manoj.ganjigatti@doordash.com,Manoj Ganjigatti,admin,,2020-05-25 00:00:00,True,Karnataka
fda01b44-24fe-41d3-8923-1280cb5f56e3,531,nayanakumari.chincholi@doordash.com,Nayanakumari Chincholi,member,,2020-12-15 00:00:00,True,Karnataka
f9d61817-097c-48ad-b17a-07bdabe6bae1,531,jayachandra.udupa@doordash.com,Jayachandra Udupa,member,,2020-07-08 00:00:00,True,Karnataka
e243da40-6821-44bf-b747-5dec76dfd49d,531,akshata.panambur@doordash.com,Akshata Panambur,limited_access,,2020-12-03 00:00:00,True,Karnataka
e5660d49-7092-4eb6-b1eb-b94c296cd4c1,531,narayanswamy.reddy@doordash.com,Narayanswamy Reddy,admin,,2020-05-20 00:00:00,True,Karnataka
90184b60-bbb2-46b7-aa43-cb03048ff347,531,swarnaprabha.thippanna@doordash.com,Swarnaprabha Thippanna,limited_access,,2020-09-11 00:00:00,True,Karnataka
138dd754-1e14-4925-8d91-5b3d86b58448,531,jagannath.singaram@doordash.com,Jagannath Singaram,guest,,2020-11-09 00:00:00,True,Karnataka
77fc885b-4fb2-4b33-8284-ca81cc8d3df4,531,keerthana.kasargod@doordash.com,Keerthana Kasargod,guest,,2020-01-24 00:00:00,True,Karnataka
21391682-d258-4c58-8113-36d057fdf5b4,531,shashidar.maddur@doordash.com,Shashidar Maddur,admin,,2020-07-07 00:00:00,True,Karnataka
fa8f91ba-0be2-419b-b43f-432e0a274a76,531,padma.devappa@doordash.com,Padma Devappa,admin,,2020-01-07 00:00:00,True,Karnataka
ae23d2cd-9343-4158-8d1c-2aedcde5bb47,531,brahman.arunachala@doordash.com,Brahman Arunachala,limited_access,,2020-05-15 00:00:00,True,Karnataka
5bb84505-c1b8-4fc1-8601-913f12523d82,531,leena.sharma@doordash.com,Leena Sharma,limited_access,,2020-07-20 00:00:00,True,Karnataka
c5fb048d-7f46-4f45-b7e5-ea8661ca9475,531,somanna.chandapur@doordash.com,Somanna Chandapur,member,,2020-02-28 00:00:00,True,Karnataka
82e3794f-2b44-4598-97ba-c8e9098e0172,531,ushas.medappa@doordash.com,Ushas Medappa,admin,,2020-06-15 00:00:00,True,Karnataka
8197a823-d710-48b8-b254-2a77da1d4000,531,vijayraj.talikoti@doordash.com,Vijayraj Talikoti,guest,,2020-06-14 00:00:00,True,Karnataka
97e74842-a5b5-4ca4-a5b6-94e1ad5420ee,531,dharadevi.vaikunthe@doordash.com,Dharadevi Vaikunthe,admin,,2020-08-27 00:00:00,True,Karnataka
d94e9eec-fbae-4936-b9b7-2dc76c479948,531,kamalanath.vaidya@doordash.com,Kamalanath Vaidya,limited_access,,2020-09-03 00:00:00,True,Karnataka
25cdaeea-633d-44fd-a83d-1b600586ea2c,531,lasya.chennappa@doordash.com,Lasya Chennappa,admin,,2020-03-05 00:00:00,True,Karnataka
c1df7f57-49e7-4f7b-b4ed-4dff169c9e2a,531,anshuman.tantry@doordash.com,Anshuman Tantry,member,,2020-08-22 00:00:00,True,Karnataka
91704cd0-479e-43cd-ad19-6650f9662620,531,bhargavi.santhosh@doordash.com,Bhargavi Santhosh,admin,,2020-04-25 00:00:00,True,Karnataka
f7c3ff59-e68d-42fe-af77-3f57bf1001a6,531,manikanta.jajpur@doordash.com,Manikanta Jajpur,guest,,2020-03-21 00:00:00,True,Karnataka
47b266ef-2072-4dc6-9874-7ce836d43d7d,531,shreevalliamma.ellur@doordash.com,Shreevalliamma Ellur,member,,2020-07-31 00:00:00,True,Karnataka
661700f6-aaf6-4411-99eb-ac699ee697d3,531,devendra.yogaraj@doordash.com,Devendra Yogaraj,limited_access,,2020-01-20 00:00:00,True,Karnataka
8c28f92b-341a-404b-81da-90e8f7c8a5cc,531,deepa.mestri@doordash.com,Deepa Mestri,limited_access,,2020-01-24 00:00:00,True,Karnataka
2ac0e58d-c915-42a7-8988-90a69256d99e,531,rajit.bhoja@doordash.com,Rajit Bhoja,guest,,2020-02-02 00:00:00,True,Karnataka
060d47bd-d8bd-4c36-9727-419027654546,531,nayana.belur@doordash.com,Nayana Belur,guest,,2020-08-15 00:00:00,True,Karnataka
b6588d3f-c67b-4ad0-9477-e99b56b7158c,531,charuvendra.bhatkal@doordash.com,Charuvendra Bhatkal,admin,,2020-06-24 00:00:00,True,Karnataka
33d8deb7-65fe-44b7-8fba-90e59fbf72a2,531,renu.mesta@doordash.com,Renu Mesta,member,,2020-09-07 00:00:00,True,Karnataka
a24044d6-90f5-43f4-83d7-186efc51b9a4,531,tanmay.udaya@doordash.com,Tanmay Udaya,guest,,2020-05-05 00:00:00,True,Karnataka
5f93a7c4-50ed-4071-bedd-ba56dc9b76de,531,gomathi.ramachandra@doordash.com,Gomathi Ramachandra,guest,,2020-10-21 00:00:00,True,Karnataka
71f7ee82-271e-4cf2-bd6c-491f6fdae3d6,531,siddhant.doddaballapura@doordash.com,Siddhant Doddaballapura,limited_access,,2020-04-25 00:00:00,True,Karnataka
f6256563-197c-45f1-90cb-6aeed72fccdd,531,moksha.achar@doordash.com,Moksha Achar,member,,2020-07-03 00:00:00,True,Karnataka
7f5fa2dd-b7b0-47bd-b0c3-dd47605b72c7,531,rohit.vidhya@doordash.com,Rohit Vidhya,admin,,2020-08-08 00:00:00,True,Karnataka
12e1f991-3226-4e53-8f8b-48b2fd256fba,531,yashasvi.gundappa@doordash.com,Yashasvi Gundappa,limited_access,,2020-10-19 00:00:00,True,Karnataka
7a130253-df7d-4d3e-9710-56e82f2f4a30,531,manikanta.raj@doordash.com,Manikanta Raj,limited_access,,2020-03-20 00:00:00,True,Karnataka
c6a878a1-d1c6-43aa-b389-242a4a66de4b,531,malinidevi.upadhyay@doordash.com,Malinidevi Upadhyay,limited_access,,2020-03-20 00:00:00,True,Karnataka
3215fdc6-55ff-444d-8db8-ef7c22cd6f1c,531,venkat.kampli@doordash.com,Venkat Kampli,limited_access,,2020-07-31 00:00:00,True,Karnataka
3e1a7515-5613-4aa1-8df6-84e25eaacab8,531,mallika.belur@doordash.com,Mallika Belur,member,,2020-07-16 00:00:00,True,Karnataka
9a8a0f84-eb0c-432b-94d1-97fedc249a37,531,krishandas.agarwal@doordash.com,Krishandas Agarwal,admin,,2020-09-16 00:00:00,True,Madhya Pradesh
814ced0e-768e-4337-a900-3933eed033c3,531,rama.pattnaik@doordash.com,Rama  Pattnaik,admin,,2020-05-01 00:00:00,True,Madhya Pradesh
2747afa9-ac72-4cbf-a95f-86939b2b8950,531,chandreshlal.saxena@doordash.com,Chandreshlal Saxena,admin,,2020-09-07 00:00:00,True,Madhya Pradesh
2af53fad-9875-49b2-b03e-bfa8b2ebb779,531,nivya.prajapati@doordash.com,Nivya  Prajapati,limited_access,,2020-05-06 00:00:00,True,Madhya Pradesh
522b7970-67f3-4b26-9167-6f9ea6672c75,531,bhimasdas.thakur@doordash.com,Bhimasdas Thakur,member,,2020-01-29 00:00:00,True,Madhya Pradesh
effa7d5e-baf4-417b-9eb5-eb95f18fa559,531,rohini.patel@doordash.com,Rohini  Patel,limited_access,,2020-03-13 00:00:00,True,Madhya Pradesh
7de2e28b-efe7-4a64-9ae6-ac6b30f4b545,531,anil.bhargava@doordash.com,Anil Bhargava,guest,,2020-10-07 00:00:00,True,Madhya Pradesh
ff501b78-7e8a-4f65-a196-fe60b917fb4f,531,ravita.yadav@doordash.com,Ravita  Yadav,admin,,2020-01-31 00:00:00,True,Madhya Pradesh
41dbdaa1-c472-4103-b664-261c15b62c2e,531,girish.chandorkar@doordash.com,Girish Chandorkar,member,,2020-02-11 00:00:00,True,Madhya Pradesh
e1bd9323-d567-4549-b24c-c6cf4e1dc07b,531,amrita.agrawal@doordash.com,Amrita  Agrawal,limited_access,,2020-02-01 00:00:00,True,Madhya Pradesh
966bb03d-8b4a-48c5-8d81-3f573cf4bd42,531,kundan.kumar@doordash.com,Kundan Kumar,member,,2020-11-04 00:00:00,True,Madhya Pradesh
73157834-224b-45e6-ad57-d44768f8337c,531,rashmi.vyas@doordash.com,Rashmi  Vyas,admin,,2020-02-06 00:00:00,True,Madhya Pradesh
d0127545-1292-4768-aaeb-0c47fd1aa13e,531,sureshkumar.gandhi@doordash.com,Sureshkumar Gandhi,limited_access,,2020-01-16 00:00:00,True,Madhya Pradesh
79b57b43-6437-49ab-9ce1-418c4220913f,531,sharmistha.bhil@doordash.com,Sharmistha  Bhil,member,,2020-09-06 00:00:00,True,Madhya Pradesh
a18d1fc1-ab95-4f8f-a53e-1b8ea048072d,531,prashant.deshmukh@doordash.com,Prashant Deshmukh,guest,,2020-04-28 00:00:00,True,Madhya Pradesh
db0db3e8-b65d-4ad8-add9-19eb751d0faf,531,rajni.mann@doordash.com,Rajni  Mann,guest,,2020-01-31 00:00:00,True,Madhya Pradesh
f3fb42f2-3252-48d9-9d0a-f36e6af6f094,531,sushilji.jadhav@doordash.com,Sushilji Jadhav,admin,,2020-04-05 00:00:00,True,Madhya Pradesh
7473b0cd-318c-4135-a9d9-a6cd3bcd0489,531,sejal.bharati@doordash.com,Sejal  Bharati,admin,,2020-09-07 00:00:00,True,Madhya Pradesh
8b267520-ef4f-409e-9813-1a49dc2b8be4,531,ramkishore.tiwari@doordash.com,Ramkishore Tiwari,limited_access,,2020-10-16 00:00:00,True,Madhya Pradesh
7a42dd7e-bb7e-49d2-b74e-33275317859d,531,asha.bhardwaj@doordash.com,Asha  Bhardwaj,member,,2020-11-02 00:00:00,True,Madhya Pradesh
78114d9e-149b-45ee-8e1f-b0e2c0846029,531,krishnakant.bashar@doordash.com,Krishnakant Bashar,admin,,2020-10-05 00:00:00,True,Madhya Pradesh
a036a5ef-de1d-424b-933d-25c5fae63c4f,531,yamini.shivhare@doordash.com,Yamini  Shivhare,admin,,2020-09-18 00:00:00,True,Madhya Pradesh
8ced34e2-7ad3-47d3-afe2-aba27e3b13b8,531,vishnudas.baheti@doordash.com,Vishnudas Baheti,guest,,2020-08-19 00:00:00,True,Madhya Pradesh
deea0b16-0c2b-4e9f-8e0d-84e573c97942,531,manika.chandwani@doordash.com,Manika  Chandwani,guest,,2020-05-20 00:00:00,True,Madhya Pradesh
610afce6-3d0f-44dc-b5c1-95be5c1dc964,531,basantkumar.raghav@doordash.com,Basantkumar Raghav,admin,,2020-10-01 00:00:00,True,Madhya Pradesh
ab6cbfcf-28f4-4d69-a5ff-e8a64c49114a,531,sneha.saxena@doordash.com,Sneha  Saxena,member,,2020-03-24 00:00:00,True,Madhya Pradesh
6d93c7d8-550d-40c6-8a08-5ecad5aab7ed,531,krishan.rathore@doordash.com,Krishan Rathore,guest,,2020-01-23 00:00:00,True,Madhya Pradesh
e54562da-d6a4-4229-9374-96cb752a605a,531,chaitalirani.bharati@doordash.com,ChaitaliRani Bharati,limited_access,,2020-05-03 00:00:00,True,Madhya Pradesh
eac322a2-60f4-4b68-937d-0ec5f07b0a00,531,rajendrachand.deora@doordash.com,Rajendrachand Deora,admin,,2020-09-03 00:00:00,True,Madhya Pradesh
1c8efbb3-e12b-42ff-813b-a5bfef52e9f2,531,priti.soni@doordash.com,Priti  Soni,guest,,2020-10-09 00:00:00,True,Madhya Pradesh
5f1ae2f6-bf6d-49e1-918b-25a0ae5b9e45,531,sanjay.kachhadiya@doordash.com,Sanjay Kachhadiya,admin,,2020-02-03 00:00:00,True,Madhya Pradesh
dfdad8c3-6fda-4721-ac21-fa00abe43822,531,suhanidevi.rathi@doordash.com,SuhaniDevi Rathi,guest,,2020-12-09 00:00:00,True,Madhya Pradesh
deb92b38-7da1-4e1d-87ba-ad30f72288a1,531,maheshlal.panchal@doordash.com,Maheshlal Panchal,guest,,2020-01-24 00:00:00,True,Madhya Pradesh
06b30379-2ee7-433a-822b-12406f12b61d,531,anjali.malviya@doordash.com,Anjali  Malviya,limited_access,,2020-11-16 00:00:00,True,Madhya Pradesh
4eff0782-4e85-4907-bd85-cc7683ff67a3,531,tejpal.malviya@doordash.com,Tejpal Malviya,admin,,2020-10-08 00:00:00,True,Madhya Pradesh
8dddc582-b005-43d3-86b5-b2a02ffde404,531,lalita.meena@doordash.com,Lalita  Meena,member,,2020-12-24 00:00:00,True,Madhya Pradesh
14483a34-4265-4f1c-9f75-2b688b5df2a2,531,madhusudan.bishnoi@doordash.com,Madhusudan Bishnoi,admin,,2020-10-08 00:00:00,True,Madhya Pradesh
928ea50d-5dc1-4729-889f-4610adbe0acc,531,kumari.gohil@doordash.com,Kumari  Gohil,member,,2020-12-20 00:00:00,True,Madhya Pradesh
6939e9e5-74de-4286-a327-f032d8b81b03,531,dineshdas.pattnaik@doordash.com,Dineshdas Pattnaik,limited_access,,2020-02-09 00:00:00,True,Madhya Pradesh
c4cb6bf4-55fb-48b1-aa9d-e11a588a9b7d,531,minal.rishidev@doordash.com,Minal  Rishidev,member,,2020-07-27 00:00:00,True,Madhya Pradesh
938d9ca1-cae9-4d10-93f6-adc84ff38e97,531,sandeep.laxman@doordash.com,Sandeep Laxman,admin,,2020-11-15 00:00:00,True,Madhya Pradesh
59939a4a-b3ee-4e9d-b212-af31c9c829ec,531,kiran.kumar@doordash.com,Kiran  Kumar,admin,,2020-09-05 00:00:00,True,Madhya Pradesh
4500b308-055c-4d1c-a8d7-e13cc31b1a92,531,pritam.mehra@doordash.com,Pritam Mehra,guest,,2020-07-09 00:00:00,True,Madhya Pradesh
58b99baa-cd52-44fa-a382-1f7c1f651944,531,radhika.khandelwal@doordash.com,Radhika  Khandelwal,limited_access,,2020-08-22 00:00:00,True,Madhya Pradesh
2f673e55-aefa-47a4-8148-1e08070c4af3,531,prakashchand.jain@doordash.com,Prakashchand Jain,guest,,2020-05-30 00:00:00,True,Madhya Pradesh
f9d6ff76-ef07-4596-8b06-4127df4c1c60,531,vanditarani.khatri@doordash.com,VanditaRani Khatri,guest,,2020-10-05 00:00:00,True,Madhya Pradesh
8da3b1f1-e767-4334-87eb-05fa03795796,531,rishabh.chandwani@doordash.com,Rishabh Chandwani,admin,,2020-01-16 00:00:00,True,Madhya Pradesh
bde09e23-d9e7-4ee1-96f9-36a03fd24f8b,531,nivya.patil@doordash.com,Nivya  Patil,limited_access,,2020-02-01 00:00:00,True,Madhya Pradesh
b7cd00d4-1662-438a-93fa-20b79489f315,531,anilchand.jain@doordash.com,Anilchand Jain,guest,,2020-05-24 00:00:00,True,Madhya Pradesh
d9e0107d-991d-43dc-b708-93eba7450280,531,bhavika.saxena@doordash.com,Bhavika  Saxena,admin,,2020-12-18 00:00:00,True,Madhya Pradesh
11c61365-344f-4f87-93bb-c388d3a1884a,531,tushar.rishidev@doordash.com,Tushar Rishidev,guest,,2020-05-02 00:00:00,True,Madhya Pradesh
c7e4368d-4549-4d94-90a4-6c4f01e0fe91,531,tarini.patil@doordash.com,Tarini  Patil,member,,2020-09-04 00:00:00,True,Madhya Pradesh
165c3e3f-77bc-495b-a6ca-7bcea3d53052,531,chandran.shukla@doordash.com,Chandran Shukla,guest,,2020-07-27 00:00:00,True,Madhya Pradesh
7667bfe2-8743-4c5b-857d-39a763542777,531,sumanthi.panchal@doordash.com,Sumanthi  Panchal,limited_access,,2020-05-27 00:00:00,True,Madhya Pradesh
3301e589-2cd6-4fbe-b8fd-22cad82a193a,531,amit.lodha@doordash.com,Amit Lodha,admin,,2020-11-09 00:00:00,True,Madhya Pradesh
e93d273f-cafe-418a-bc6f-6e6f753dff86,531,sadhanadevi.bairagi@doordash.com,SadhanaDevi Bairagi,limited_access,,2020-12-05 00:00:00,True,Madhya Pradesh
c8c12b83-c2e7-40b1-a96e-f2f3c169abb1,531,bhimasdas.jadhav@doordash.com,Bhimasdas Jadhav,guest,,2020-02-17 00:00:00,True,Madhya Pradesh
7875838c-ad2f-4ac6-b7e3-780c9fd50b2c,531,sumita.deshmukh@doordash.com,Sumita  Deshmukh,limited_access,,2020-05-05 00:00:00,True,Madhya Pradesh
0098a677-928e-4497-aba1-bd4e0316ff84,531,sanjiv.sodha@doordash.com,Sanjiv Sodha,guest,,2020-12-21 00:00:00,True,Madhya Pradesh
f9f373f6-49e9-472f-9391-44bb3967d387,531,yogitarani.shivhare@doordash.com,YogitaRani Shivhare,member,,2020-12-17 00:00:00,True,Madhya Pradesh
2d0d7930-b7d7-4f58-a0a6-0f2e5b773190,531,gopal.laxman@doordash.com,Gopal Laxman,limited_access,,2020-01-03 00:00:00,True,Madhya Pradesh
cc235f88-196b-4331-b097-10ac341ec08b,531,sumanthi.verma@doordash.com,Sumanthi  Verma,admin,,2020-09-06 00:00:00,True,Madhya Pradesh
ad6820d5-a64b-4043-8a07-b1cd1b3dfb2e,531,balram.pattnaik@doordash.com,Balram Pattnaik,member,,2020-05-26 00:00:00,True,Madhya Pradesh
86399f60-b0df-4c99-910e-a28c3b07f01a,531,rajeshwaribai.gohil@doordash.com,RajeshwariBai Gohil,member,,2020-06-14 00:00:00,True,Madhya Pradesh
f1547495-036b-4909-aa9e-68ed06c2ff87,531,bhoopendra.deshmukh@doordash.com,Bhoopendra Deshmukh,member,,2020-06-27 00:00:00,True,Madhya Pradesh
a3e1a325-9686-48fe-8c6d-53825b0ca789,531,manika.bharati@doordash.com,Manika  Bharati,admin,,2020-04-15 00:00:00,True,Madhya Pradesh
dcc510e6-f81e-4adf-9004-d9635f03630c,531,ramlal.kataria@doordash.com,Ramlal Kataria,admin,,2020-11-04 00:00:00,True,Madhya Pradesh
2a4af704-1f4b-4fb6-9f8c-80a00a4f524a,531,usharani.vashist@doordash.com,UshaRani Vashist,limited_access,,2020-04-25 00:00:00,True,Madhya Pradesh
2cd01bcc-7c25-49ab-a219-d217976cd475,531,nitin.mehra@doordash.com,Nitin Mehra,limited_access,,2020-05-10 00:00:00,True,Madhya Pradesh
81632957-4b60-4afd-9bb5-f58f42e31769,531,rajeshwari.patil@doordash.com,Rajeshwari  Patil,member,,2020-09-19 00:00:00,True,Madhya Pradesh
94c2e0eb-1692-41b6-872f-2944ab7e58cb,531,tejendralal.lodha@doordash.com,Tejendralal Lodha,member,,2020-12-05 00:00:00,True,Madhya Pradesh
e4564c6b-913c-4d0d-b123-c96dec8b1eb8,531,shashi.joshi@doordash.com,Shashi  Joshi,admin,,2020-01-18 00:00:00,True,Madhya Pradesh
a570df3b-8656-4327-8880-0dce3d310bbe,531,rajdas.mungli@doordash.com,Rajdas Mungli,limited_access,,2020-06-09 00:00:00,True,Madhya Pradesh
578bc4bf-eb2c-4c1b-a15a-61594212e46e,531,nisha.mishra@doordash.com,Nisha  Mishra,limited_access,,2020-03-24 00:00:00,True,Madhya Pradesh
7798b575-5e81-4d71-8a5c-6753d0fe31b1,531,chandramohan.kashyap@doordash.com,Chandramohan Kashyap,guest,,2020-02-06 00:00:00,True,Madhya Pradesh
9848f58e-9081-470b-805d-d432fe6dcf2f,531,isha.kachhadiya@doordash.com,Isha  Kachhadiya,guest,,2020-11-15 00:00:00,True,Madhya Pradesh
af4de29f-9387-47ff-a49b-5c0fe31b796a,531,arvinddas.prajapati@doordash.com,Arvinddas Prajapati,admin,,2020-05-02 00:00:00,True,Madhya Pradesh
58bfe357-1656-4b51-bae5-986eb15ed6a9,531,bhavita.rathore@doordash.com,Bhavita  Rathore,admin,,2020-05-25 00:00:00,True,Madhya Pradesh
90c00db2-75bc-4933-ae4d-fd158afe0a4c,531,sundardas.pandey@doordash.com,Sundardas Pandey,guest,,2020-05-16 00:00:00,True,Madhya Pradesh
ae86b15a-baac-4e58-89ce-9bfae3dc5ce2,531,aarti.bashar@doordash.com,Aarti  Bashar,member,,2020-10-03 00:00:00,True,Madhya Pradesh
ed5895f7-2ce9-4659-be88-cf93cf8a679f,531,mithilesh.yadav@doordash.com,Mithilesh Yadav,limited_access,,2020-03-09 00:00:00,True,Madhya Pradesh
fe47b30e-4557-4326-9343-95739257e754,531,kiran.bhargava@doordash.com,Kiran  Bhargava,guest,,2020-01-12 00:00:00,True,Madhya Pradesh
9b1a465b-e7b5-4f9c-bf01-a00a4bf940e3,531,rajendrapal.bashar@doordash.com,Rajendrapal Bashar,admin,,2020-09-24 00:00:00,True,Madhya Pradesh
4e8ad21f-d19f-49cc-9d2a-8f77ec81eef4,531,diksha.malik@doordash.com,Diksha  Malik,admin,,2020-07-04 00:00:00,True,Madhya Pradesh
3f5d8688-6216-4563-a60e-3852745a9936,531,bhoopendra.meena@doordash.com,Bhoopendra Meena,limited_access,,2020-11-29 00:00:00,True,Madhya Pradesh
47de1779-13da-4fbe-8ca6-5c868c5a85a0,531,veena.bhargava@doordash.com,Veena  Bhargava,guest,,2020-06-27 00:00:00,True,Madhya Pradesh
fbd9ee05-a49b-4271-88f2-e7ab13a6cf91,531,bhimasdas.malik@doordash.com,Bhimasdas Malik,admin,,2020-12-25 00:00:00,True,Madhya Pradesh
65a98247-0a48-46c1-8e4a-4f49cf2d063c,531,kiranvati.dandotiya@doordash.com,Kiranvati  Dandotiya,limited_access,,2020-04-21 00:00:00,True,Madhya Pradesh
425af968-e4f2-4618-bba8-a1b92ce37109,531,kishore.shivhare@doordash.com,Kishore Shivhare,limited_access,,2020-08-25 00:00:00,True,Madhya Pradesh
8c9be33c-73cb-43c4-bc29-de23ea7c27d7,531,kanchan.bharati@doordash.com,Kanchan  Bharati,member,,2020-11-07 00:00:00,True,Madhya Pradesh
7ee53871-ea95-4267-9b0f-2655a679a4b9,531,vikram.thakur@doordash.com,Vikram Thakur,member,,2020-12-07 00:00:00,True,Madhya Pradesh
f3652873-c1df-4366-9d01-fab0b3b7b45d,531,yasoda.dandotiya@doordash.com,Yasoda  Dandotiya,guest,,2020-01-29 00:00:00,True,Madhya Pradesh
b7392523-6e06-4fa6-937d-5ef01e96a0e6,531,jaichand.lodh@doordash.com,Jaichand Lodh,member,,2020-06-24 00:00:00,True,Madhya Pradesh
9790259f-a602-490d-8788-eea21af82cde,531,sushma.sodha@doordash.com,Sushma  Sodha,admin,,2020-06-30 00:00:00,True,Madhya Pradesh
50beffc5-66d6-4170-b183-1e114d67975f,531,santosh.dixit@doordash.com,Santosh Dixit,guest,,2020-03-02 00:00:00,True,Madhya Pradesh
cff5ebf0-cf67-475d-9b55-dd451e412b73,531,pranjali.deora@doordash.com,Pranjali  Deora,admin,,2020-02-24 00:00:00,True,Madhya Pradesh
487a2c92-97cf-4f71-9f29-915bde021fcf,531,rajendrachand.jadoun@doordash.com,Rajendrachand Jadoun,guest,,2020-08-31 00:00:00,True,Madhya Pradesh
c7274368-d315-4106-9b1b-62cdeb4c9b3e,531,chandrikadevi.kandhadi@doordash.com,ChandrikaDevi Kandhadi,admin,,2020-03-09 00:00:00,True,Madhya Pradesh
69781df2-5f83-461a-9c92-73a2170a131d,531,sumer.rathi@doordash.com,Sumer Rathi,limited_access,,2020-10-08 00:00:00,True,Madhya Pradesh
41b0cca6-ba9c-4609-8745-2a03ece6130e,531,deepika.pattnaik@doordash.com,Deepika  Pattnaik,admin,,2020-06-22 00:00:00,True,Madhya Pradesh
2b9e9051-2f1d-47a9-89e8-2397215d9766,531,rameshwar.rishidev@doordash.com,Rameshwar Rishidev,admin,,2020-07-08 00:00:00,True,Madhya Pradesh
1abbcc01-4953-4dd6-b11d-9909bcebf136,531,urmi.deora@doordash.com,Urmi  Deora,member,,2020-10-05 00:00:00,True,Madhya Pradesh
dfbcbefb-1817-4654-b1c7-6e1845d2d4d4,531,rajendrapal.pandey@doordash.com,Rajendrapal Pandey,member,,2020-07-07 00:00:00,True,Madhya Pradesh
11db8325-f417-4d6a-aafe-629594fac6fc,531,chhavi.verma@doordash.com,Chhavi  Verma,member,,2020-12-21 00:00:00,True,Madhya Pradesh
15cccc9d-bb0c-4e54-8fc8-bd85cf8fb4d9,531,dineshdas.bhaskar@doordash.com,Dineshdas Bhaskar,admin,,2020-08-24 00:00:00,True,Madhya Pradesh
e034eaeb-a2c6-47f2-b687-fde90ceb8455,531,kiranmayi.bharati@doordash.com,Kiranmayi  Bharati,guest,,2020-01-27 00:00:00,True,Madhya Pradesh
41904425-247b-402b-9630-2b18f773f2ca,531,ravindrakant.mann@doordash.com,Ravindrakant Mann,admin,,2020-02-25 00:00:00,True,Madhya Pradesh
d58ee0b6-80e1-4934-bf8f-9ed111026164,531,mahika.goyal@doordash.com,Mahika  Goyal,limited_access,,2020-02-20 00:00:00,True,Madhya Pradesh
0a11f23d-6d82-4799-bf70-b581ae82ebe9,531,satyam.dewan@doordash.com,Satyam Dewan,guest,,2020-11-12 00:00:00,True,Madhya Pradesh
9f2bc7cd-12ba-4cb7-a8d6-ec9199b0971e,531,radhika.rathi@doordash.com,Radhika  Rathi,member,,2020-03-25 00:00:00,True,Madhya Pradesh
27ec6582-988e-445e-a3c7-0ba93dbed097,531,jagdish.bairagi@doordash.com,Jagdish Bairagi,limited_access,,2020-04-13 00:00:00,True,Madhya Pradesh
6ccd255b-0324-492d-9eb7-95ccf48a95b5,531,vasundhara.prasad@doordash.com,Vasundhara  Prasad,guest,,2020-02-08 00:00:00,True,Madhya Pradesh
5f7f237b-785c-4298-a07b-8b61ca0c646e,531,pankajji.chandorkar@doordash.com,Pankajji Chandorkar,admin,,2020-12-09 00:00:00,True,Madhya Pradesh
70aa0106-accb-4e74-bdc6-8cfed1aecd47,531,sumanthi.gupta@doordash.com,Sumanthi  Gupta,limited_access,,2020-05-19 00:00:00,True,Madhya Pradesh
a38ef5f2-0376-49d4-a6ea-0eaa3337655b,531,samar.khare@doordash.com,Samar Khare,guest,,2020-11-22 00:00:00,True,Madhya Pradesh
32eee47e-ddeb-4a7e-ab71-b36c3c54ff68,531,hina.khare@doordash.com,Hina  Khare,guest,,2020-08-29 00:00:00,True,Madhya Pradesh
f770c89e-afa9-4e12-a710-35da41486c42,531,surajdev.bhil@doordash.com,Surajdev Bhil,admin,,2020-10-14 00:00:00,True,Madhya Pradesh
c65f89ae-f4ff-4146-8a9f-ed46ecaec0a2,531,gargi.chhabra@doordash.com,Gargi  Chhabra,member,,2020-02-14 00:00:00,True,Madhya Pradesh
9907cbfb-3040-43d4-ab41-fd45a09e517c,531,mohanlal.baishya@doordash.com,Mohanlal Baishya,guest,,2020-08-20 00:00:00,True,Madhya Pradesh
641bee34-cf1b-4cdc-af73-09697e258fa3,531,vineeta.kataria@doordash.com,Vineeta  Kataria,admin,,2020-07-19 00:00:00,True,Madhya Pradesh
bde14f7b-1463-4dbe-b6da-d7f3475a0ff5,531,ajeet.soni@doordash.com,Ajeet Soni,member,,2020-02-09 00:00:00,True,Madhya Pradesh
be544b7d-ea99-43ec-b8ac-f400e6e7d54f,531,shruti.gandhi@doordash.com,Shruti  Gandhi,guest,,2020-04-17 00:00:00,True,Madhya Pradesh
1526b273-9ab8-426c-93bd-c314cb08099d,531,ashutosh.chaudhary@doordash.com,Ashutosh Chaudhary,admin,,2020-07-23 00:00:00,True,Madhya Pradesh
e558634a-581e-442f-b220-ab096fb9ce3b,531,mitali.kapadia@doordash.com,Mitali  Kapadia,guest,,2020-07-31 00:00:00,True,Madhya Pradesh
6ffcb3e7-d675-4fc6-a74b-3f2b037f92f1,531,ashutosh.kumar@doordash.com,Ashutosh Kumar,member,,2020-05-25 00:00:00,True,Madhya Pradesh
b8509a25-f86b-408b-be3c-b30783cebcc7,531,nivyadevi.chaudhary@doordash.com,NivyaDevi Chaudhary,guest,,2020-09-06 00:00:00,True,Madhya Pradesh
1ba6078d-dac9-411f-9879-650e59f20fe6,531,maheshlal.garhwal@doordash.com,Maheshlal Garhwal,admin,,2020-08-21 00:00:00,True,Madhya Pradesh
28c16964-0a06-4274-adec-3cf308b7c94a,531,rajashree.dandotiya@doordash.com,Rajashree  Dandotiya,limited_access,,2020-06-02 00:00:00,True,Madhya Pradesh
2aba3852-00f1-4eb9-8751-efe93a8c0f0a,531,rajnish.raghav@doordash.com,Rajnish Raghav,guest,,2020-08-22 00:00:00,True,Madhya Pradesh
79facd64-2993-4f08-89a1-acebd08fe1b3,531,tulsi.bohra@doordash.com,Tulsi  Bohra,admin,,2020-01-16 00:00:00,True,Madhya Pradesh
32696acd-86da-461a-a2ae-6401f3c20d35,531,bhupendra.khare@doordash.com,Bhupendra Khare,admin,,2020-05-06 00:00:00,True,Madhya Pradesh
d325b54c-f9e9-4f32-88a6-7e69d41fd3bc,531,karunarani.awasthi@doordash.com,KarunaRani Awasthi,limited_access,,2020-03-29 00:00:00,True,Madhya Pradesh
04290bbd-c256-4909-9e5e-63fa721ae0a8,531,santoshlal.bishnoi@doordash.com,Santoshlal Bishnoi,admin,,2020-06-21 00:00:00,True,Madhya Pradesh
416289f7-64cf-466e-acd2-718c3e9edd73,531,sharmila.rishidev@doordash.com,Sharmila  Rishidev,member,,2020-08-31 00:00:00,True,Madhya Pradesh
a54f0ce4-1b68-42f3-b46e-d76f4dbfef98,531,narmadaprasad.vyas@doordash.com,Narmadaprasad Vyas,member,,2020-06-30 00:00:00,True,Madhya Pradesh
a2aa7c92-b649-4a8b-942e-71a46cafeca5,531,bhakti.gahoi@doordash.com,Bhakti  Gahoi,limited_access,,2020-07-06 00:00:00,True,Madhya Pradesh
820fa187-0b39-491c-aeb9-63d2bd073add,531,krishnadev.vyas@doordash.com,Krishnadev Vyas,admin,,2020-10-15 00:00:00,True,Madhya Pradesh
9d8ae971-7b7c-48b2-816a-90a4acaa393e,531,saanvi.tripathi@doordash.com,Saanvi  Tripathi,limited_access,,2020-10-24 00:00:00,True,Madhya Pradesh
78f0c72e-cc18-4660-bc5b-9b93de8c2cbb,531,subham.bhargava@doordash.com,Subham Bhargava,limited_access,,2020-05-27 00:00:00,True,Madhya Pradesh
f62ad39c-8918-4bde-8a7a-99c2b1c7e917,531,deepika.chaurasia@doordash.com,Deepika  Chaurasia,guest,,2020-11-14 00:00:00,True,Madhya Pradesh
63f6986a-438a-4339-b58f-6cee188c18e2,531,krishandas.agrawal@doordash.com,Krishandas Agrawal,limited_access,,2020-04-25 00:00:00,True,Madhya Pradesh
5c33a981-ff52-4fcb-affa-a522b86c39c3,531,nandita.gohil@doordash.com,Nandita  Gohil,member,,2020-08-08 00:00:00,True,Madhya Pradesh
bec35ffb-2675-434a-98a8-6b07a6175baa,531,ramkishore.bansal@doordash.com,Ramkishore Bansal,admin,,2020-03-06 00:00:00,True,Madhya Pradesh
73308b42-e878-42fc-96cd-4fbd3ec1cf47,531,rajashree.goyal@doordash.com,Rajashree  Goyal,admin,,2020-10-01 00:00:00,True,Madhya Pradesh
efb1339f-5410-4fae-a917-d2ee9dbcab10,531,dineshchand.awasthi@doordash.com,Dineshchand Awasthi,member,,2020-07-25 00:00:00,True,Madhya Pradesh
3c25b05b-d112-4daa-bf58-7d9ce997a05e,531,hina.dhamani@doordash.com,Hina  Dhamani,member,,2020-02-01 00:00:00,True,Madhya Pradesh
a0d8a1de-1b91-43b4-8902-323d878195c7,531,ramdas.parihar@doordash.com,Ramdas Parihar,limited_access,,2020-09-14 00:00:00,True,Madhya Pradesh
2833b478-4804-489e-a7b7-9318db9143e1,531,sneha.karodia@doordash.com,Sneha  Karodia,guest,,2020-07-06 00:00:00,True,Madhya Pradesh
539f967d-f809-43da-b613-cde60e0df539,531,pankajji.prasad@doordash.com,Pankajji Prasad,guest,,2020-03-31 00:00:00,True,Madhya Pradesh
0f32d69f-af9f-404d-a293-c695804b572b,531,manju.sharma@doordash.com,Manju  Sharma,limited_access,,2020-10-28 00:00:00,True,Madhya Pradesh
cd443030-d68c-4ea9-8f94-6f709ea1f9fd,531,anillal.sahu@doordash.com,Anillal Sahu,limited_access,,2020-11-30 00:00:00,True,Madhya Pradesh
5fea4043-2303-4d07-a281-b4f0df0c137a,531,rukmini.chaturvedi@doordash.com,Rukmini  Chaturvedi,admin,,2020-03-10 00:00:00,True,Madhya Pradesh
c57ce82f-c5d3-4ffc-849d-d1b34cff4bff,531,ravi.shah@doordash.com,Ravi Shah,guest,,2020-08-23 00:00:00,True,Madhya Pradesh
07d5126d-ce69-47bb-a408-1d5b9403f1f6,531,ashwati.baishya@doordash.com,Ashwati  Baishya,admin,,2020-05-18 00:00:00,True,Madhya Pradesh
723fad3d-c9d1-49d0-baba-f4c4754c86ba,531,ramendra.tripathi@doordash.com,Ramendra Tripathi,limited_access,,2020-12-13 00:00:00,True,Madhya Pradesh
e7ca82fc-8b5c-4e4e-bace-6dd3716156ff,531,rachna.kandari@doordash.com,Rachna  Kandari,admin,,2020-10-19 00:00:00,True,Madhya Pradesh
f227e053-6270-45a4-9ce0-8c3c37ca007b,531,anirudh.sharma@doordash.com,Anirudh Sharma,admin,,2020-04-18 00:00:00,True,Madhya Pradesh
3ae060bb-556b-4d1d-af54-1b7d3bcc0a7c,531,suhani.prajapati@doordash.com,Suhani  Prajapati,limited_access,,2020-06-07 00:00:00,True,Madhya Pradesh
795e5dc0-f89f-4dae-9845-578214218a08,531,rameshwarlal.giri@doordash.com,Rameshwarlal Giri,member,,2020-05-17 00:00:00,True,Madhya Pradesh
0cadb6f6-c268-46c9-be5a-23977a062796,531,rashmi.bairagi@doordash.com,Rashmi  Bairagi,member,,2020-03-11 00:00:00,True,Madhya Pradesh
4ca4faef-e4d1-4677-9941-3afc05a09828,531,basant.dhawan@doordash.com,Basant Dhawan,admin,,2020-02-13 00:00:00,True,Madhya Pradesh
f3ce7833-af35-4f67-8dd3-d67dd9e2856a,531,sonal.bhatnagar@doordash.com,Sonal  Bhatnagar,admin,,2020-04-17 00:00:00,True,Madhya Pradesh
8e7fda19-804c-4fa3-a31b-f954ca736aab,531,vikramlal.nayak@doordash.com,Vikramlal Nayak,guest,,2020-08-20 00:00:00,True,Madhya Pradesh
0ceb4d1f-f223-41f0-84d1-1305984590a8,531,yashvibai.giri@doordash.com,YashviBai Giri,admin,,2020-01-18 00:00:00,True,Madhya Pradesh
909825ea-ce62-451b-8791-95f59aff82ad,531,puneet.gohil@doordash.com,Puneet Gohil,limited_access,,2020-12-17 00:00:00,True,Madhya Pradesh
83066673-169d-441d-b356-0bcbf407e98c,531,tarini.saraf@doordash.com,Tarini  Saraf,admin,,2020-09-29 00:00:00,True,Madhya Pradesh
ff9ba447-41e5-4013-9be5-39e44859b96d,531,vikramlal.baghel@doordash.com,Vikramlal Baghel,guest,,2020-03-07 00:00:00,True,Madhya Pradesh
9ca45de0-49af-4f45-887a-a137cf82e1f6,531,pallavi.kansal@doordash.com,Pallavi  Kansal,admin,,2020-08-15 00:00:00,True,Madhya Pradesh
585a2edd-8491-4a5f-ac3f-a161bb0f50f2,531,vishwanath.khatri@doordash.com,Vishwanath Khatri,guest,,2020-02-09 00:00:00,True,Madhya Pradesh
1b58e3e8-77dc-4228-a0b0-ca4d78edd1d2,531,pramila.jain@doordash.com,Pramila  Jain,member,,2020-01-26 00:00:00,True,Madhya Pradesh
0b92073c-cfd7-436e-a2a0-9b21c0b18f79,531,shyamlal.patel@doordash.com,Shyamlal Patel,guest,,2020-06-23 00:00:00,True,Madhya Pradesh
985ccab7-b310-4a17-8404-b6e89a52ec8e,531,sumi.shah@doordash.com,Sumi  Shah,limited_access,,2020-08-04 00:00:00,True,Madhya Pradesh
65102127-f68f-4325-aae6-b4a2e34a453f,531,shivendralal.kataria@doordash.com,Shivendralal Kataria,guest,,2020-07-02 00:00:00,True,Madhya Pradesh
0f68e8ee-e2d4-4beb-bf6f-197f9bb1e1c5,531,chaitali.bansal@doordash.com,Chaitali  Bansal,admin,,2020-06-26 00:00:00,True,Madhya Pradesh
3cfbb48d-dba2-4f30-88f8-3bce5a1468e7,531,rajpalji.bhil@doordash.com,Rajpalji Bhil,limited_access,,2020-10-09 00:00:00,True,Madhya Pradesh
afe4f440-436c-474c-9974-a2c6310b9aae,531,asha.kataria@doordash.com,Asha  Kataria,guest,,2020-10-12 00:00:00,True,Madhya Pradesh
5611273a-0171-4bf2-8409-2cda272d53eb,531,raghavpal.sodha@doordash.com,Raghavpal Sodha,limited_access,,2020-08-25 00:00:00,True,Madhya Pradesh
1cfb0ff0-7f6a-4156-bc5a-3ae2be44ecf7,531,yasoda.chaturvedi@doordash.com,Yasoda  Chaturvedi,guest,,2020-08-23 00:00:00,True,Madhya Pradesh
0a56c945-404e-414b-b025-14c6e745d15a,531,harish.panchal@doordash.com,Harish Panchal,member,,2020-09-04 00:00:00,True,Madhya Pradesh
7b62c9f0-de8d-4b58-8d78-d52c0c3a3f42,531,sumi.khare@doordash.com,Sumi  Khare,limited_access,,2020-08-25 00:00:00,True,Madhya Pradesh
76315ed6-50b1-4514-aac1-429f75ee7a40,531,tejendra.bashar@doordash.com,Tejendra Bashar,guest,,2020-08-14 00:00:00,True,Madhya Pradesh
8e9dea19-c79e-4cad-9c34-483e06b25110,531,anika.vashist@doordash.com,Anika  Vashist,guest,,2020-06-24 00:00:00,True,Madhya Pradesh
3a892720-a68a-4cd4-8603-0acd521f3d91,531,tejpal.pattnaik@doordash.com,Tejpal Pattnaik,guest,,2020-03-20 00:00:00,True,Madhya Pradesh
5c47feaa-3594-4d0c-982d-882d26226d82,531,neha.bohra@doordash.com,Neha  Bohra,limited_access,,2020-06-07 00:00:00,True,Madhya Pradesh
1ec7ff24-ea78-42a9-8d48-b5466513d1bd,531,surajpal.jadhav@doordash.com,Surajpal Jadhav,member,,2020-06-16 00:00:00,True,Madhya Pradesh
f753173c-6220-49fa-9e48-be82a787880f,531,shubhechha.tiwari@doordash.com,Shubhechha  Tiwari,admin,,2020-10-12 00:00:00,True,Madhya Pradesh
0cb9bad9-17a0-4d15-8011-b8a81207df96,531,chandramohanji.patil@doordash.com,Chandramohanji Patil,member,,2020-03-02 00:00:00,True,Madhya Pradesh
466f816c-62e8-4e98-baff-d42e995bca40,531,narmada.tripathi@doordash.com,Narmada  Tripathi,guest,,2020-04-22 00:00:00,True,Madhya Pradesh
56bf6aa6-81bb-4654-8bc7-cdfcfdc61dff,531,mahadev.malviya@doordash.com,Mahadev Malviya,admin,,2020-12-20 00:00:00,True,Madhya Pradesh
6b1349f8-39fb-4aeb-89aa-f2e2e3fec3de,531,soni.chandrapal@doordash.com,Soni  Chandrapal,guest,,2020-05-24 00:00:00,True,Madhya Pradesh
e987b6a6-3762-4d4f-a541-50becea18adb,531,chandrakant.singh@doordash.com,Chandrakant Singh,admin,,2020-01-09 00:00:00,True,Madhya Pradesh
dde7d9d0-7d9e-4117-8402-65d0a7671f6e,531,meghadevi.lodha@doordash.com,MeghaDevi Lodha,member,,2020-04-12 00:00:00,True,Madhya Pradesh
1bb0c367-2c48-4726-83aa-4180025b2947,531,sureshlal.bansal@doordash.com,Sureshlal Bansal,admin,,2020-05-30 00:00:00,True,Madhya Pradesh
adf9ccad-dd29-4ff2-9d70-a3e660d68faf,531,deepika.jadoun@doordash.com,Deepika  Jadoun,admin,,2020-03-31 00:00:00,True,Madhya Pradesh
1fa884a0-e7ba-41a9-9883-dde8fe6913e9,531,subhash.pandey@doordash.com,Subhash Pandey,member,,2020-02-16 00:00:00,True,Madhya Pradesh
1a86dd58-2cf3-41e7-a5f4-fa60255cbe59,531,pranjal.raghuwanshi@doordash.com,Pranjal  Raghuwanshi,member,,2020-02-08 00:00:00,True,Madhya Pradesh
1571bb16-77a9-454e-87d2-28e1e141db77,531,dineshdas.rathore@doordash.com,Dineshdas Rathore,admin,,2020-10-18 00:00:00,True,Madhya Pradesh
21c28981-23b2-4399-a268-87aaea6495ec,531,chaitali.baishya@doordash.com,Chaitali  Baishya,member,,2020-08-28 00:00:00,True,Madhya Pradesh
171be971-91af-46c4-ad96-8040f7e1760a,531,basantkumar.khare@doordash.com,Basantkumar Khare,member,,2020-05-28 00:00:00,True,Madhya Pradesh
ac27d3bd-63da-45e8-af83-bef2e0b708e0,531,binabai.baheti@doordash.com,BinaBai Baheti,limited_access,,2020-05-21 00:00:00,True,Madhya Pradesh
b9803467-3d04-4ede-9559-cc98cea61b79,531,maheshwar.daga@doordash.com,Maheshwar Daga,limited_access,,2020-02-22 00:00:00,True,Madhya Pradesh
42ead193-4d56-4b3d-a1cd-9e32ffde3b38,531,bhavana.rathi@doordash.com,Bhavana  Rathi,guest,,2020-11-01 00:00:00,True,Madhya Pradesh
f5b3802a-8dfe-45ba-9556-ebccdda8b80d,531,vinod.kandari@doordash.com,Vinod Kandari,admin,,2020-11-30 00:00:00,True,Madhya Pradesh
641ae267-2359-4324-ac39-a03f12cebb8d,531,karuna.nayyar@doordash.com,Karuna  Nayyar,admin,,2020-04-21 00:00:00,True,Madhya Pradesh
f3235453-1e19-47e9-9f35-3d554c10d806,531,harishchand.pandey@doordash.com,Harishchand Pandey,limited_access,,2020-05-14 00:00:00,True,Madhya Pradesh
727d53bf-4dd7-4b61-9317-e592ed76a14e,531,jivika.kataria@doordash.com,Jivika  Kataria,admin,,2020-10-03 00:00:00,True,Madhya Pradesh
caa057aa-47ae-481f-97cc-316c8febadb2,531,ashokdas.mehra@doordash.com,Ashokdas Mehra,member,,2020-08-08 00:00:00,True,Madhya Pradesh
faba11dd-8e01-4d23-9544-25c75fea4a92,531,neelima.chand@doordash.com,Neelima  Chand,member,,2020-12-15 00:00:00,True,Madhya Pradesh
d034749a-4c54-4e06-9989-1247151facbf,531,gopalchand.dhamani@doordash.com,Gopalchand Dhamani,guest,,2020-06-11 00:00:00,True,Madhya Pradesh
9bc4dd9d-763f-4f71-a3ee-bcfee14f81fb,531,neelima.jadoun@doordash.com,Neelima  Jadoun,guest,,2020-09-26 00:00:00,True,Madhya Pradesh
e52c3c5d-f152-4ed2-9a86-5bc33b7c53c0,531,ganeshdas.seth@doordash.com,Ganeshdas Seth,guest,,2020-01-08 00:00:00,True,Madhya Pradesh
9089b78d-8e63-4775-9400-89bd79637750,531,kumari.bhil@doordash.com,Kumari  Bhil,limited_access,,2020-08-14 00:00:00,True,Madhya Pradesh
f7944952-ca22-49af-a793-c86d5352c03d,531,subham.goud@doordash.com,Subham Goud,limited_access,,2020-12-19 00:00:00,True,Madhya Pradesh
23d46f26-ed46-4119-993b-01721138d364,531,renuka.desai@doordash.com,Renuka  Desai,member,,2020-09-09 00:00:00,True,Madhya Pradesh
2ef3f352-d26b-42a1-bb6f-a636e599cbc0,531,raghunathlal.awasthi@doordash.com,Raghunathlal Awasthi,member,,2020-08-19 00:00:00,True,Madhya Pradesh
e3f9bc2f-7054-438d-80ad-636cce8fd5f2,531,asha.paliwal@doordash.com,Asha  Paliwal,limited_access,,2020-03-16 00:00:00,True,Madhya Pradesh
08289879-34fb-4a5f-8c4b-f48309daa79c,531,dineshji.karodia@doordash.com,Dineshji Karodia,admin,,2020-07-21 00:00:00,True,Madhya Pradesh
88556646-a70a-4131-9d0f-9bf49484f04f,531,rajeshwari.gohil@doordash.com,Rajeshwari  Gohil,limited_access,,2020-03-13 00:00:00,True,Madhya Pradesh
a2158ebf-6013-4e20-99e8-685ef0426737,531,manojpal.baishya@doordash.com,Manojpal Baishya,admin,,2020-06-19 00:00:00,True,Madhya Pradesh
d8bb4b18-1756-483c-a037-ca5c8dcd0549,531,rupali.shivhare@doordash.com,Rupali  Shivhare,member,,2020-11-26 00:00:00,True,Madhya Pradesh
63f486c4-764d-4021-9e4c-e632aa06853a,531,bharatji.lodh@doordash.com,Bharatji Lodh,limited_access,,2020-04-21 00:00:00,True,Madhya Pradesh
d185159d-f000-4a76-9655-b3810fa16401,531,vasundhara.prasad1@doordash.com,Vasundhara  Prasad,limited_access,,2020-12-26 00:00:00,True,Madhya Pradesh
6d5a0401-830a-4f8a-830e-cf1a95257166,531,sureshji.gohil@doordash.com,Sureshji Gohil,guest,,2020-03-20 00:00:00,True,Madhya Pradesh
2bbdb114-5a4a-4b85-8af5-6f653ffd37a6,531,vandita.nayyar@doordash.com,Vandita  Nayyar,guest,,2020-05-11 00:00:00,True,Madhya Pradesh
a7a759a2-cda9-4488-afc0-d5dd61807126,531,brijlal.shukla@doordash.com,Brijlal Shukla,limited_access,,2020-07-16 00:00:00,True,Madhya Pradesh
c23704b3-6a6d-42e9-9813-aff919d6e239,531,ashwatibai.malik@doordash.com,AshwatiBai Malik,limited_access,,2020-10-07 00:00:00,True,Madhya Pradesh
ac47a656-9aa7-4099-a50b-bfcf7060a5cd,531,vikramjit.chouhan@doordash.com,Vikramjit Chouhan,guest,,2020-08-17 00:00:00,True,Madhya Pradesh
9fd34e6f-c79e-4895-9e31-808db68eb736,531,riya.dhawan@doordash.com,Riya  Dhawan,admin,,2020-11-23 00:00:00,True,Madhya Pradesh
d1edbc19-31c7-4ecc-9424-d3241b5a2c2b,531,ravishankar.raghav@doordash.com,Ravishankar Raghav,admin,,2020-04-25 00:00:00,True,Madhya Pradesh
c2f4501b-f2a3-4539-84f3-b8c078829761,531,ritika.kapadia@doordash.com,Ritika  Kapadia,admin,,2020-11-20 00:00:00,True,Madhya Pradesh
9d466a68-2b42-48a9-aa6d-dc8c5a899136,531,tushar.hada@doordash.com,Tushar Hada,guest,,2020-09-19 00:00:00,True,Madhya Pradesh
071c8eb1-e1f6-4b7b-ae54-520028c8f890,531,puja.prajapati@doordash.com,Puja  Prajapati,limited_access,,2020-03-05 00:00:00,True,Madhya Pradesh
5326fe34-75d8-4813-94c1-c376eb45fde3,531,jeevandas.baishya@doordash.com,Jeevandas Baishya,guest,,2020-12-21 00:00:00,True,Madhya Pradesh
73dc6b67-7bb0-44fc-8d7a-b3b0e3a9ee84,531,aishwarya.baghel@doordash.com,Aishwarya  Baghel,admin,,2020-09-22 00:00:00,True,Madhya Pradesh
7dce5f7a-ec85-4b56-b1e3-73243a75ed84,531,rajpalji.parihar@doordash.com,Rajpalji Parihar,member,,2020-08-31 00:00:00,True,Madhya Pradesh
95c4293e-2a06-4897-a390-093a13cadea8,531,chaitali.sodha@doordash.com,Chaitali  Sodha,member,,2020-10-27 00:00:00,True,Madhya Pradesh
0063686b-6cea-41f5-9aaf-b5c90b100b57,531,maheshlal.tiwari@doordash.com,Maheshlal Tiwari,member,,2020-05-09 00:00:00,True,Madhya Pradesh
7e5a94db-2ded-4373-863a-5471b2325dc4,531,durga.kachhadiya@doordash.com,Durga  Kachhadiya,guest,,2020-11-15 00:00:00,True,Madhya Pradesh
8e25230c-fe55-4237-b224-0baef6f5f356,531,harshdas.verma@doordash.com,Harshdas Verma,member,,2020-12-18 00:00:00,True,Madhya Pradesh
322f8bad-c736-4f19-b71a-ac54f7c8655f,531,megha.lodh@doordash.com,Megha  Lodh,guest,,2020-04-12 00:00:00,True,Madhya Pradesh
41d832d2-485c-47f5-8755-48d4a8a343f1,531,vishnu-dev.chaudhary@doordash.com,Vishnu-dev Chaudhary,member,,2020-06-04 00:00:00,True,Madhya Pradesh
a08277fd-2108-4451-b6a2-95e8df2c172b,531,sheetal.shukla@doordash.com,Sheetal  Shukla,limited_access,,2020-06-05 00:00:00,True,Madhya Pradesh
bed3f70c-9839-4ca3-90a1-f24ceffefda0,531,pankajji.malviya@doordash.com,Pankajji Malviya,member,,2020-06-11 00:00:00,True,Madhya Pradesh
4d9ab2b2-7144-436e-9f07-a9de8dac70ec,531,manisha.dewangan@doordash.com,Manisha  Dewangan,limited_access,,2020-11-06 00:00:00,True,Madhya Pradesh
40e9f570-804c-43f9-b89f-e17b9cfb4857,531,shivendrapatel.dhawan@doordash.com,Shivendrapatel Dhawan,limited_access,,2020-06-16 00:00:00,True,Madhya Pradesh
9ac700b5-f3dd-455e-8bbf-01eaf5409c3c,531,vasundhara.shah@doordash.com,Vasundhara  Shah,member,,2020-07-06 00:00:00,True,Madhya Pradesh
12884015-6c2e-4867-b0b8-0df55b5a98e8,531,vinodji.goyal@doordash.com,Vinodji Goyal,admin,,2020-06-14 00:00:00,True,Madhya Pradesh
911ddd0c-1b20-4603-9c46-cfe1c16be214,531,laxmidevi.soni@doordash.com,LaxmiDevi Soni,member,,2020-10-18 00:00:00,True,Madhya Pradesh
8ac7bb1e-d089-4dd4-bfb8-5fa5aaffbf70,531,subramani.chaturvedi@doordash.com,Subramani Chaturvedi,member,,2020-06-13 00:00:00,True,Madhya Pradesh
9d787f81-bcb1-4df8-a48b-a4f8fae45a26,531,arpitadevi.hada@doordash.com,ArpitaDevi Hada,guest,,2020-07-24 00:00:00,True,Madhya Pradesh
0d39aeb5-b747-4d8d-aa5c-25aa520c56ad,531,mukesh.kansal@doordash.com,Mukesh Kansal,limited_access,,2020-04-06 00:00:00,True,Madhya Pradesh
15990ffd-6877-49cc-a751-579beb68fb0c,531,sampada.nayyar@doordash.com,Sampada  Nayyar,admin,,2020-03-10 00:00:00,True,Madhya Pradesh
9aac9980-588e-47a5-90bb-6ab030ec7d48,531,chandramohanji.kataria@doordash.com,Chandramohanji Kataria,guest,,2020-01-09 00:00:00,True,Madhya Pradesh
7c4b3c86-8386-4908-b755-68d167b9d8a5,531,lalita.jadhav@doordash.com,Lalita  Jadhav,admin,,2020-06-18 00:00:00,True,Madhya Pradesh
4ec5b56e-4409-4fe9-835d-7b918c902780,531,bharatji.kothari@doordash.com,Bharatji Kothari,limited_access,,2020-01-27 00:00:00,True,Madhya Pradesh
ff4b1877-e1c3-46f5-8a77-234af88f2cf8,531,nishadevi.chhabra@doordash.com,NishaDevi Chhabra,member,,2020-08-09 00:00:00,True,Madhya Pradesh
a7e95c29-c1a4-4406-a9b9-a54086280061,531,madhavendra.mehra@doordash.com,Madhavendra Mehra,limited_access,,2020-07-05 00:00:00,True,Madhya Pradesh
639b85c0-ab17-45cf-a29c-f85f458969da,531,vimalikadevi.raghav@doordash.com,VimalikaDevi Raghav,limited_access,,2020-09-24 00:00:00,True,Madhya Pradesh
85600b89-be6e-42b8-9851-24399a13ad11,531,kailash.khandelwal@doordash.com,Kailash Khandelwal,guest,,2020-10-10 00:00:00,True,Madhya Pradesh
c5a48253-c5d5-462b-88fb-ab007b850434,531,hinabai.rathore@doordash.com,HinaBai Rathore,limited_access,,2020-09-26 00:00:00,True,Madhya Pradesh
29833967-7fc9-494c-9892-66ce61d36433,531,ramkishorelal.chandrapal@doordash.com,Ramkishorelal Chandrapal,limited_access,,2020-01-02 00:00:00,True,Madhya Pradesh
de1cf86d-aea2-41f6-9da7-ca36164594b5,531,rupika.bishnoi@doordash.com,Rupika  Bishnoi,guest,,2020-11-30 00:00:00,True,Madhya Pradesh
ba0ec839-cbd6-42fb-a9f6-e8255ade1e76,531,rajendrapal.baghel@doordash.com,Rajendrapal Baghel,guest,,2020-07-02 00:00:00,True,Madhya Pradesh
ab7b3420-33d4-4bd3-95be-16f68456abaf,531,durga.dewangan@doordash.com,Durga  Dewangan,admin,,2020-04-06 00:00:00,True,Madhya Pradesh
1c2b1684-0501-4efd-aa37-d42413c377ea,531,santoshlal.solanki@doordash.com,Santoshlal Solanki,member,,2020-07-10 00:00:00,True,Madhya Pradesh
c1a0222a-12dc-4405-ad35-c88213c45e55,531,manju.kachhadiya@doordash.com,Manju  Kachhadiya,limited_access,,2020-11-11 00:00:00,True,Madhya Pradesh
8c2dbeb3-0be4-425a-a9a5-a6e9caf016f1,531,subodh.raghuwanshi@doordash.com,Subodh Raghuwanshi,admin,,2020-05-14 00:00:00,True,Madhya Pradesh
ca1ba4c2-2c34-410b-97d5-80e5ab89f753,531,esha.prasad@doordash.com,Esha  Prasad,member,,2020-11-21 00:00:00,True,Madhya Pradesh
2703c714-70d4-415b-9f86-2dffda4ca866,531,brajdas.saxena@doordash.com,Brajdas Saxena,guest,,2020-06-17 00:00:00,True,Madhya Pradesh
a73675eb-38ae-422e-9fc5-14152a199811,531,yashvi.zadafia@doordash.com,Yashvi  Zadafia,member,,2020-11-09 00:00:00,True,Madhya Pradesh
206f72e2-0a5b-4cb6-b872-4d0841988fa9,531,shashikant.dewangan@doordash.com,Shashikant Dewangan,admin,,2020-09-08 00:00:00,True,Madhya Pradesh
55b9115a-8363-4b1c-9b35-ed0069533969,531,dayarani.deora@doordash.com,DayaRani Deora,member,,2020-01-13 00:00:00,True,Madhya Pradesh
9f6a5cc9-2bf0-479f-88e5-5c73a1afe73a,531,raghavpal.tripathi@doordash.com,Raghavpal Tripathi,limited_access,,2020-05-05 00:00:00,True,Madhya Pradesh
803902b6-f697-456b-bf8f-d6918e339f18,531,durga.kandari@doordash.com,Durga  Kandari,limited_access,,2020-06-16 00:00:00,True,Madhya Pradesh
1d585d71-d2b5-4b9e-8f8b-ee841f4280be,531,kailashlal.thakur@doordash.com,Kailashlal Thakur,admin,,2020-07-16 00:00:00,True,Madhya Pradesh
2a231074-c2da-460d-9892-eb6adcbbbcb1,531,sudhabai.chaudhary@doordash.com,SudhaBai Chaudhary,limited_access,,2020-10-17 00:00:00,True,Madhya Pradesh
59735f85-09c0-4f96-9d6d-32797b0f3dd8,531,gopal.panchal@doordash.com,Gopal Panchal,guest,,2020-04-28 00:00:00,True,Madhya Pradesh
e77b6c0c-8096-4c86-a703-99118d423147,531,indu.bansal@doordash.com,Indu  Bansal,guest,,2020-12-23 00:00:00,True,Madhya Pradesh
04d024d6-fd52-47c1-8967-06b3e8582609,531,jeevandas.bansal@doordash.com,Jeevandas Bansal,admin,,2020-03-14 00:00:00,True,Madhya Pradesh
bd27c631-f0cd-4065-a462-dbcd9d9f5ff4,531,harsha.dewan@doordash.com,Harsha  Dewan,member,,2020-12-13 00:00:00,True,Madhya Pradesh
a477e404-6927-4580-be7e-1806c9ddb3b7,531,pankajji.chaudhary@doordash.com,Pankajji Chaudhary,limited_access,,2020-09-01 00:00:00,True,Madhya Pradesh
414faf55-e12c-4b05-9b0d-a3f85dd38e30,531,rajashreerani.chaurasia@doordash.com,RajashreeRani Chaurasia,limited_access,,2020-03-15 00:00:00,True,Madhya Pradesh
f8df6f5f-c1d4-4932-a9e4-c1022ed40b22,531,ravindra.patil@doordash.com,Ravindra Patil,guest,,2020-09-07 00:00:00,True,Madhya Pradesh
77cf736d-51d5-4216-aee9-4331323fba59,531,aartibai.panchal@doordash.com,AartiBai Panchal,admin,,2020-02-20 00:00:00,True,Madhya Pradesh
04cbced8-c5d0-4d66-944f-7a24f31b3698,531,jitender.lodh@doordash.com,Jitender Lodh,guest,,2020-09-17 00:00:00,True,Madhya Pradesh
290463c8-1a48-41ad-a226-a24bc6a047f4,531,yasodadevi.bohra@doordash.com,YasodaDevi Bohra,guest,,2020-11-10 00:00:00,True,Madhya Pradesh
daabe471-79ab-464f-8ae4-70a09cf30be2,531,rajendra.malviya@doordash.com,Rajendra Malviya,member,,2020-10-11 00:00:00,True,Madhya Pradesh
475ecb19-57ea-4590-85c8-9c87989379ad,531,aruna.shukla@doordash.com,Aruna  Shukla,guest,,2020-02-12 00:00:00,True,Madhya Pradesh
28a6017a-2bc9-410b-982f-364bd1a0aa89,531,shashikant.bhil@doordash.com,Shashikant Bhil,admin,,2020-03-14 00:00:00,True,Madhya Pradesh
ac946048-c480-4423-9593-31f69be77a8a,531,vasavi.paliwal@doordash.com,Vasavi  Paliwal,admin,,2020-09-26 00:00:00,True,Madhya Pradesh
428dc2ed-0785-4652-96bf-29589c69b3ca,531,satyam.chhabra@doordash.com,Satyam Chhabra,member,,2020-12-31 00:00:00,True,Madhya Pradesh
d6730bc8-505b-4ec4-9539-185453429410,531,chaitalirani.gohil@doordash.com,ChaitaliRani Gohil,guest,,2020-07-21 00:00:00,True,Madhya Pradesh
ed1fbfd6-ed20-4acc-bd29-65fa5632e9bb,531,sureshkumar.saraf@doordash.com,Sureshkumar Saraf,member,,2020-04-07 00:00:00,True,Madhya Pradesh
3c52a74d-56ae-44f6-80c5-82b610fd8365,531,urmila.chhabra@doordash.com,Urmila  Chhabra,limited_access,,2020-01-31 00:00:00,True,Madhya Pradesh
9ff47343-4725-40a3-8858-4d7cde852947,531,sureshji.solanki@doordash.com,Sureshji Solanki,member,,2020-01-13 00:00:00,True,Madhya Pradesh
c45023e2-1382-4c95-88bb-03498b6f3ec0,531,chandrika.kapadia@doordash.com,Chandrika  Kapadia,admin,,2020-08-30 00:00:00,True,Madhya Pradesh
6a302272-34e6-49b7-9e0b-53bda20f5bb8,531,inderjeet.verma@doordash.com,Inderjeet Verma,guest,,2020-03-02 00:00:00,True,Madhya Pradesh
ca13a771-fba9-419f-a043-7c5a3c16e697,531,swarupa.shukla@doordash.com,Swarupa  Shukla,limited_access,,2020-02-28 00:00:00,True,Madhya Pradesh
56737011-8c69-4a18-888e-26aa507c7e68,531,nirmal.yadav@doordash.com,Nirmal Yadav,member,,2020-08-11 00:00:00,True,Madhya Pradesh
6591236a-938b-4928-ab9b-0cfbc650aadc,531,chaitalidevi.mishra@doordash.com,ChaitaliDevi Mishra,admin,,2020-06-12 00:00:00,True,Madhya Pradesh
a1d86067-cd63-4331-a907-532b0a24639e,531,girish.patil@doordash.com,Girish Patil,member,,2020-08-11 00:00:00,True,Madhya Pradesh
c8f18b6d-c866-4442-8806-62496b59797f,531,shubha.pattnaik@doordash.com,Shubha  Pattnaik,guest,,2020-01-26 00:00:00,True,Madhya Pradesh
97662191-905b-449c-9621-ee1b51423590,531,sushilji.tiwari@doordash.com,Sushilji Tiwari,admin,,2020-12-05 00:00:00,True,Madhya Pradesh
9e2ac0cf-96eb-4f58-b351-f0c021910546,531,komal.nayak@doordash.com,Komal  Nayak,admin,,2020-12-03 00:00:00,True,Madhya Pradesh
6b5e16e0-3f4f-4595-96d2-5191cbb8979c,531,satyam.khatri@doordash.com,Satyam Khatri,guest,,2020-01-11 00:00:00,True,Madhya Pradesh
663dfd01-8a89-4eb2-8b75-a154e9c8cdb9,531,saanvi.agrawal@doordash.com,Saanvi  Agrawal,guest,,2020-06-25 00:00:00,True,Madhya Pradesh
bfd62c3f-6483-426d-95b2-050dd8cda022,531,premlal.khare@doordash.com,Premlal Khare,guest,,2020-12-30 00:00:00,True,Madhya Pradesh
5d28cdfe-ba01-4fba-9ca9-514d38a19453,531,pranjali.baheti@doordash.com,Pranjali  Baheti,guest,,2020-06-19 00:00:00,True,Madhya Pradesh
d42ca21b-da31-401c-bd67-a340e10da014,531,chandramohanji.pattnaik@doordash.com,Chandramohanji Pattnaik,admin,,2020-01-28 00:00:00,True,Madhya Pradesh
679bbdd0-c8f9-4dde-a4cf-04d8210606d2,531,simran.pandey@doordash.com,Simran  Pandey,member,,2020-06-17 00:00:00,True,Madhya Pradesh
df1ec48b-3385-4081-a8bb-9f15c6513085,531,ramchand.singh@doordash.com,Ramchand Singh,guest,,2020-12-06 00:00:00,True,Madhya Pradesh
cb958be3-8968-49e3-980d-2c513b5aeb2f,531,madhavi.gahoi@doordash.com,Madhavi  Gahoi,guest,,2020-09-22 00:00:00,True,Madhya Pradesh
00922158-ef8a-4c5a-95e8-ea7041188a5c,531,krishnadev.kandari@doordash.com,Krishnadev Kandari,member,,2020-01-22 00:00:00,True,Madhya Pradesh
7b09f23c-20c1-4b7f-95a9-cad6f24b0c2d,531,kamala.solanki@doordash.com,Kamala  Solanki,guest,,2020-07-27 00:00:00,True,Madhya Pradesh
0fa53dab-714d-4291-9ddf-248b5b7a9731,531,manojpal.mishra@doordash.com,Manojpal Mishra,guest,,2020-02-12 00:00:00,True,Madhya Pradesh
9d84db4a-4ba6-407b-a3ba-9554a2f09d45,531,laxmi.khandelwal@doordash.com,Laxmi  Khandelwal,member,,2020-10-03 00:00:00,True,Madhya Pradesh
81074116-5dc5-41c5-8d46-653949cc8005,531,karamveer.kalra@doordash.com,Karamveer Kalra,guest,,2020-05-25 00:00:00,True,Haryana
8c2b43b3-e1da-4893-b131-b27274ccbf36,531,ravinder.tiwari@doordash.com,Ravinder Tiwari,limited_access,,2020-09-23 00:00:00,True,Haryana
12b42afb-d343-4127-be07-5ce7445c6970,531,inderjit.chamar@doordash.com,Inderjit Chamar,member,,2020-04-01 00:00:00,True,Haryana
029a14d4-9665-42e7-a5ff-5b39806f0331,531,rajni.tanwar@doordash.com,Rajni Tanwar,guest,,2020-06-23 00:00:00,True,Haryana
a5bc654e-1457-4b20-ae88-a4d2ced7695a,531,yogendra.yadav@doordash.com,Yogendra Yadav,member,,2020-02-24 00:00:00,True,Haryana
90212896-0a74-4af7-bef2-2ca74d11efc3,531,savita.chandrawat@doordash.com,Savita Chandrawat,limited_access,,2020-10-28 00:00:00,True,Haryana
e1967fdf-11bc-4bc2-a19f-df1f79dbf5ff,531,ranvir.sharma@doordash.com,Ranvir Sharma,limited_access,,2020-09-24 00:00:00,True,Haryana
5f432653-291a-40e1-b4a2-9e0f7ad95516,531,alka.ramgarhia@doordash.com,Alka Ramgarhia,member,,2020-06-25 00:00:00,True,Haryana
2016dd48-aed8-44eb-a54a-18a5402cf348,531,jaspreet.sharma@doordash.com,Jaspreet Sharma,admin,,2020-04-30 00:00:00,True,Haryana
fc56d5a3-3c33-4c9b-b9c2-a8de7aa44991,531,nandini.kumar@doordash.com,Nandini Kumar,limited_access,,2020-07-22 00:00:00,True,Haryana
2006fec6-7476-4faf-9997-c2e2258beda9,531,tarun.sharma@doordash.com,Tarun Sharma,member,,2020-07-09 00:00:00,True,Haryana
b0f7756c-f9c0-4443-a511-7eca09d90463,531,aishwarya.kadian@doordash.com,Aishwarya Kadian,member,,2020-10-07 00:00:00,True,Haryana
374ee5d8-03c8-44b4-9d0c-bc4c07ba02df,531,yuvraj.dholia@doordash.com,Yuvraj Dholia,limited_access,,2020-02-25 00:00:00,True,Haryana
56dc86f9-0691-4267-9842-8d9dbea3e6d0,531,indira.chaudhary@doordash.com,Indira Chaudhary,limited_access,,2020-07-13 00:00:00,True,Haryana
8a44e4a8-8809-46ad-968f-903e3a4466f4,531,darshan.rathi@doordash.com,Darshan Rathi,member,,2020-04-04 00:00:00,True,Haryana
3b34cb08-241d-44e6-b722-cc3a246824cb,531,gajra.bal@doordash.com,Gajra Bal,member,,2020-08-24 00:00:00,True,Haryana
7cfe3799-5b06-422e-952c-f357aa9cc34b,531,devendra.poonia@doordash.com,Devendra Poonia,admin,,2020-11-20 00:00:00,True,Haryana
7a2819fc-3dd0-442a-bf3f-28cbaee8d07a,531,asha.purohit@doordash.com,Asha Purohit,admin,,2020-08-01 00:00:00,True,Haryana
9896e02b-83da-43e7-a6f1-429b5b31738b,531,krishan.sharma@doordash.com,Krishan Sharma,limited_access,,2020-05-15 00:00:00,True,Haryana
fa8ee27b-c05c-4cff-9c4c-e0e75c7019e2,531,navneet.chandela@doordash.com,Navneet Chandela,limited_access,,2020-11-03 00:00:00,True,Haryana
a2262c7d-0e55-482a-bfa7-16fadafc9b46,531,girish.sekhon@doordash.com,Girish Sekhon,guest,,2020-08-17 00:00:00,True,Haryana
887b8fc2-1d7e-430c-893b-55e09c519d8f,531,shanti.chandrawat@doordash.com,Shanti Chandrawat,guest,,2020-05-12 00:00:00,True,Haryana
1c1fd84b-7485-4d2a-bbdc-5cb12335ae3b,531,nirmaljit.mushar@doordash.com,Nirmaljit Mushar,limited_access,,2020-03-31 00:00:00,True,Haryana
0009bdae-0a67-41b3-8fd7-c27a6b9eb95b,531,ranjana.rathi@doordash.com,Ranjana Rathi,limited_access,,2020-12-19 00:00:00,True,Haryana
9ec227b5-6fb8-44b3-90fb-30cff68f94d1,531,jagdish.bal@doordash.com,Jagdish Bal,limited_access,,2020-02-21 00:00:00,True,Haryana
47221538-6a8e-4a7d-8be0-ee937619481b,531,navneet.rajawat@doordash.com,Navneet Rajawat,limited_access,,2020-08-14 00:00:00,True,Haryana
7b5d73cf-669f-4600-a6d6-200d5f247854,531,yashpal.brar@doordash.com,Yashpal Brar,limited_access,,2020-08-01 00:00:00,True,Haryana
2fb0f506-457d-4387-8c84-b670e06b3760,531,indira.gill@doordash.com,Indira Gill,member,,2020-09-11 00:00:00,True,Haryana
c4b56235-3ce7-4da7-8011-fcabc111322a,531,kartik.raghav@doordash.com,Kartik Raghav,admin,,2020-04-23 00:00:00,True,Haryana
c44ba17c-63fd-4ada-a1e8-17a3ea5d9606,531,sakshi.tanwar@doordash.com,Sakshi Tanwar,guest,,2020-08-12 00:00:00,True,Haryana
c846bdd4-8f0e-4270-85a5-5d4fc802660a,531,satish.madhia@doordash.com,Satish Madhia,member,,2020-05-16 00:00:00,True,Haryana
2628941a-38e7-4c56-be93-ba617dbb45bb,531,shalini.dubey@doordash.com,Shalini Dubey,limited_access,,2020-05-15 00:00:00,True,Haryana
eb8c8c2b-d271-4a68-a823-c7cc54e2f9f0,531,harbhajan.chawla@doordash.com,Harbhajan Chawla,admin,,2020-08-12 00:00:00,True,Haryana
249157bd-28be-445a-a388-03d7324349cc,531,nidhi.maurya@doordash.com,Nidhi Maurya,limited_access,,2020-06-27 00:00:00,True,Haryana
645e9d73-bd68-45f0-ac59-a96505d48f17,531,joginder.ahlawat@doordash.com,Joginder Ahlawat,guest,,2020-07-27 00:00:00,True,Haryana
f057f000-b16a-42ed-a189-0344c678cd18,531,lajwanti.maheshwari@doordash.com,Lajwanti Maheshwari,guest,,2020-07-07 00:00:00,True,Haryana
80d3b1d3-7381-4ed5-9d72-d8f791a405df,531,om.raghav@doordash.com,Om Raghav,limited_access,,2020-01-28 00:00:00,True,Haryana
365f886e-e5bf-4a6b-ad57-a671b7a442b3,531,babli.sehrawat@doordash.com,Babli Sehrawat,member,,2020-02-14 00:00:00,True,Haryana
c0cb76e0-88c8-47ce-a831-c150fb788af8,531,hemendra.vishwakarma@doordash.com,Hemendra Vishwakarma,guest,,2020-01-29 00:00:00,True,Haryana
56c37012-b1f7-466a-8360-ffd62a0faa05,531,radhika.gupta@doordash.com,Radhika Gupta,member,,2020-11-08 00:00:00,True,Haryana
3b5a7c5f-f889-470c-afc2-a5f3a2283953,531,balwant.ram@doordash.com,Balwant Ram,guest,,2020-05-27 00:00:00,True,Haryana
1e5eb52b-1d71-410a-918f-3a577d90e97b,531,saraswati.gill@doordash.com,Saraswati Gill,admin,,2020-01-19 00:00:00,True,Haryana
16bae3c1-5642-4ae9-92e2-0b39c71e2e5d,531,prithvi.bhangi@doordash.com,Prithvi Bhangi,limited_access,,2020-04-28 00:00:00,True,Haryana
5b47b35d-d70b-4710-bed5-1ad70d248477,531,ravina.tanwar@doordash.com,Ravina Tanwar,admin,,2020-03-18 00:00:00,True,Haryana
4b799211-002b-44e9-b4cf-b8afb2091818,531,chetan.pratap@doordash.com,Chetan Pratap,admin,,2020-10-02 00:00:00,True,Haryana
9f416c55-a38e-4d3b-9a50-c51fbec4ffc2,531,priya.pandey@doordash.com,Priya Pandey,limited_access,,2020-09-22 00:00:00,True,Haryana
22366e43-f303-4264-9c6f-388fc03ddfcd,531,pardeep.kapoor@doordash.com,Pardeep Kapoor,guest,,2020-01-04 00:00:00,True,Haryana
d225e763-ac67-45e4-b584-9c2f73e52cac,531,pushpa.bura@doordash.com,Pushpa Bura,member,,2020-07-10 00:00:00,True,Haryana
60be254d-afc4-4370-8c19-554d9c39a60c,531,chandrapal.pall@doordash.com,Chandrapal Pall,admin,,2020-09-02 00:00:00,True,Haryana
ba4f2f81-170d-4647-b975-cf4766537d8b,531,simranjeet.dahiya@doordash.com,Simranjeet Dahiya,admin,,2020-09-08 00:00:00,True,Haryana
6e362df2-b4e4-4efd-b6f8-0e50f520c923,531,surender.malik@doordash.com,Surender Malik,limited_access,,2020-09-19 00:00:00,True,Haryana
b0bde9dd-980e-468e-b6d1-9208fbfa937f,531,navneet.pathak@doordash.com,Navneet Pathak,limited_access,,2020-06-14 00:00:00,True,Haryana
e7d3c74d-ebba-4c34-a68d-6211a649bf7f,531,upkar.sohal@doordash.com,Upkar Sohal,admin,,2020-12-09 00:00:00,True,Haryana
a3475022-418b-4d49-8c1a-b64dd8cd5f09,531,suman.shekhawat@doordash.com,Suman Shekhawat,member,,2020-02-23 00:00:00,True,Haryana
ed6ae5c9-f31c-4cc5-ae1c-41b47188ba23,531,gopal.sandhu@doordash.com,Gopal Sandhu,guest,,2020-11-30 00:00:00,True,Haryana
3d64a2e4-2b23-4c99-a14a-3c6d3b6e9575,531,gurpreet.ahir@doordash.com,Gurpreet Ahir,guest,,2020-03-22 00:00:00,True,Haryana
c5f944df-5568-4e77-b97a-984ab16bb4d0,531,vikram.sharma@doordash.com,Vikram Sharma,guest,,2020-09-08 00:00:00,True,Haryana
79be9c76-3227-4f07-bc3a-24246c4b35fd,531,suman.ramgarhia@doordash.com,Suman Ramgarhia,guest,,2020-03-08 00:00:00,True,Haryana
0d7ce148-2da2-4f90-966f-59db448039be,531,rohit.rana@doordash.com,Rohit Rana,guest,,2020-12-25 00:00:00,True,Haryana
ba3a6b03-7db0-4c03-9334-2fd54e52178f,531,yashika.khalra@doordash.com,Yashika Khalra,admin,,2020-12-13 00:00:00,True,Haryana
1bd6a03b-d621-4358-be65-a010702273f2,531,girish.mewara@doordash.com,Girish Mewara,guest,,2020-06-06 00:00:00,True,Haryana
a92ba7bc-d870-48dd-a812-e63435effc08,531,upkar.dubey@doordash.com,Upkar Dubey,member,,2020-07-11 00:00:00,True,Haryana
c497079b-9a3c-4842-8398-9fe7cadd5a0e,531,chetan.dhanuk@doordash.com,Chetan Dhanuk,guest,,2020-01-08 00:00:00,True,Haryana
df239bc8-feec-464b-82c0-20d195ef0b45,531,urmila.kumar@doordash.com,Urmila Kumar,guest,,2020-12-22 00:00:00,True,Haryana
91fdad14-8192-422f-a8b4-eb339b831cdd,531,charanjit.arora@doordash.com,Charanjit Arora,limited_access,,2020-06-15 00:00:00,True,Haryana
34a0436d-4f6c-4b84-a86b-fa6a1b8e4b7e,531,saraswati.shekhawat@doordash.com,Saraswati Shekhawat,guest,,2020-01-11 00:00:00,True,Haryana
f6942934-5e17-477e-a2a3-9219097ee00e,531,inderjit.mala@doordash.com,Inderjit Mala,member,,2020-07-15 00:00:00,True,Haryana
e90a7918-a972-45ff-a404-88681e4e49fe,531,sushma.ranawat@doordash.com,Sushma Ranawat,limited_access,,2020-07-21 00:00:00,True,Haryana
2ab90e86-a1f3-4e3a-b76d-03a501e5c702,531,aditya.khanna@doordash.com,Aditya Khanna,admin,,2020-05-27 00:00:00,True,Haryana
45189113-cbdc-4670-88cc-6eca0bc5f46c,531,yamuna.parmar@doordash.com,Yamuna Parmar,admin,,2020-07-02 00:00:00,True,Haryana
2a74bada-ba32-4ecc-b9d4-80f7d2e7b33e,531,dinesh.jain@doordash.com,Dinesh Jain,member,,2020-05-03 00:00:00,True,Haryana
f2a03e2c-6c76-438e-8c39-7f53545dee72,531,urmila.vyas@doordash.com,Urmila Vyas,member,,2020-12-15 00:00:00,True,Haryana
0afc8a44-f492-414c-b2e6-d80a9f073f47,531,vikas.chauhan@doordash.com,Vikas Chauhan,admin,,2020-12-02 00:00:00,True,Haryana
97f12822-a2d7-40b0-9cf2-12df20265b57,531,laxmi.sandhu@doordash.com,Laxmi Sandhu,member,,2020-07-27 00:00:00,True,Haryana
70175338-3529-4ab4-925f-f61cc600b5d1,531,rajiv.punia@doordash.com,Rajiv Punia,limited_access,,2020-11-01 00:00:00,True,Haryana
5aa8e1d9-b98c-416d-9eda-3af56712c6c5,531,simranjeet.sekhon@doordash.com,Simranjeet Sekhon,admin,,2020-10-06 00:00:00,True,Haryana
aa9af23e-c820-4564-b459-62f0b80ee5cd,531,madhukar.chandawat@doordash.com,Madhukar Chandawat,limited_access,,2020-02-10 00:00:00,True,Haryana
99075f91-367a-420c-9748-afed6d5a33f5,531,shalini.beniwal@doordash.com,Shalini Beniwal,member,,2020-03-13 00:00:00,True,Haryana
bfa4bb42-62f7-4b21-a297-34e8bb81caed,531,mukesh.mahajan@doordash.com,Mukesh Mahajan,guest,,2020-10-13 00:00:00,True,Haryana
cf15fe68-4d24-49b6-a4ea-589afbd7b0b4,531,indira.sekhon@doordash.com,Indira Sekhon,limited_access,,2020-04-30 00:00:00,True,Haryana
4f633578-91be-449e-96d9-c6e9cb110594,531,jagdish.dhindsa@doordash.com,Jagdish Dhindsa,limited_access,,2020-05-13 00:00:00,True,Haryana
a785e6dc-2e0d-462b-8e62-1c3aade481c1,531,vidya.lodh@doordash.com,Vidya Lodh,admin,,2020-11-04 00:00:00,True,Haryana
e8b4a7a4-dfb4-4e3e-8059-263b18699d05,531,yatindra.sangwan@doordash.com,Yatindra Sangwan,guest,,2020-10-09 00:00:00,True,Haryana
0e7a7062-80ee-4825-8f34-7eb2afa29a63,531,kriti.mishra@doordash.com,Kriti Mishra,member,,2020-10-26 00:00:00,True,Haryana
c71f319d-14fc-4331-ae43-687a0f5c7665,531,ishan.kapoor@doordash.com,Ishan Kapoor,member,,2020-07-28 00:00:00,True,Haryana
295a964a-5a82-4a9f-aa73-1ad4027e83ea,531,komal.khandelwal@doordash.com,Komal Khandelwal,limited_access,,2020-05-23 00:00:00,True,Haryana
6f67b6c8-dfec-43d8-aea0-86663fd0d691,531,chandra.dewal@doordash.com,Chandra Dewal,limited_access,,2020-11-29 00:00:00,True,Haryana
5354fb4d-0cca-448c-a100-17c27be9f8b5,531,yashoda.madhesi@doordash.com,Yashoda Madhesi,admin,,2020-11-05 00:00:00,True,Haryana
f96e6f52-97ae-4dbe-adc4-303c19ab606b,531,sunil.dhindsa@doordash.com,Sunil Dhindsa,member,,2020-08-04 00:00:00,True,Haryana
ecabd845-7898-4ea0-9f76-d02df6f30249,531,sujata.sehrawat@doordash.com,Sujata Sehrawat,admin,,2020-11-05 00:00:00,True,Haryana
dc4a470b-8f7a-4a05-9ff4-b55fffa55abd,531,tarun.dhindsa@doordash.com,Tarun Dhindsa,member,,2020-05-13 00:00:00,True,Haryana
32e73c26-7424-4653-ab47-ef666ecad96c,531,gauri.ravidas@doordash.com,Gauri Ravidas,guest,,2020-07-27 00:00:00,True,Haryana
b09e1cec-b129-4820-a72d-fd7e9d53e2b3,531,gurdas.khumaran@doordash.com,Gurdas Khumaran,admin,,2020-02-22 00:00:00,True,Haryana
d91c695e-9b59-4006-b358-040121bfe101,531,agarwali.khangura@doordash.com,Agarwali Khangura,guest,,2020-10-16 00:00:00,True,Haryana
9b003cbc-4130-4d9f-b629-aaac4267e241,531,akhil.sidhu@doordash.com,Akhil Sidhu,admin,,2020-08-20 00:00:00,True,Haryana
9333dcd5-427f-4b25-8231-1b118745d436,531,komal.chandawat@doordash.com,Komal Chandawat,guest,,2020-10-22 00:00:00,True,Haryana
185ff9f5-aa32-45e0-9a05-78900a6ea350,531,deepak.agarwalia@doordash.com,Deepak Agarwalia,admin,,2020-04-21 00:00:00,True,Haryana
432db112-0fcd-4b10-bec5-8f6ad6321d52,531,yashoda.ahlawat@doordash.com,Yashoda Ahlawat,limited_access,,2020-08-15 00:00:00,True,Haryana
d1ad721d-b82c-4de5-b4bf-f7890d9bc6d4,531,madhav.bhullar@doordash.com,Madhav Bhullar,admin,,2020-06-27 00:00:00,True,Haryana
fc7dd488-3b16-413e-ae31-b6dfda061b30,531,mandeep.rana@doordash.com,Mandeep Rana,guest,,2020-03-12 00:00:00,True,Haryana
50f414ac-84fe-4f69-9788-fafe3c8cf89c,531,keshav.shekhawat@doordash.com,Keshav Shekhawat,admin,,2020-07-10 00:00:00,True,Haryana
c7e10fe2-bc31-440a-b488-42f91f8a3f20,531,sukhpreet.sachdeva@doordash.com,Sukhpreet Sachdeva,guest,,2020-10-29 00:00:00,True,Haryana
cecfe1b2-95d5-4fec-b475-7ad8e8cee353,531,virender.singh@doordash.com,Virender Singh,guest,,2020-07-14 00:00:00,True,Haryana
0d2693c2-4833-46f8-99f0-49f63f02f2b1,531,upkar.pandey@doordash.com,Upkar Pandey,guest,,2020-12-12 00:00:00,True,Haryana
4a3f6352-cf89-4662-9ea3-500fc23c9dec,531,vijay.bainsla@doordash.com,Vijay Bainsla,guest,,2020-01-15 00:00:00,True,Haryana
d1952789-1844-446d-a058-21c7d745f46e,531,kiran.bansal@doordash.com,Kiran Bansal,member,,2020-01-07 00:00:00,True,Haryana
967b414a-b4ba-4bd7-bb49-00089d44f254,531,piyush.chamaar@doordash.com,Piyush Chamaar,admin,,2020-05-19 00:00:00,True,Haryana
86da2390-62be-4f77-a47b-dffbc1fd18a7,531,jyoti.sohi@doordash.com,Jyoti Sohi,admin,,2020-05-24 00:00:00,True,Haryana
43389e04-3796-4516-8856-23b37a5a1e88,531,mahendra.khera@doordash.com,Mahendra Khera,member,,2020-07-16 00:00:00,True,Haryana
0f6d4854-423d-405c-88be-5e0334105c2c,531,vishakha.dubey@doordash.com,Vishakha Dubey,member,,2020-06-29 00:00:00,True,Haryana
ba7effd9-7264-4290-8914-6565db43c7b3,531,jaideep.taneja@doordash.com,Jaideep Taneja,limited_access,,2020-08-16 00:00:00,True,Haryana
1fbd6d7c-56b2-4824-8875-a2f07e2ea263,531,sharmila.gurjar@doordash.com,Sharmila Gurjar,guest,,2020-08-06 00:00:00,True,Haryana
dd258b50-c278-4977-8a90-eea379009d6d,531,yashpreet.singh@doordash.com,Yashpreet Singh,limited_access,,2020-09-09 00:00:00,True,Haryana
83387f40-2e46-44f8-8793-3a8a3e4b7b6c,531,aarti.punia@doordash.com,Aarti Punia,limited_access,,2020-12-17 00:00:00,True,Haryana
ad41cc83-1b69-4d74-95df-00b58d5b0c62,531,vikas.taneja@doordash.com,Vikas Taneja,member,,2020-06-24 00:00:00,True,Haryana
fa6a75dd-7d67-4042-b546-b9fed07ac253,531,yogita.tanwar@doordash.com,Yogita Tanwar,guest,,2020-11-08 00:00:00,True,Haryana
a6128987-16e0-4fbd-916c-eda6675d48a3,531,taranjit.sengar@doordash.com,Taranjit Sengar,limited_access,,2020-03-19 00:00:00,True,Haryana
d4c5d21d-4216-407b-8a42-10bd45db4039,531,savita.bhomia@doordash.com,Savita Bhomia,admin,,2020-05-09 00:00:00,True,Haryana
60918250-e02f-4e89-9f9e-cc56966cecb0,531,amar.chawla@doordash.com,Amar Chawla,guest,,2020-12-15 00:00:00,True,Haryana
57c5836d-aa57-499d-a4c3-f37c8dee83e9,531,anjali.madhesi@doordash.com,Anjali Madhesi,guest,,2020-10-10 00:00:00,True,Haryana
764a1372-5fc6-488f-9c78-07c2d56e4e0e,531,sanjay.kadian@doordash.com,Sanjay Kadian,member,,2020-06-04 00:00:00,True,Haryana
984b5bc6-29ed-42c2-8660-27af042ab4d2,531,gauri.kaur@doordash.com,Gauri Kaur,member,,2020-12-25 00:00:00,True,Haryana
6a5fc02d-2bb5-4d6d-9e44-a12c46f78ff6,531,ashok.raghav@doordash.com,Ashok Raghav,admin,,2020-10-04 00:00:00,True,Haryana
196592fb-244e-41bd-b1e2-a79e67a80a12,531,harika.khandelwal@doordash.com,Harika Khandelwal,limited_access,,2020-09-12 00:00:00,True,Haryana
14ff1958-180f-4e03-a32a-21efa7a52ae1,531,mahavir.chandela@doordash.com,Mahavir Chandela,member,,2020-03-06 00:00:00,True,Haryana
d94504d4-bea0-4362-acdf-27cca5e4f35d,531,jaswinder.chandawat@doordash.com,Jaswinder Chandawat,member,,2020-05-02 00:00:00,True,Haryana
395e63bc-844a-42a8-9f89-d89d2291e50d,531,rakesh.mann@doordash.com,Rakesh Mann,limited_access,,2020-10-10 00:00:00,True,Haryana
830bc8e8-d263-426c-ad7c-fd88caf945c2,531,prabha.malhotra@doordash.com,Prabha Malhotra,member,,2020-09-12 00:00:00,True,Haryana
67effbe3-501a-4774-ab94-cb9a44f48b21,531,devansh.khandelwal@doordash.com,Devansh Khandelwal,guest,,2020-08-17 00:00:00,True,Haryana
66ca8902-67bc-4874-a086-dd972d6b843e,531,kumari.bhangi@doordash.com,Kumari Bhangi,member,,2020-11-13 00:00:00,True,Haryana
35bf9c36-3f0e-4219-aa14-57163bb5734d,531,bhavesh.kooner@doordash.com,Bhavesh Kooner,guest,,2020-06-03 00:00:00,True,Haryana
7bc83b90-3eb8-466c-a411-15cc63bf9fc7,531,meera.bhangi@doordash.com,Meera Bhangi,admin,,2020-06-12 00:00:00,True,Haryana
15b9845d-28ca-4c73-9032-c4ce7bcf34e4,531,harjinder.chawla@doordash.com,Harjinder Chawla,admin,,2020-08-02 00:00:00,True,Haryana
fb88aabb-60eb-43a8-9d98-987f9b928017,531,meera.kaur@doordash.com,Meera Kaur,member,,2020-08-13 00:00:00,True,Haryana
1b8d3343-0463-4771-b864-e262f6da00ad,531,dhananjay.chandela@doordash.com,Dhananjay Chandela,member,,2020-09-19 00:00:00,True,Haryana
b5dce89e-211c-49c6-9298-38b1e87623f3,531,madhuri.tanwar@doordash.com,Madhuri Tanwar,admin,,2020-06-06 00:00:00,True,Haryana
159386b8-3fc1-483d-ae87-20bb12fe464c,531,om.singh@doordash.com,Om Singh,limited_access,,2020-01-02 00:00:00,True,Haryana
14d45398-936b-47fd-bdb7-994ca3608dac,531,neelam.bains@doordash.com,Neelam Bains,limited_access,,2020-10-31 00:00:00,True,Haryana
ecdf1fee-3743-4748-a74d-b8386975cbe9,531,deenbandhu.vyas@doordash.com,Deenbandhu Vyas,limited_access,,2020-01-14 00:00:00,True,Haryana
e842a9c9-3822-4102-ab2f-e682815b02b5,531,bimla.vyas@doordash.com,Bimla Vyas,admin,,2020-12-18 00:00:00,True,Haryana
5963930b-f786-44bd-80df-218b2b6861b3,531,vimal.sohal@doordash.com,Vimal Sohal,limited_access,,2020-06-09 00:00:00,True,Haryana
8f1d1cf5-91df-41f2-8315-7c2043de3ad8,531,anju.bhushan@doordash.com,Anju Bhushan,member,,2020-12-24 00:00:00,True,Haryana
4ef7232c-443a-4a48-83b6-c8f0c8659146,531,taranjit.upadhyay@doordash.com,Taranjit Upadhyay,guest,,2020-05-12 00:00:00,True,Haryana
9e2e0675-7fc3-4796-a419-0dba91db639b,531,bimla.mann@doordash.com,Bimla Mann,admin,,2020-09-23 00:00:00,True,Haryana
a5582af2-2855-4090-9067-3ce1821898f9,531,ravinder.paswan@doordash.com,Ravinder Paswan,guest,,2020-01-20 00:00:00,True,Haryana
e5147054-3433-4e92-b50f-ff8b8aa42595,531,aarti.mann@doordash.com,Aarti Mann,guest,,2020-10-24 00:00:00,True,Haryana
a2d41453-ba97-46a6-b6d1-cdb1df6089ae,531,udaybir.malik@doordash.com,Udaybir Malik,admin,,2020-07-31 00:00:00,True,Haryana
40a17535-f1eb-424f-a3ba-e3b4d2c78e43,531,pooja.rastogi@doordash.com,Pooja Rastogi,admin,,2020-09-02 00:00:00,True,Haryana
851bae58-ad64-4338-90a6-c1245ef749ad,531,parveen.singh@doordash.com,Parveen Singh,member,,2020-04-23 00:00:00,True,Haryana
f58cc3ce-604e-443b-b75f-cc77e1bcdb0f,531,anju.gupta@doordash.com,Anju Gupta,guest,,2020-12-17 00:00:00,True,Haryana
e664c90e-a8ba-4eb8-b933-eed034a2b679,531,prithvi.khangura@doordash.com,Prithvi Khangura,limited_access,,2020-07-06 00:00:00,True,Haryana
bd539cab-bc6b-404d-8f04-47f531759975,531,geeta.bura@doordash.com,Geeta Bura,limited_access,,2020-08-10 00:00:00,True,Haryana
6974e421-6d30-4cb6-9446-a25e3c809054,531,hariprasad.dahiya@doordash.com,Hariprasad Dahiya,guest,,2020-07-24 00:00:00,True,Haryana
5b668da8-1620-45de-8c90-0fbce6d03faf,531,meenakshi.kumar@doordash.com,Meenakshi Kumar,admin,,2020-08-25 00:00:00,True,Haryana
23b3a64a-f2ee-4e4b-b1bb-7ba0d8541b2c,531,suryaprakash.chana@doordash.com,Suryaprakash Chana,guest,,2020-03-22 00:00:00,True,Haryana
cca5acb8-6ee8-417f-8d27-f350706923ec,531,bhavna.dhanuk@doordash.com,Bhavna Dhanuk,limited_access,,2020-12-05 00:00:00,True,Haryana
bac96994-2327-4af8-992c-1374374ec6fb,531,rajesh.madhia@doordash.com,Rajesh Madhia,limited_access,,2020-12-31 00:00:00,True,Haryana
200334b9-00a3-4ea9-9eef-92af77858550,531,aman.taneja@doordash.com,Aman Taneja,guest,,2020-12-30 00:00:00,True,Haryana
5cff3822-facc-4665-be67-4a9f2a29782f,531,sanjay.kundu@doordash.com,Sanjay Kundu,member,,2020-04-01 00:00:00,True,Haryana
f0f5e8d2-e447-49d8-af81-93d01117edf1,531,devika.taneja@doordash.com,Devika Taneja,limited_access,,2020-05-14 00:00:00,True,Haryana
5d029882-5b56-421d-893b-df9f5276411a,531,harinder.dhot@doordash.com,Harinder Dhot,admin,,2020-06-26 00:00:00,True,Haryana
c298478e-3e32-4eb5-91b3-48f20cd70765,531,jatinder.soni@doordash.com,Jatinder Soni,admin,,2020-05-18 00:00:00,True,Haryana
eb15d51a-34f5-4732-a627-2448c5286aed,531,omkar.sihag@doordash.com,Omkar Sihag,limited_access,,2020-08-01 00:00:00,True,Haryana
7cb8590c-2b14-47b2-a68b-6d11faeed62e,531,zorawar.upadhyay@doordash.com,Zorawar Upadhyay,limited_access,,2020-10-12 00:00:00,True,Haryana
536f6a5c-d246-45d4-9fc8-429ef7b190f0,531,gurdas.mann@doordash.com,Gurdas Mann,admin,,2020-07-25 00:00:00,True,Haryana
90a93d61-2485-48ac-bf8a-f80f5000662e,531,rajpreet.chawla@doordash.com,Rajpreet Chawla,limited_access,,2020-08-14 00:00:00,True,Haryana
a9b7b370-d305-4ca2-bab1-76675ca78ab9,531,vijender.chawla@doordash.com,Vijender Chawla,admin,,2020-05-18 00:00:00,True,Haryana
4e6f588f-2b89-49f9-9e19-4d5718c63ac6,531,ravina.swarup@doordash.com,Ravina Swarup,guest,,2020-12-25 00:00:00,True,Haryana
617e34b0-c6e1-4a73-9d4e-87758779bced,531,vikramjit.chawla@doordash.com,Vikramjit Chawla,member,,2020-09-17 00:00:00,True,Haryana
7fe45574-9d45-44ad-b082-df20319cffc3,531,harika.yadav@doordash.com,Harika Yadav,member,,2020-09-17 00:00:00,True,Haryana
ff0930ca-9622-4817-87f9-d828964b0499,531,surendra.kashyap@doordash.com,Surendra Kashyap,limited_access,,2020-06-04 00:00:00,True,Haryana
3866d28e-4d88-4b98-8b28-66659460b0a8,531,rani.rani@doordash.com,Rani Rani,member,,2020-01-03 00:00:00,True,Haryana
c3337aa3-06f3-4362-a020-26bf475a4faa,531,ashok.sangwan@doordash.com,Ashok Sangwan,member,,2020-08-18 00:00:00,True,Haryana
7d534776-1210-424e-8390-43dd28bcd0db,531,chandana.kumari@doordash.com,Chandana Kumari,guest,,2020-11-28 00:00:00,True,Haryana
11d6e047-e820-4744-a85c-344865b3fe75,531,ranbir.gaharwar@doordash.com,Ranbir Gaharwar,guest,,2020-09-14 00:00:00,True,Haryana
c11f4ea1-9ebe-4e79-8174-d4605da58c19,531,esha.chawla@doordash.com,Esha Chawla,limited_access,,2020-12-08 00:00:00,True,Haryana
9105310f-525f-460f-af13-8039763625be,531,joginder.shekhawat@doordash.com,Joginder Shekhawat,admin,,2020-04-04 00:00:00,True,Haryana
5d85a4cd-7563-4b50-a35e-dbf65df3ed93,531,karamjit.sani@doordash.com,Karamjit Sani,admin,,2020-01-02 00:00:00,True,Haryana
7e8536fe-42d8-4284-af86-a3f7c3deb03e,531,shivendra.khatri@doordash.com,Shivendra Khatri,limited_access,,2020-05-06 00:00:00,True,Haryana
1db2fd66-86af-449e-b307-a937b61cf81b,531,harjit.chopra@doordash.com,Harjit Chopra,admin,,2020-02-08 00:00:00,True,Haryana
3eaeb0e0-46d8-4761-b32f-3ce5e0c7de59,531,harmeet.shekhawat@doordash.com,Harmeet Shekhawat,admin,,2020-04-27 00:00:00,True,Haryana
80bede22-a8fc-47f1-b4b2-72bfd04d440d,531,leela.chawla@doordash.com,Leela Chawla,member,,2020-11-19 00:00:00,True,Haryana
bd881247-0a53-4cb4-8006-e63ce6d911d5,531,ishan.gaharwar@doordash.com,Ishan Gaharwar,admin,,2020-08-29 00:00:00,True,Haryana
67e8f09d-b6d7-4302-9e7b-63ce702854e3,531,kajal.bhangi@doordash.com,Kajal Bhangi,guest,,2020-07-25 00:00:00,True,Haryana
df503c94-0cf5-4fa9-a9c0-d5b59f92fcab,531,rajbir.rana@doordash.com,Rajbir Rana,limited_access,,2020-11-18 00:00:00,True,Haryana
bbd01304-140b-4693-8e80-bcaf3e9f1061,531,yashoda.gorkha@doordash.com,Yashoda Gorkha,limited_access,,2020-02-23 00:00:00,True,Haryana
1cdabba5-b4fc-4564-ac5d-a4888501b503,531,ajit.tiwari@doordash.com,Ajit Tiwari,guest,,2020-07-26 00:00:00,True,Haryana
fa628bda-3cf9-46bf-8ec5-a2f81adee878,531,jaspreet.dahiya@doordash.com,Jaspreet Dahiya,guest,,2020-11-04 00:00:00,True,Haryana
73fd736a-a4af-41b4-be63-6fba1c5cb776,531,krishan.chaudhary@doordash.com,Krishan Chaudhary,member,,2020-05-22 00:00:00,True,Haryana
dedff777-8af1-4a9f-af0e-96f2eb8fa387,531,simran.choudhary@doordash.com,Simran Choudhary,admin,,2020-01-11 00:00:00,True,Haryana
7ce26a53-e230-4a6f-9067-4221f8714749,531,udaybir.paswan@doordash.com,Udaybir Paswan,admin,,2020-06-24 00:00:00,True,Haryana
69ac6346-0646-40c9-8af8-270bd26c06b8,531,nidhi.gupta@doordash.com,Nidhi Gupta,limited_access,,2020-04-06 00:00:00,True,Haryana
2e5b9e29-6497-403b-b8a3-a940e9840e11,531,zorawar.rana@doordash.com,Zorawar Rana,admin,,2020-09-26 00:00:00,True,Haryana
aae72de7-f76e-4c57-b0df-1d3f987fd871,531,harman.jangra@doordash.com,Harman Jangra,member,,2020-05-25 00:00:00,True,Haryana
0f0a0ce0-3544-433a-84b0-f4fb44bbc57b,531,nitin.chandrawat@doordash.com,Nitin Chandrawat,admin,,2020-01-05 00:00:00,True,Haryana
4752c8e3-60d5-4cdb-9ffa-1b5c710c4daf,531,parminder.pundir@doordash.com,Parminder Pundir,admin,,2020-05-27 00:00:00,True,Haryana
7c4ae98d-2989-4ea8-9478-33f274849e49,531,eklavya.sharma@doordash.com,Eklavya Sharma,guest,,2020-09-18 00:00:00,True,Haryana
9567c0d6-78d4-4c36-8143-50ad4fe07d97,531,nandini.jassa@doordash.com,Nandini Jassa,limited_access,,2020-09-22 00:00:00,True,Haryana
07922fd7-a582-443a-b88a-5077d17086ce,531,arun.gupta@doordash.com,Arun Gupta,member,,2020-02-25 00:00:00,True,Haryana
e365b6fb-ccde-42c9-9e85-287847f3447e,531,shakuntala.dalal@doordash.com,Shakuntala Dalal,admin,,2020-06-27 00:00:00,True,Haryana
a7656f81-a72f-4a3c-ad5f-a64ae31f5891,531,mukesh.sachdeva@doordash.com,Mukesh Sachdeva,limited_access,,2020-10-10 00:00:00,True,Haryana
d9cdf20d-c840-40bc-b8de-c418895e8177,531,inderjeet.chawla@doordash.com,Inderjeet Chawla,admin,,2020-09-03 00:00:00,True,Haryana
ddacd94b-7aa6-4afa-8efb-2644e9afc31f,531,yogendra.khangura@doordash.com,Yogendra Khangura,admin,,2020-09-27 00:00:00,True,Haryana
48e2a1d1-987b-49ce-8f11-729424f61c82,531,madhavi.tanwar@doordash.com,Madhavi Tanwar,member,,2020-01-30 00:00:00,True,Haryana
34a9a536-13ca-4394-8531-de2f8fc87424,531,bhagirath.dubey@doordash.com,Bhagirath Dubey,member,,2020-09-25 00:00:00,True,Haryana
100d532b-a22d-44a9-bb05-2395a852883c,531,devika.dhanuk@doordash.com,Devika Dhanuk,guest,,2020-04-14 00:00:00,True,Haryana
136bf078-1d35-4fe3-aac7-74d5f954fc91,531,chirag.sharma@doordash.com,Chirag Sharma,member,,2020-09-04 00:00:00,True,Haryana
d6580a7d-1b43-4f43-b237-f8019a910b89,531,madhavi.tiwari@doordash.com,Madhavi Tiwari,limited_access,,2020-01-03 00:00:00,True,Haryana
1689cb20-247a-445b-a735-bffbd0a5cce2,531,lalit.tanwar@doordash.com,Lalit Tanwar,member,,2020-03-19 00:00:00,True,Haryana
4a28cfbf-5be4-4521-acea-7f2fc3d1f8f3,531,amrit.mishra@doordash.com,Amrit Mishra,limited_access,,2020-10-01 00:00:00,True,Haryana
a85f65f5-aa6c-479a-baa7-a777936e4679,531,piyush.ravidas@doordash.com,Piyush Ravidas,guest,,2020-01-07 00:00:00,True,Haryana
7021c564-7bf5-4d87-bbbf-b592aa4ed87c,531,daljit.raghav@doordash.com,Daljit Raghav,member,,2020-05-22 00:00:00,True,Haryana
b45088f9-b556-41b0-bd45-32ca634d6727,531,hari.nishad@doordash.com,Hari Nishad,guest,,2020-07-13 00:00:00,True,Haryana
6f1a83c5-a434-45f2-ba3c-e79e0ce1caf2,531,ravina.mahajan@doordash.com,Ravina Mahajan,admin,,2020-11-26 00:00:00,True,Haryana
0e048295-6e8f-4e82-9565-bbcdf5cbfdaa,531,lakshman.sihag@doordash.com,Lakshman Sihag,guest,,2020-05-06 00:00:00,True,Haryana
be6a641c-6a4d-461e-b11a-b0a574761d0e,531,shalini.sisodia@doordash.com,Shalini Sisodia,limited_access,,2020-07-02 00:00:00,True,Haryana
21857ff1-7303-4ed0-bd0d-09e79201bda2,531,darshan.kashyap@doordash.com,Darshan Kashyap,admin,,2020-11-10 00:00:00,True,Haryana
ef632e78-c41f-4c07-8b95-8ba8bbb4b0da,531,indu.mehra@doordash.com,Indu Mehra,limited_access,,2020-01-11 00:00:00,True,Haryana
c64f6753-4995-46f7-b826-15e86b2149bc,531,madhav.choudhary@doordash.com,Madhav Choudhary,limited_access,,2020-02-01 00:00:00,True,Haryana
9e1ba2d4-0a7f-46d5-97fb-80305f9e3502,531,aarti.dhindsa@doordash.com,Aarti Dhindsa,admin,,2020-10-05 00:00:00,True,Haryana
6261b824-aee6-4ac0-87b6-0ac51813c1ab,531,suryaprakash.singh@doordash.com,Suryaprakash Singh,member,,2020-11-13 00:00:00,True,Haryana
f424822a-37ed-42dd-9b64-c6c2f85a8059,531,veena.malik@doordash.com,Veena Malik,limited_access,,2020-07-11 00:00:00,True,Haryana
cb2078f5-162b-4e01-9e47-802fc7bd98be,531,bhupender.grewal@doordash.com,Bhupender Grewal,guest,,2020-10-25 00:00:00,True,Haryana
356c56b2-689d-4753-833b-8740a10ee869,531,lakshmi.ravidas@doordash.com,Lakshmi Ravidas,member,,2020-08-08 00:00:00,True,Haryana
b22095ea-cd2b-44b8-b5d1-50c23913fbea,531,tulsiram.lather@doordash.com,Tulsiram Lather,member,,2020-12-04 00:00:00,True,Haryana
04a1f9b4-7d56-4cb5-bec2-d616d7506887,531,meera.khatri@doordash.com,Meera Khatri,admin,,2020-12-13 00:00:00,True,Haryana
a1f0bfbf-d2a9-4ca5-b1fd-bcce20d0746b,531,harmeet.parmar@doordash.com,Harmeet Parmar,guest,,2020-11-15 00:00:00,True,Haryana
253e3744-fd4a-43e1-8f66-3c7d45276a42,531,sunita.chamaar@doordash.com,Sunita Chamaar,limited_access,,2020-12-10 00:00:00,True,Haryana
47336238-6494-49f7-9286-6b205d4daabd,531,deepak.sohal@doordash.com,Deepak Sohal,guest,,2020-09-29 00:00:00,True,Haryana
5502976d-03dd-468c-b8c6-0b07ee5ff2d8,531,sakshi.ahir@doordash.com,Sakshi Ahir,admin,,2020-02-04 00:00:00,True,Haryana
81dec45b-d622-45d2-b151-0a55b086fd82,531,ravinder.joshi@doordash.com,Ravinder Joshi,admin,,2020-08-23 00:00:00,True,Haryana
b7bfeabd-9499-4914-8552-4606380f3810,531,chandni.chauhan@doordash.com,Chandni Chauhan,admin,,2020-06-01 00:00:00,True,Haryana
ea61f4b2-9323-4310-99c4-71d47b74260e,531,chirag.sindhu@doordash.com,Chirag Sindhu,admin,,2020-11-06 00:00:00,True,Haryana
b445a68b-6033-444f-9438-85aea295e004,531,vishakha.chandrawat@doordash.com,Vishakha Chandrawat,member,,2020-04-18 00:00:00,True,Haryana
4fd3f18d-3cc6-4df9-9642-73d033c17de2,531,inderjit.vyas@doordash.com,Inderjit Vyas,limited_access,,2020-08-18 00:00:00,True,Haryana
ece204bb-9d8b-4078-821a-292a864759f7,531,simranjeet.yadav@doordash.com,Simranjeet Yadav,member,,2020-09-05 00:00:00,True,Haryana
19af9d10-1ecc-47ad-a30b-ae0a5b9c6480,531,sanjay.jindal@doordash.com,Sanjay Jindal,admin,,2020-08-23 00:00:00,True,Haryana
6e9ccbf6-d04b-461c-9dd0-b8eaa4198358,531,vishakha.kachhawaha@doordash.com,Vishakha Kachhawaha,guest,,2020-04-22 00:00:00,True,Haryana
83443b20-8ad3-42ec-8d54-4483180e4c41,531,ranvir.ravidas@doordash.com,Ranvir Ravidas,member,,2020-10-06 00:00:00,True,Haryana
3a0e24ce-11cf-4f41-9a16-2c7ee52ad064,531,kiran.singh@doordash.com,Kiran Singh,guest,,2020-05-16 00:00:00,True,Haryana
02abf92a-acce-4a41-adfc-82a561d44f40,531,udaybir.sharma@doordash.com,Udaybir Sharma,guest,,2020-09-05 00:00:00,True,Haryana
a3eb833c-d691-48a2-bceb-5f8e70fc1a70,531,vimla.taneja@doordash.com,Vimla Taneja,guest,,2020-04-22 00:00:00,True,Haryana
441d0378-95a5-4191-a898-f76b72430c34,531,manish.chopra@doordash.com,Manish Chopra,limited_access,,2020-01-24 00:00:00,True,Haryana
1758aa09-6dce-4baf-b04b-bc41937787f8,531,inderjeet.bal@doordash.com,Inderjeet Bal,member,,2020-08-25 00:00:00,True,Haryana
7b4f9a44-1a2b-499d-8706-8a7ee7f498d1,531,arvind.mehra@doordash.com,Arvind Mehra,limited_access,,2020-06-21 00:00:00,True,Haryana
e3aa1cd7-8a83-46cb-9101-c4f21695e52b,531,chandini.gupta@doordash.com,Chandini Gupta,admin,,2020-11-23 00:00:00,True,Haryana
b951b52b-d487-4249-a0ed-8f56daa16935,531,chetan.arora@doordash.com,Chetan Arora,admin,,2020-10-18 00:00:00,True,Haryana
efeef8ab-3725-49ec-ba11-64aa662f4962,531,gauri.vyas@doordash.com,Gauri Vyas,member,,2020-03-03 00:00:00,True,Haryana
642a87bd-5317-45bd-9b0f-8acab8da080b,531,sunil.kumar@doordash.com,Sunil Kumar,guest,,2020-12-18 00:00:00,True,Haryana
b8acbef4-5535-4160-8118-2652268d76bc,531,meenakshi.gusain@doordash.com,Meenakshi Gusain,member,,2020-04-28 00:00:00,True,Haryana
c1b0600e-2413-4a49-ba7b-eed52f5f3be1,531,pardeep.gupta@doordash.com,Pardeep Gupta,member,,2020-06-21 00:00:00,True,Haryana
90e150b1-8869-4fb4-b215-3122204d5741,531,nandini.gorkha@doordash.com,Nandini Gorkha,member,,2020-09-23 00:00:00,True,Haryana
190e26aa-0764-451b-8a9f-f4b8e0c44754,531,prakash.singh@doordash.com,Prakash Singh,member,,2020-02-08 00:00:00,True,Haryana
07d21c8b-e6b1-4426-b269-9065151c0bda,531,parminder.rathi@doordash.com,Parminder Rathi,limited_access,,2020-03-16 00:00:00,True,Haryana
62b7a8bc-0786-41ed-9abf-ba112f29f1ed,531,gurdas.bedi@doordash.com,Gurdas Bedi,guest,,2020-04-14 00:00:00,True,Haryana
a2a7a087-79c5-4c7e-89b2-42f39a7a40dd,531,pooja.khalra@doordash.com,Pooja Khalra,guest,,2020-01-29 00:00:00,True,Haryana
b1995b57-3826-47c9-bc3a-42909147c6f4,531,niraj.sihag@doordash.com,Niraj Sihag,member,,2020-06-23 00:00:00,True,Haryana
3c63cf01-df03-47b8-bb7e-36d283a805b9,531,yashika.paswan@doordash.com,Yashika Paswan,member,,2020-02-07 00:00:00,True,Haryana
e0d6d27c-2f1c-4296-b5d4-3e0fb9310696,531,ashok.chaudhary@doordash.com,Ashok Chaudhary,guest,,2020-11-15 00:00:00,True,Haryana
73a2960d-71d4-4715-b398-67fa174cc29a,531,swati.kapoor@doordash.com,Swati Kapoor,admin,,2020-05-11 00:00:00,True,Haryana
405b7f45-b6d6-41d8-9040-0070516e771a,531,yadvinder.ahlawat@doordash.com,Yadvinder Ahlawat,admin,,2020-11-30 00:00:00,True,Haryana
f9086b54-be9f-4b3f-9831-2ebf1e27acd0,531,chandana.saini@doordash.com,Chandana Saini,guest,,2020-08-09 00:00:00,True,Haryana
848f7580-2cf5-4615-a8a3-ccfba0e0a6d0,531,saurabh.rathore@doordash.com,Saurabh Rathore,guest,,2020-03-30 00:00:00,True,Haryana
f2c7be62-2e9b-467e-93ca-36bd25978ee3,531,neelam.agarwal@doordash.com,Neelam Agarwal,limited_access,,2020-10-07 00:00:00,True,Haryana
c2c605d3-2f26-48b5-b678-5eebceb68774,531,jitendra.dholia@doordash.com,Jitendra Dholia,guest,,2020-01-12 00:00:00,True,Haryana
273ad8e4-f37c-4556-b830-c34e4bda9b5c,531,rajni.dholia@doordash.com,Rajni Dholia,guest,,2020-11-14 00:00:00,True,Haryana
8d53f02e-300a-490d-bf71-fdeca5677ec8,531,chetan.paswan@doordash.com,Chetan Paswan,member,,2020-10-24 00:00:00,True,Haryana
ac6f2635-a537-4165-84f5-532e5fd0f702,531,sunita.taneja@doordash.com,Sunita Taneja,admin,,2020-11-22 00:00:00,True,Haryana
d3487100-70f2-454f-8273-2d6a534d53e5,531,lalit.vyas@doordash.com,Lalit Vyas,member,,2020-10-29 00:00:00,True,Haryana
5898b3f6-54a3-43bd-85dd-5e1632bf64f0,531,sushma.khandelwal@doordash.com,Sushma Khandelwal,member,,2020-05-18 00:00:00,True,Haryana
8e8eeab7-cfd8-4fbc-a780-b703bd18ad99,531,tejpal.bansal@doordash.com,Tejpal Bansal,admin,,2020-11-28 00:00:00,True,Haryana
ca54d254-dae3-402d-a82a-f80b220e32ea,531,kavita.mishra@doordash.com,Kavita Mishra,guest,,2020-02-10 00:00:00,True,Haryana
74419073-92ad-4aa4-93b9-2700818d4b3c,531,suresh.sehrawat@doordash.com,Suresh Sehrawat,admin,,2020-06-14 00:00:00,True,Haryana
5c6cebf5-5b93-4ba9-b11d-3ea72f5c0b05,531,vandana.jat@doordash.com,Vandana Jat,member,,2020-03-18 00:00:00,True,Haryana
6e5ae9f8-1911-449f-8df3-61c1964f5c92,531,rajveer.rana@doordash.com,Rajveer Rana,member,,2020-11-12 00:00:00,True,Haryana
dbe8e412-6fc9-4174-8c16-30e561a42f1b,531,upkar.chopra@doordash.com,Upkar Chopra,member,,2020-11-20 00:00:00,True,Haryana
2f2e321a-6c0f-439a-a904-a0ba10b1b4fc,531,ranvir.tiwari@doordash.com,Ranvir Tiwari,admin,,2020-12-07 00:00:00,True,Haryana
4d4294e7-aa13-4e32-ae67-61ba54e7c422,531,radha.sihag@doordash.com,Radha Sihag,limited_access,,2020-10-11 00:00:00,True,Haryana
e7515385-750d-4fdd-ba35-a63d0fd998bb,531,joginder.kundu@doordash.com,Joginder Kundu,limited_access,,2020-07-05 00:00:00,True,Haryana
96f74247-5026-4f82-9d02-82e95f21ff29,531,inderjit.kachori@doordash.com,Inderjit Kachori,guest,,2020-09-10 00:00:00,True,Haryana
543c12a4-b801-45e3-b650-e34e2f750df4,531,girish.gaharwar@doordash.com,Girish Gaharwar,member,,2020-05-09 00:00:00,True,Haryana
e09993d6-099a-484e-8fb3-56063dc0ce58,531,nisha.rana@doordash.com,Nisha Rana,member,,2020-02-15 00:00:00,True,Haryana
35d83815-cb47-43fb-9553-d3e2ce86a583,531,kuldeep.ranawat@doordash.com,Kuldeep Ranawat,guest,,2020-10-06 00:00:00,True,Haryana
02d74883-a4f9-4e5d-a85c-3645fbdc0470,531,karamjit.khalid@doordash.com,Karamjit Khalid,admin,,2020-04-05 00:00:00,True,Haryana
850a0243-808e-4336-aadc-1fff994a0b0b,531,satendra.pandey@doordash.com,Satendra Pandey,member,,2020-02-05 00:00:00,True,Haryana
f81c2232-e67e-46bf-9052-903a02a16bbd,531,nandini.lather@doordash.com,Nandini Lather,guest,,2020-06-30 00:00:00,True,Haryana
ff090756-5cad-4e94-80f0-d6ce3d1ec5b4,531,anil.taneja@doordash.com,Anil Taneja,guest,,2020-04-05 00:00:00,True,Haryana
7370cf7b-0477-4cae-8028-4cad29edfa8b,531,indu.khurana@doordash.com,Indu Khurana,admin,,2020-06-20 00:00:00,True,Haryana
5a7946ac-2b03-4c0f-8bcf-6c8b73462eee,531,chandra.ravidas@doordash.com,Chandra Ravidas,guest,,2020-09-20 00:00:00,True,Haryana
9adc52c3-8465-43f1-9cf5-f28c9786fe05,531,laxmi.bainsla@doordash.com,Laxmi Bainsla,limited_access,,2020-10-14 00:00:00,True,Haryana
37ee9085-32f3-4363-ba84-5b807adce1ec,531,nirmal.mewara@doordash.com,Nirmal Mewara,guest,,2020-03-01 00:00:00,True,Haryana
453c47ee-7703-46e0-98f2-97f41228e804,531,aarti.agarwalia@doordash.com,Aarti Agarwalia,guest,,2020-11-27 00:00:00,True,Haryana
9ac16ad2-4697-4da3-bcfe-0bb9ef00e75a,531,arshdeep.shukla@doordash.com,Arshdeep Shukla,limited_access,,2020-12-15 00:00:00,True,Haryana
ae09556c-eedc-41f7-a272-544a91df6ce7,531,simranjeet.bhomia@doordash.com,Simranjeet Bhomia,limited_access,,2020-04-18 00:00:00,True,Haryana
94983de4-56b0-4d07-8da9-5292e643ca76,531,rajiv.kadian@doordash.com,Rajiv Kadian,limited_access,,2020-11-07 00:00:00,True,Haryana
48e24327-fb31-4a50-9a43-10e9662f3477,531,nisha.chawla@doordash.com,Nisha Chawla,admin,,2020-04-01 00:00:00,True,Haryana
c836428b-8256-48e0-afa0-93a334486b68,531,parminder.dhot@doordash.com,Parminder Dhot,guest,,2020-10-18 00:00:00,True,Haryana
02b6052e-7d88-41fd-b79f-17bb65678a52,531,rajni.mahato@doordash.com,Rajni Mahato,admin,,2020-11-29 00:00:00,True,Haryana
be419532-3851-41c7-b5c0-b8c34607c11b,531,jayaram.seshadri@doordash.com,Jayaram Seshadri,limited_access,,2020-08-05 00:00:00,True,Telangana
ec31127c-8276-49c9-b0fb-0a0a152e4a7e,531,vinitha.seshadri@doordash.com,Vinitha Seshadri,guest,,2020-09-24 00:00:00,True,Telangana
1fdff937-8faa-4fbd-a8c6-9b1073d301e4,531,krishnamurthy.reddynarayan@doordash.com,Krishnamurthy Reddy Narayan,limited_access,,2020-07-26 00:00:00,True,Telangana
468441ba-e575-4ba5-88e7-1a79380b8d84,531,veda.murthy@doordash.com,Veda Murthy,member,,2020-05-18 00:00:00,True,Telangana
cbd0b877-7782-4a14-9541-489086ea14ed,531,sreekanth.choudharyreddy@doordash.com,Sreekanth Choudhary Reddy,admin,,2020-03-29 00:00:00,True,Telangana
36810f29-038b-4c8f-89bb-19e752f1dffe,531,vaishnavi.vasanta@doordash.com,Vaishnavi Vasanta,member,,2020-04-29 00:00:00,True,Telangana
d9694fe9-eda2-4b32-abaf-8bcc36401f03,531,devaiah.awasthi@doordash.com,Devaiah Awasthi,admin,,2020-01-12 00:00:00,True,Telangana
7a8c4906-0c54-44ce-a30a-e04ce354a845,531,sai.charithapaturi@doordash.com,Sai Charitha Paturi,limited_access,,2020-01-19 00:00:00,True,Telangana
89201d0e-9ade-4ea6-9d2c-b1d737704eec,531,shubham.sambasiva@doordash.com,Shubham Sambasiva,guest,,2020-03-19 00:00:00,True,Telangana
a170612b-47cf-4dc1-abaa-1b41b9287492,531,jyothi.chintala@doordash.com,Jyothi Chintala,member,,2020-11-05 00:00:00,True,Telangana
50824064-5cd6-4585-9150-a533b9fc3c25,531,shakti.goud@doordash.com,Shakti Goud,member,,2020-01-13 00:00:00,True,Telangana
7654fe4b-e55c-469a-97f0-618df865c9dd,531,trisha.vijayan@doordash.com,Trisha Vijayan,limited_access,,2020-04-24 00:00:00,True,Telangana
bc98fdfe-f3aa-4d05-a85e-1ab37a74c10f,531,chintan.palle@doordash.com,Chintan Palle,admin,,2020-10-23 00:00:00,True,Telangana
b93ce5d8-a161-4942-8828-32aa0bd9c11e,531,sai.priyankavarma@doordash.com,Sai Priyanka Varma,admin,,2020-05-13 00:00:00,True,Telangana
b7ab41d1-10c3-4e3a-b3d1-96322bf714ff,531,appa.dixit@doordash.com,Appa Dixit,guest,,2020-05-24 00:00:00,True,Telangana
59bb1f65-31c5-4338-b1ad-93550e74fe94,531,vijaya.ramakrishna@doordash.com,Vijaya Ramakrishna,guest,,2020-06-01 00:00:00,True,Telangana
eaa940d7-1f55-4d6b-9e18-22765217807d,531,harishchandra.rajagopal@doordash.com,Harishchandra Rajagopal,admin,,2020-12-22 00:00:00,True,Telangana
b9f91d57-4139-4df1-80ed-fdc4fdf81de2,531,sai.swathimadhur@doordash.com,Sai Swathi Madhur,member,,2020-02-26 00:00:00,True,Telangana
614cc6ed-9447-4a88-b87a-65bc93eac3e9,531,mahesh.sastry@doordash.com,Mahesh Sastry,member,,2020-01-12 00:00:00,True,Telangana
ada99906-3fc1-4803-bbfb-93d38ab8028c,531,jagriti.awasthi@doordash.com,Jagriti Awasthi,admin,,2020-12-22 00:00:00,True,Telangana
24899661-80f2-4c8c-b42e-47c68084fa94,531,raghul.ravindran@doordash.com,Raghul Ravindran,admin,,2020-09-12 00:00:00,True,Telangana
d5355681-9392-4bc5-9e3c-9137c9cf2e38,531,lajwanti.lingam@doordash.com,Lajwanti Lingam,guest,,2020-03-14 00:00:00,True,Telangana
8a9c7288-d8fe-4c40-92e3-b620c650ed33,531,girish.rajagopal@doordash.com,Girish Rajagopal,admin,,2020-01-15 00:00:00,True,Telangana
71dab03b-183a-4041-9e39-c20fc29a51e0,531,sai.krupasathya@doordash.com,Sai Krupa Sathya,admin,,2020-11-24 00:00:00,True,Telangana
e725c72c-b443-438e-ac94-50157d406d82,531,parameshwar.narsingrao@doordash.com,Parameshwar Narsing Rao,limited_access,,2020-12-15 00:00:00,True,Telangana
8c661486-6467-4a86-b6e5-00dd59bd1be5,531,vaishnavi.tiwari@doordash.com,Vaishnavi Tiwari,guest,,2020-09-10 00:00:00,True,Telangana
7a70a840-4946-4e9b-a5fb-edb685b6e22d,531,madhav.kshatriya@doordash.com,Madhav Kshatriya,admin,,2020-08-07 00:00:00,True,Telangana
05efd6d7-6d85-4bfd-a2a6-6741de50d54a,531,hamsa.madhav@doordash.com,Hamsa Madhav,member,,2020-06-15 00:00:00,True,Telangana
ca06280c-14ba-468b-8251-92cbb7ef6068,531,bhavya.srinivas@doordash.com,Bhavya Srinivas,guest,,2020-11-21 00:00:00,True,Telangana
b888ad6a-71c9-40f7-9426-f6576241b1db,531,sushma.vasanta@doordash.com,Sushma Vasanta,guest,,2020-03-01 00:00:00,True,Telangana
79ba6501-a3ca-4a97-918a-38fe2b511c61,531,sai.pranavmurthyreddy@doordash.com,Sai Pranav Murthy Reddy,member,,2020-10-12 00:00:00,True,Telangana
f537a211-84b7-4646-b841-28d291760af5,531,suma.awasthi@doordash.com,Suma Awasthi,guest,,2020-05-26 00:00:00,True,Telangana
dbc912ea-a938-4736-b48f-22e9aadc06c0,531,kumar.kumaraswamy@doordash.com,Kumar Kumaraswamy,admin,,2020-02-27 00:00:00,True,Telangana
ce288f2d-ee73-4b57-ad8c-7c523b90440d,531,shakini.chakravarthy@doordash.com,Shakini Chakravarthy,guest,,2020-08-05 00:00:00,True,Telangana
5fbc4033-91a7-498c-888b-e00c82959881,531,sharad.srinivas@doordash.com,Sharad Srinivas,admin,,2020-06-20 00:00:00,True,Telangana
4c30ef4c-afe6-423a-9a99-7a05cd143d68,531,sharda.ramakrishnareddy@doordash.com,Sharda Ramakrishna Reddy,guest,,2020-03-09 00:00:00,True,Telangana
bdcb1c13-4fb4-415e-8b92-cc1a837e1d04,531,vikram.kanthala@doordash.com,Vikram Kanthala,admin,,2020-08-09 00:00:00,True,Telangana
77779551-8c65-4399-afec-4e9593098006,531,tulasi.sandeep@doordash.com,Tulasi Sandeep,limited_access,,2020-08-15 00:00:00,True,Telangana
f8efd08f-cbc2-42f7-884a-b52be6b96155,531,chiranjeevi.uppalapati@doordash.com,Chiranjeevi Uppalapati,member,,2020-10-24 00:00:00,True,Telangana
af167cae-a612-4b84-8042-545698d1a1ae,531,neelam.babu@doordash.com,Neelam Babu,member,,2020-04-08 00:00:00,True,Telangana
2fbd27cb-19c5-4177-8067-32dfd5fee1aa,531,tharun.vasanta@doordash.com,Tharun Vasanta,limited_access,,2020-12-10 00:00:00,True,Telangana
04099feb-0e0e-4116-a9dd-117c5c00385a,531,vidushi.sundar@doordash.com,Vidushi Sundar,guest,,2020-09-23 00:00:00,True,Telangana
54b6fe8b-f8a0-46b4-8732-39d874e9e3b5,531,goutham.jadhav@doordash.com,Goutham Jadhav,member,,2020-03-22 00:00:00,True,Telangana
2321a356-9bc9-4b7f-823d-888f0bde4629,531,satyavathi.vasudeva@doordash.com,Satyavathi Vasudeva,limited_access,,2020-09-28 00:00:00,True,Telangana
95e7094b-fc06-446e-968b-054d3ba513f8,531,narasimha.sathya@doordash.com,Narasimha Sathya,guest,,2020-08-05 00:00:00,True,Telangana
40ff0282-25f1-4207-b139-aac4b0875698,531,lalitha.varah@doordash.com,Lalitha Varah,limited_access,,2020-01-22 00:00:00,True,Telangana
d60956b2-36cc-44f1-bb44-57a02c34d0f3,531,sai.rammurthy@doordash.com,Sai Ram Murthy,member,,2020-03-08 00:00:00,True,Telangana
c7554880-3a14-4b41-bf18-008d1d2a168a,531,vina.murthyreddy@doordash.com,Vina Murthy Reddy,limited_access,,2020-11-21 00:00:00,True,Telangana
85dd9a1c-bd19-4cef-954b-5ca6973a0be9,531,laxminarayana.kodandaram@doordash.com,Laxminarayana Kodandaram,limited_access,,2020-04-27 00:00:00,True,Telangana
c08d43b1-2ae2-45a9-b9ec-a60dd465b668,531,saloni.raghuveer@doordash.com,Saloni Raghuveer,member,,2020-11-29 00:00:00,True,Telangana
f19a6f98-3bb4-4353-87cf-42ee9f89b03b,531,koteswara.kumaraswamy@doordash.com,Koteswara Kumaraswamy,member,,2020-07-20 00:00:00,True,Telangana
79db5a23-5cd7-4dbb-a9fe-8e3c8d65bb95,531,gayatri.kandukuri@doordash.com,Gayatri Kandukuri,admin,,2020-09-19 00:00:00,True,Telangana
4af12bce-b617-41bf-be24-062a6aa4a153,531,vikas.agarwal@doordash.com,Vikas Agarwal,limited_access,,2020-08-09 00:00:00,True,Telangana
cc5fbc3d-245f-4961-800e-90b358171095,531,mahitha.varadarajan@doordash.com,Mahitha Varadarajan,limited_access,,2020-05-02 00:00:00,True,Telangana
71432ef1-5da4-4ee2-9981-e910d04512e4,531,sai.naidu@doordash.com,Sai Naidu,limited_access,,2020-02-05 00:00:00,True,Telangana
28cc1c48-900f-4432-ae0d-07aa61c371c1,531,sai.shreeyadav@doordash.com,Sai Shree Yadav,member,,2020-02-16 00:00:00,True,Telangana
7de30405-edf7-4aff-82be-9b30af3a3564,531,uday.rajendra@doordash.com,Uday Rajendra,guest,,2020-08-11 00:00:00,True,Telangana
eb9dfb65-4fe9-49c7-87ff-e0ee1d4a93f2,531,vani.bokkalagutta@doordash.com,Vani Bokkalagutta,member,,2020-12-16 00:00:00,True,Telangana
cb9b68ea-5bfc-47b3-a443-62bafbf5c6aa,531,lingaiah.shivaprasad@doordash.com,Lingaiah Shivaprasad,admin,,2020-01-12 00:00:00,True,Telangana
e3457e82-9f6b-45b1-8df0-36ea25cc4f3e,531,divyanka.yadav@doordash.com,Divyanka Yadav,member,,2020-05-22 00:00:00,True,Telangana
09a0d083-1e8a-418d-ac80-684be82bce35,531,chintan.gurrala@doordash.com,Chintan Gurrala,limited_access,,2020-02-15 00:00:00,True,Telangana
ec7faa3d-b26b-498b-ab4b-5888d635b669,531,shailaja.rajagopal@doordash.com,Shailaja Rajagopal,guest,,2020-11-15 00:00:00,True,Telangana
fea8112c-961e-4bdd-8d4e-28803ce8a4e4,531,chandrasekhar.patel@doordash.com,Chandrasekhar Patel,limited_access,,2020-04-22 00:00:00,True,Telangana
2c2dd072-bdbb-4075-b08f-4699b43aa5cf,531,usha.naidu@doordash.com,Usha Naidu,limited_access,,2020-01-31 00:00:00,True,Telangana
dd314144-3dd5-481a-84d1-5d34d7416885,531,chandran.adivi@doordash.com,Chandran Adivi,admin,,2020-04-25 00:00:00,True,Telangana
84bc3274-4419-470e-8a31-77e6eb923f01,531,sheela.jadhav@doordash.com,Sheela Jadhav,guest,,2020-07-29 00:00:00,True,Telangana
32e4b12c-78c2-4b6d-bec2-ddf19fbd9bf1,531,basava.sahithi@doordash.com,Basava Sahithi,guest,,2020-11-17 00:00:00,True,Telangana
84e86493-54ff-4851-aaa4-f121259d1051,531,meenal.jayalakshmi@doordash.com,Meenal Jaya Lakshmi,limited_access,,2020-02-25 00:00:00,True,Telangana
94041edb-4c1e-40c2-8b73-dd9840fa7c59,531,laxminarayana.kumaraswamy@doordash.com,Laxminarayana Kumaraswamy,limited_access,,2020-12-05 00:00:00,True,Telangana
cc4bf6c7-a021-4b2d-a128-feaf4f91608a,531,sadhavi.madhusudhan@doordash.com,Sadhavi Madhusudhan,guest,,2020-02-11 00:00:00,True,Telangana
cab7bdcb-a2fe-4f0c-a94c-38bfe8bb447c,531,ranjan.suryanarayana@doordash.com,Ranjan Surya Narayana,admin,,2020-05-10 00:00:00,True,Telangana
5c3b1d48-6200-489c-9619-5ce92410a246,531,shraddha.varma@doordash.com,Shraddha Varma,member,,2020-03-12 00:00:00,True,Telangana
8cca2f37-4e25-44b0-bab9-42e2406081f0,531,teja.srinivasan@doordash.com,Teja Srinivasan,member,,2020-08-29 00:00:00,True,Telangana
422218cf-56b4-4f35-bcc6-eafdde4e0d78,531,suma.vasanta@doordash.com,Suma Vasanta,member,,2020-09-26 00:00:00,True,Telangana
18c51c39-dbd2-4cf6-a678-b967a84a16e3,531,tanuj.taneja@doordash.com,Tanuj Taneja,member,,2020-03-13 00:00:00,True,Telangana
d3b47319-5c19-47c0-9b72-4f4497ff9300,531,megha.chintala@doordash.com,Megha Chintala,member,,2020-11-28 00:00:00,True,Telangana
70e16ecc-183c-405c-8bcc-1c64df7a6373,531,irfan.murthy@doordash.com,Irfan Murthy,member,,2020-05-27 00:00:00,True,Telangana
6edb03d6-c6ad-4f07-82c2-6850f8255464,531,aarti.vemula@doordash.com,Aarti Vemula,limited_access,,2020-11-06 00:00:00,True,Telangana
5a91fe71-6bb3-4b99-a054-eeecec2de879,531,venkateshwar.mannem@doordash.com,Venkateshwar Mannem,member,,2020-09-06 00:00:00,True,Telangana
6f9a16bd-f5a3-4917-a9a0-11e033577026,531,vishaka.nallapareddy@doordash.com,Vishaka Nallapareddy,guest,,2020-11-29 00:00:00,True,Telangana
d9622502-981b-4fa5-800a-96d321876981,531,manmohan.tiwari@doordash.com,Manmohan Tiwari,member,,2020-06-19 00:00:00,True,Telangana
15d38572-863c-4dea-8019-51b7e37db0af,531,ishita.shivaprasad@doordash.com,Ishita Shivaprasad,admin,,2020-02-28 00:00:00,True,Telangana
16979891-2277-45ae-8d22-e210c160718c,531,rishi.sambasiva@doordash.com,Rishi Sambasiva,member,,2020-02-01 00:00:00,True,Telangana
ee054d9e-ceb2-44fd-9b77-ee5062079d5b,531,sai.devivemulapalli@doordash.com,Sai Devi Vemulapalli,member,,2020-07-31 00:00:00,True,Telangana
849ea383-869a-43eb-8327-83d5ba51e958,531,baskar.sundaram@doordash.com,Baskar Sundaram,admin,,2020-04-10 00:00:00,True,Telangana
98440d87-29e6-4d65-81f2-8d776ca9dd9b,531,sai.kiranshivaprasad@doordash.com,Sai Kiran Shivaprasad,limited_access,,2020-08-06 00:00:00,True,Telangana
8c34e086-824e-4253-b5cb-ae3a0fb7ea9e,531,tharun.chakravarthy@doordash.com,Tharun Chakravarthy,member,,2020-05-09 00:00:00,True,Telangana
7038cc44-d064-495b-937d-cfde2b4e9780,531,geetha.pandey@doordash.com,Geetha Pandey,limited_access,,2020-11-14 00:00:00,True,Telangana
ccb6c59e-bff7-4331-9a89-89758d8ecdcf,531,gopala.shivaprasad@doordash.com,Gopala Shivaprasad,admin,,2020-04-23 00:00:00,True,Telangana
85b058f8-bdb6-434f-807d-de7f5e4b3f63,531,sangeetha.sitaram@doordash.com,Sangeetha Sitaram,admin,,2020-09-26 00:00:00,True,Telangana
2e7d0303-8b0e-4799-bf69-7f7e0d407836,531,jnanendra.nayak@doordash.com,Jnanendra Nayak,member,,2020-08-17 00:00:00,True,Telangana
27ab0fb8-f869-4cd8-8c14-daeba58b3c71,531,jyothi.apparao@doordash.com,Jyothi Apparao,admin,,2020-12-10 00:00:00,True,Telangana
2cd6b887-fb42-4f6a-97ed-6686e04413e8,531,naresh.gopichand@doordash.com,Naresh Gopichand,guest,,2020-11-25 00:00:00,True,Telangana
c3cd6014-2e3f-477d-9d73-9bbe17607a64,531,seetha.bokkalagutta@doordash.com,Seetha Bokkalagutta,guest,,2020-08-27 00:00:00,True,Telangana
dd458e4d-1263-4443-867c-d80cc26c938b,531,gagan.kandukuri@doordash.com,Gagan Kandukuri,admin,,2020-03-22 00:00:00,True,Telangana
bdddc29c-e7da-490a-8453-7892f47eb9a9,531,manisha.koundinya@doordash.com,Manisha Koundinya,member,,2020-01-07 00:00:00,True,Telangana
70a01c01-e913-498a-ad07-a02eb5a76266,531,janak.jayalakshmi@doordash.com,Janak Jaya Lakshmi,member,,2020-05-16 00:00:00,True,Telangana
2fb44fdc-aa9c-490a-a812-f9dc66a63732,531,varshini.dammalapati@doordash.com,Varshini Dammalapati,admin,,2020-04-07 00:00:00,True,Telangana
8e165162-a7a3-459f-b8c5-c37167bd1772,531,eshwar.shivaji@doordash.com,Eshwar Shivaji,guest,,2020-08-25 00:00:00,True,Telangana
26afc68b-e8dd-43e5-a190-b7702a9054e6,531,mithra.ganapathi@doordash.com,Mithra Ganapathi,member,,2020-08-10 00:00:00,True,Telangana
34610181-68f7-46f4-97a4-ee1116b55443,531,subramanyam.nayak@doordash.com,Subramanyam Nayak,limited_access,,2020-07-24 00:00:00,True,Telangana
1043f14d-c38a-4e12-910a-d77583e0a90d,531,bhuvana.dixit@doordash.com,Bhuvana Dixit,member,,2020-04-18 00:00:00,True,Telangana
ea674aff-98b4-4303-b52d-000529e35cc6,531,madhusudhan.kodali@doordash.com,Madhusudhan Kodali,admin,,2020-10-19 00:00:00,True,Telangana
8292f024-6451-45ed-9962-04e06eb13e3c,531,subhiksha.chitturi@doordash.com,Subhiksha Chitturi,limited_access,,2020-04-16 00:00:00,True,Telangana
367417a3-c807-439d-b92d-37551ceb48ad,531,chakravarthy.babu@doordash.com,Chakravarthy Babu,guest,,2020-10-05 00:00:00,True,Telangana
d50ea5a9-29be-4a9c-b729-df40033897fd,531,samyuktha.vasudeva@doordash.com,Samyuktha Vasudeva,member,,2020-12-18 00:00:00,True,Telangana
5560b793-f3e9-457f-876c-09002f37f4e9,531,suryanarayana.veeravarma@doordash.com,Suryanarayana Veeravarma,limited_access,,2020-04-09 00:00:00,True,Telangana
add99a4b-527e-418b-ae55-50d7fdb38a2e,531,gargee.lingam@doordash.com,Gargee Lingam,member,,2020-05-03 00:00:00,True,Telangana
af03f72d-837b-4ca0-8d34-b27f1353ceb0,531,sai.krishnalingam@doordash.com,Sai Krishna Lingam,limited_access,,2020-10-25 00:00:00,True,Telangana
fba0f613-c1f4-4956-80e1-0a4bb9f316cb,531,bhanu.kumar@doordash.com,Bhanu Kumar,member,,2020-09-20 00:00:00,True,Telangana
6cac5fd1-d0b9-4d79-92bc-89c0474eee3b,531,vikas.madhav@doordash.com,Vikas Madhav,member,,2020-03-03 00:00:00,True,Telangana
3778206b-d430-40b8-b160-de6b8f21bced,531,bhavani.paturi@doordash.com,Bhavani Paturi,member,,2020-03-25 00:00:00,True,Telangana
0440c07a-d207-49a7-b988-01797c6117b4,531,srinivasa.peddireddy@doordash.com,Srinivasa Peddireddy,limited_access,,2020-11-24 00:00:00,True,Telangana
6d3e9d77-7114-4575-9b3b-05971e9a42e5,531,chitralekha.madhu@doordash.com,Chitralekha Madhu,admin,,2020-08-01 00:00:00,True,Telangana
abc299b1-df6a-4936-9327-32043809f2c6,531,raghunandan.bokkalagutta@doordash.com,Raghunandan Bokkalagutta,admin,,2020-02-28 00:00:00,True,Telangana
e830119a-4339-4af1-946c-5036deaee81a,531,supriya.jadhav@doordash.com,Supriya Jadhav,admin,,2020-08-24 00:00:00,True,Telangana
5acc6366-5135-44e7-a43d-f7a0253af430,531,manohar.jagadish@doordash.com,Manohar Jagadish,member,,2020-02-07 00:00:00,True,Telangana
2eb660d7-ca76-44e2-a980-760eb633a854,531,vidya.gurrala@doordash.com,Vidya Gurrala,admin,,2020-06-23 00:00:00,True,Telangana
bf8365b8-9885-4f5f-99e1-849ccfc7fc22,531,sai.tejagoud@doordash.com,Sai Teja Goud,guest,,2020-02-25 00:00:00,True,Telangana
e6265df3-70ae-4790-9726-798ea880266e,531,amrita.ganapathi@doordash.com,Amrita Ganapathi,limited_access,,2020-05-16 00:00:00,True,Telangana
8f57820e-4694-46ab-b9c7-cbfd24080677,531,krishnan.sriram@doordash.com,Krishnan Sriram,admin,,2020-12-28 00:00:00,True,Telangana
7291f16c-4784-4ee7-9d7f-bcdbf58fdd1e,531,nagma.gopichand@doordash.com,Nagma Gopichand,limited_access,,2020-01-14 00:00:00,True,Telangana
0de3b7ce-13f3-4907-aa0e-3aae57b04717,531,bhushan.gopichand@doordash.com,Bhushan Gopichand,guest,,2020-06-02 00:00:00,True,Telangana
5b4bcfd3-f539-48de-950c-65ad1c9b8264,531,sai.anushabrahman@doordash.com,Sai Anusha Brahman,limited_access,,2020-07-07 00:00:00,True,Telangana
58e863bd-9afe-401a-8086-962e000d2102,531,rameswar.kodandaram@doordash.com,Rameswar Kodandaram,limited_access,,2020-11-09 00:00:00,True,Telangana
ffb63b51-02e3-40cb-a2ce-a60015452db7,531,kalpana.paturi@doordash.com,Kalpana Paturi,member,,2020-02-22 00:00:00,True,Telangana
2e9d1b7f-be97-4d08-af3f-06918b07aed8,531,madhu.subrahmanyam@doordash.com,Madhu Subrahmanyam,admin,,2020-12-10 00:00:00,True,Telangana
2fff7a6d-4def-4929-aae3-05cbd9ec6297,531,tanvi.jadhav@doordash.com,Tanvi Jadhav,member,,2020-12-23 00:00:00,True,Telangana
a0f98814-d0d9-416c-8ddb-9764f4a63315,531,bairagi.kandula@doordash.com,Bairagi Kandula,guest,,2020-06-24 00:00:00,True,Telangana
c95aa5bb-4b3a-4904-8bbc-c51930c78f9d,531,haritha.veeravalli@doordash.com,Haritha Veeravalli,limited_access,,2020-12-03 00:00:00,True,Telangana
23c9323f-c9c2-4994-b9aa-24dcc4b4d009,531,sai.prakashsingh@doordash.com,Sai Prakash Singh,guest,,2020-02-16 00:00:00,True,Telangana
c191912c-44c7-4bd1-8134-1dbf920f9b30,531,sameera.lingam@doordash.com,Sameera Lingam,guest,,2020-07-27 00:00:00,True,Telangana
333c933f-8d68-4fb1-998b-e425832843f2,531,chandrasekhar.naidu@doordash.com,Chandrasekhar Naidu,admin,,2020-07-22 00:00:00,True,Telangana
b557ff89-008d-4749-b963-87d9381d496c,531,eshwari.agarwal@doordash.com,Eshwari Agarwal,limited_access,,2020-04-17 00:00:00,True,Telangana
5342ffdf-e916-4ac6-94f5-331e48c2fd8d,531,shubham.chitturi@doordash.com,Shubham Chitturi,limited_access,,2020-07-29 00:00:00,True,Telangana
e3b7ac17-4e58-43da-8bbb-26fd9426f32b,531,sonali.seshadri@doordash.com,Sonali Seshadri,guest,,2020-10-22 00:00:00,True,Telangana
aaaceab1-3252-4b97-936d-a1f81fa83a71,531,rohan.jonnalagadda@doordash.com,Rohan Jonnalagadda,guest,,2020-06-06 00:00:00,True,Telangana
aafafdbe-e22a-43e2-b3e9-d86fc2108632,531,kanaka.madhu@doordash.com,Kanaka Madhu,limited_access,,2020-03-20 00:00:00,True,Telangana
8de610a0-bc0a-4a99-9e06-2d7e0d6ef19c,531,vasudev.venkat@doordash.com,Vasudev Venkat,guest,,2020-11-19 00:00:00,True,Telangana
4e3c52df-7e0f-4af0-9110-6144f101c6af,531,nanditha.sastry@doordash.com,Nanditha Sastry,limited_access,,2020-11-21 00:00:00,True,Telangana
49a2ce4a-b0a4-4b14-a44e-e6cd6e609197,531,shakti.tirumala@doordash.com,Shakti Tirumala,member,,2020-09-04 00:00:00,True,Telangana
489973cb-a7e4-4e73-8976-e013c70fa924,531,lata.janga@doordash.com,Lata Janga,member,,2020-10-26 00:00:00,True,Telangana
ed8d1ec6-51e7-4537-b8a7-114245552b64,531,raghavendra.ramakrishna@doordash.com,Raghavendra Ramakrishna,admin,,2020-07-24 00:00:00,True,Telangana
2bfa44f3-938a-4a59-b1da-17150c94c715,531,rukmini.gowda@doordash.com,Rukmini Gowda,guest,,2020-02-17 00:00:00,True,Telangana
9b634d19-60da-4562-b0e9-5cb46f994327,531,prakash.kothari@doordash.com,Prakash Kothari,admin,,2020-11-17 00:00:00,True,Telangana
1af0403b-f3da-4f92-b821-10482d5bf7fd,531,karthika.madhur@doordash.com,Karthika Madhur,member,,2020-01-19 00:00:00,True,Telangana
4852ea97-134b-48ac-acd5-2833013c8259,531,pratap.choudhary@doordash.com,Pratap Choudhary,member,,2020-08-29 00:00:00,True,Telangana
431f8513-a12d-497a-be1e-f41ca35bfd45,531,shailaja.kandula@doordash.com,Shailaja Kandula,limited_access,,2020-01-09 00:00:00,True,Telangana
3fce41a4-976a-4ef0-b4f3-3e2b53ff1f67,531,arvind.sandeep@doordash.com,Arvind Sandeep,guest,,2020-09-12 00:00:00,True,Telangana
4432966a-3554-4696-9a59-1b9acfcc5e38,531,gayathri.tiwari@doordash.com,Gayathri Tiwari,member,,2020-03-06 00:00:00,True,Telangana
7f1ae276-73bc-4801-8093-f0f73a928b2a,531,balveer.bokkalagutta@doordash.com,Balveer Bokkalagutta,guest,,2020-04-12 00:00:00,True,Telangana
47da4681-90a5-4739-a8dc-22502daacda7,531,monisha.vemulapalli@doordash.com,Monisha Vemulapalli,limited_access,,2020-07-21 00:00:00,True,Telangana
36adf0dc-c426-402a-9d4d-2b15787e8632,531,venkatesh.taneja@doordash.com,Venkatesh Taneja,limited_access,,2020-07-12 00:00:00,True,Telangana
ed741465-d803-4bc9-b8b3-a1b7ede92527,531,namitha.lakshman@doordash.com,Namitha Lakshman,guest,,2020-02-21 00:00:00,True,Telangana
ba703fc6-facc-485e-9de5-f0a9cb8139b8,531,koushik.jadhav@doordash.com,Koushik Jadhav,admin,,2020-11-08 00:00:00,True,Telangana
f3063a53-1ff1-47e6-904b-53fc5a60963e,531,indira.ramakrishnareddy@doordash.com,Indira Ramakrishna Reddy,member,,2020-04-04 00:00:00,True,Telangana
6223fd3c-ce90-4fc9-90d8-1a90c8cccfd8,531,gautham.rathod@doordash.com,Gautham Rathod,admin,,2020-08-17 00:00:00,True,Telangana
2422ea37-b0db-4b42-96e8-53384dd17535,531,chandra.naidu@doordash.com,Chandra Naidu,limited_access,,2020-03-07 00:00:00,True,Telangana
a9935801-1c4b-47c5-a550-dbf7a37d30d0,531,devanand.venkat@doordash.com,Devanand Venkat,admin,,2020-10-13 00:00:00,True,Telangana
376487a2-c538-46c6-90d4-1c00126b1092,531,subha.bokkalagutta@doordash.com,Subha Bokkalagutta,member,,2020-07-14 00:00:00,True,Telangana
ec87ac2e-29e1-48a5-8aca-96d151cc0960,531,kumara.brahman@doordash.com,Kumara Brahman,limited_access,,2020-11-24 00:00:00,True,Telangana
32239995-df26-4e26-984d-f1bc064048ce,531,monika.shanbhag@doordash.com,Monika Shanbhag,admin,,2020-08-11 00:00:00,True,Telangana
64d1faa5-680c-4d52-8e18-c5468c374025,531,krishnan.venkata@doordash.com,Krishnan Venkata,guest,,2020-06-21 00:00:00,True,Telangana
eb8573a0-0052-4836-9ef9-748917009a12,531,vimala.vanga@doordash.com,Vimala Vanga,limited_access,,2020-01-07 00:00:00,True,Telangana
12579abb-e401-4177-a207-3c58588e2685,531,nirmal.choudhary@doordash.com,Nirmal Choudhary,guest,,2020-01-08 00:00:00,True,Telangana
3e3e5661-d33c-427e-988d-8078c5854f98,531,sai.deviraghavan@doordash.com,Sai Devi Raghavan,limited_access,,2020-11-13 00:00:00,True,Telangana
279bdad6-2195-46ea-8d85-587f005ac9a0,531,tanjay.tirumala@doordash.com,Tanjay Tirumala,member,,2020-08-15 00:00:00,True,Telangana
67a4cbf9-ef85-46c1-ae1c-e630a6189c55,531,sneha.ramakrishna@doordash.com,Sneha Ramakrishna,member,,2020-11-30 00:00:00,True,Telangana
95565eb2-d8cd-4eab-baa8-d658d5e02c49,531,rajeshwar.chitturi@doordash.com,Rajeshwar Chitturi,limited_access,,2020-09-30 00:00:00,True,Telangana
d43a3a93-0c19-45db-a0d2-62b227d5e168,531,vidya.macherla@doordash.com,Vidya Macherla,guest,,2020-09-07 00:00:00,True,Telangana
447a2790-e3f7-4e17-981f-7ed5d82e9268,531,manoj.murthy@doordash.com,Manoj Murthy,limited_access,,2020-03-02 00:00:00,True,Telangana
58dd2c54-689d-425a-8196-70e57663b5e7,531,geetha.venkatesh@doordash.com,Geetha Venkatesh,limited_access,,2020-04-05 00:00:00,True,Telangana
63540b03-e5cd-46fb-bb4a-58def2e0b53d,531,shravan.jayalakshmi@doordash.com,Shravan Jaya Lakshmi,member,,2020-06-27 00:00:00,True,Telangana
132314ef-f1fd-4d40-a980-04168d8e5e0b,531,aditi.sundararajan@doordash.com,Aditi Sundararajan,member,,2020-10-26 00:00:00,True,Telangana
8dc547e7-6d4c-4516-8a67-2c32f68eea8d,531,sanjeev.yellapragada@doordash.com,Sanjeev Yellapragada,member,,2020-07-15 00:00:00,True,Telangana
83ba7d31-b11e-400f-be66-a16dccd85fee,531,neelam.jonnalagadda@doordash.com,Neelam Jonnalagadda,admin,,2020-11-04 00:00:00,True,Telangana
73338285-8884-4101-b7fa-d857e56ea8a8,531,subrahmanyam.yadav@doordash.com,Subrahmanyam Yadav,limited_access,,2020-11-02 00:00:00,True,Telangana
02db0333-216f-4621-8655-e26ead481b6b,531,akhila.sreenivasa@doordash.com,Akhila Sreenivasa,member,,2020-06-14 00:00:00,True,Telangana
a7f0d0eb-602b-48dc-87a6-3e5fd0c8cf15,531,ramesh.bokkalagutta@doordash.com,Ramesh Bokkalagutta,member,,2020-06-03 00:00:00,True,Telangana
ba029570-0570-41a6-bb62-46c8fe65ed6b,531,damini.veeravalli@doordash.com,Damini Veeravalli,limited_access,,2020-06-06 00:00:00,True,Telangana
a170b1c8-f651-4366-a5f1-cf7323b0ab8a,531,raghunandan.lakshman@doordash.com,Raghunandan Lakshman,admin,,2020-01-08 00:00:00,True,Telangana
8e2cdd0f-8c84-4ebf-803a-a90e26e304a3,531,shakuntala.rathod@doordash.com,Shakuntala Rathod,admin,,2020-12-10 00:00:00,True,Telangana
c4ff6cbb-c335-442f-84f8-73975c249138,531,subrahmanyam.raghavan@doordash.com,Subrahmanyam Raghavan,guest,,2020-09-28 00:00:00,True,Telangana
421b6869-a661-450c-b27f-82bd9a8ac21a,531,janhavi.babu@doordash.com,Janhavi Babu,admin,,2020-03-06 00:00:00,True,Telangana
d22f0327-0c1b-4864-8ff4-78f3e5526cdc,531,jagannatha.nandi@doordash.com,Jagannatha Nandi,admin,,2020-10-30 00:00:00,True,Telangana
1c4a086c-c28b-4df4-b540-efc9192ebf6b,531,gayathri.sreenivasa@doordash.com,Gayathri Sreenivasa,member,,2020-11-26 00:00:00,True,Telangana
7694c855-4c44-4d86-a105-75c2708c7ea5,531,hariharan.venkata@doordash.com,Hariharan Venkata,admin,,2020-12-27 00:00:00,True,Telangana
dd8ab271-b528-44ec-bbf0-5ec5c3e7a01f,531,nithya.shastri@doordash.com,Nithya Shastri,guest,,2020-03-17 00:00:00,True,Telangana
df214193-439e-4771-a475-8cf6dfcdd58f,531,lingaiah.murthy@doordash.com,Lingaiah Murthy,admin,,2020-04-15 00:00:00,True,Telangana
3a5dd9c5-273d-4fa9-bb66-96b5699d1def,531,suhani.shivaji@doordash.com,Suhani Shivaji,member,,2020-03-07 00:00:00,True,Telangana
66a39220-6efe-4cbe-9cd2-6f1a55d39fad,531,aadhithya.sarveshwar@doordash.com,Aadhithya Sarveshwar,guest,,2020-12-23 00:00:00,True,Telangana
66883fae-610d-4318-8269-badd1981fc91,531,shailaja.vasudeva@doordash.com,Shailaja Vasudeva,limited_access,,2020-09-26 00:00:00,True,Telangana
50204fa5-c637-4593-a05b-f6e76abd470b,531,arvind.subbareddy@doordash.com,Arvind Subbareddy,guest,,2020-01-18 00:00:00,True,Telangana
9e946d62-979f-4bfa-9c4c-4a0c4076fda8,531,durga.zachariah@doordash.com,Durga Zachariah,limited_access,,2020-04-22 00:00:00,True,Telangana
afb57ce7-555c-4419-982b-0d0a301589d8,531,nandkishore.lakshman@doordash.com,Nandkishore Lakshman,limited_access,,2020-02-03 00:00:00,True,Telangana
3a3a87d5-ced9-4bda-a098-3b2f2ef4b581,531,suman.srihari@doordash.com,Suman Srihari,admin,,2020-07-17 00:00:00,True,Telangana
b8717ec8-9b6a-42b2-8d0e-78f707955797,531,sai.venkateshacharya@doordash.com,Sai Venkatesh Acharya,limited_access,,2020-11-28 00:00:00,True,Telangana
cfd5848a-2272-4da1-bc0f-699b8f34d805,531,archana.venkata@doordash.com,Archana Venkata,member,,2020-01-03 00:00:00,True,Telangana
96b20ec7-87d8-45d8-bfd0-f7b47c15a5e7,531,sankara.peddireddy@doordash.com,Sankara Peddireddy,guest,,2020-10-13 00:00:00,True,Telangana
eced9c13-296e-427e-92cc-6d0f98f73bc9,531,tripura.veeranna@doordash.com,Tripura Veeranna,limited_access,,2020-03-05 00:00:00,True,Telangana
d3b86a14-2c12-41cf-8c3f-526c7a42379a,531,chandra.bhaskarreddy@doordash.com,Chandra Bhaskar Reddy,guest,,2020-09-04 00:00:00,True,Telangana
9161cc84-d869-48ee-a0d2-df45034a12ad,531,vrinda.awasthi@doordash.com,Vrinda Awasthi,admin,,2020-04-26 00:00:00,True,Telangana
9c7a7b84-c071-4f8d-b712-636404ccac71,531,srinivasulu.kamarthy@doordash.com,Srinivasulu Kamarthy,guest,,2020-10-19 00:00:00,True,Telangana
881bcb83-8a3c-4cee-9e6b-7d8236fe3ace,531,renuka.peddireddy@doordash.com,Renuka Peddireddy,guest,,2020-05-22 00:00:00,True,Telangana
ea60e9be-0fc8-4f0a-a619-e44f133db386,531,balaram.kanthala@doordash.com,Balaram Kanthala,guest,,2020-06-08 00:00:00,True,Telangana
9a3f1429-96c7-48fe-9602-1482c73266dc,531,renuka.kanthala@doordash.com,Renuka Kanthala,guest,,2020-09-21 00:00:00,True,Telangana
cacb5d8f-a60c-42f9-9a1e-d6d0a79cf28f,531,balveer.hemanth@doordash.com,Balveer Hemanth,member,,2020-09-09 00:00:00,True,Telangana
22e1d6e4-713c-48dd-a975-849424875362,531,sharvani.vemula@doordash.com,Sharvani Vemula,admin,,2020-05-17 00:00:00,True,Telangana
ecc07183-6814-402d-88c7-7343549f7409,531,manoj.murthy1@doordash.com,Manoj Murthy,member,,2020-07-16 00:00:00,True,Telangana
a9ff26ec-6ccd-40db-9113-82ca464fd546,531,akhila.tirumala@doordash.com,Akhila Tirumala,limited_access,,2020-04-19 00:00:00,True,Telangana
08e8dfc2-dfa7-4aab-9b2b-5a943981ac85,531,sai.krishnakothari@doordash.com,Sai Krishna Kothari,limited_access,,2020-08-06 00:00:00,True,Telangana
ae1c3bcd-f70c-4cec-85a3-3c1cd3c04b31,531,vishaka.adivi@doordash.com,Vishaka Adivi,admin,,2020-05-09 00:00:00,True,Telangana
19bbcfeb-f323-4676-8da6-d0e06a02380b,531,sharvan.shivaprasad@doordash.com,Sharvan Shivaprasad,admin,,2020-01-27 00:00:00,True,Telangana
3ecbdd9c-7a69-4185-a0a3-62afff23b52b,531,kamini.pandurangi@doordash.com,Kamini Pandurangi,admin,,2020-12-26 00:00:00,True,Telangana
957713d5-65cc-49ce-8fc3-3dbcc2bebf49,531,sai.kumarsubbareddy@doordash.com,Sai Kumar Subbareddy,guest,,2020-04-03 00:00:00,True,Telangana
a8579b8e-3201-438e-88c4-dcca59a72c72,531,vaishali.tummalapalli@doordash.com,Vaishali Tummalapalli,member,,2020-02-12 00:00:00,True,Telangana
f248e586-ca17-4523-aaf3-7783bb97c2a8,531,krish.bhaskarreddy@doordash.com,Krish Bhaskar Reddy,limited_access,,2020-11-03 00:00:00,True,Telangana
a6cfb7e0-7eec-429f-9eea-33af812f9c6b,531,mridula.ramaswamy@doordash.com,Mridula Ramaswamy,admin,,2020-08-04 00:00:00,True,Telangana
03670c23-bf5b-4f60-9fa9-a39d8530d185,531,siva.bhaskarreddy@doordash.com,Siva Bhaskar Reddy,admin,,2020-07-20 00:00:00,True,Telangana
555d2239-2cbd-4970-872b-5d20760b9628,531,indu.patel@doordash.com,Indu Patel,guest,,2020-10-13 00:00:00,True,Telangana
4f0d5eef-2b4c-4c8e-9dd5-88f952c1d760,531,hari.varah@doordash.com,Hari Varah,limited_access,,2020-07-31 00:00:00,True,Telangana
7059fa33-7eba-4c01-8fcc-9bd18b37d917,531,nandini.gopichand@doordash.com,Nandini Gopichand,admin,,2020-02-20 00:00:00,True,Telangana
338db9d8-44c8-421c-ba6b-dd53569dd2d3,531,nabil.srinivasan@doordash.com,Nabil Srinivasan,member,,2020-11-25 00:00:00,True,Telangana
806f7284-90b4-480c-a8fd-9d79e74cf4aa,531,saloni.bhaskarreddy@doordash.com,Saloni Bhaskar Reddy,admin,,2020-12-20 00:00:00,True,Telangana
cbbbbe2f-f59d-4d03-8ba7-05f033e2cd2c,531,krish.reddy@doordash.com,Krish Reddy,limited_access,,2020-06-02 00:00:00,True,Telangana
6a93422a-122e-4fd7-aa48-b1a8ec841280,531,sai.lakshmijandhyala@doordash.com,Sai Lakshmi Jandhyala,limited_access,,2020-09-24 00:00:00,True,Telangana
2b646852-39e6-4c5f-aab0-26d98b4584f1,531,rajiv.patel@doordash.com,Rajiv Patel,limited_access,,2020-05-03 00:00:00,True,Telangana
f9c6f3db-fc2c-479f-85fb-cdbcd7c97776,531,sadhavi.patwari@doordash.com,Sadhavi Patwari,member,,2020-06-17 00:00:00,True,Telangana
3bb3ff98-c823-4aa2-8af1-be119ea408ee,531,shailendra.pandurangi@doordash.com,Shailendra Pandurangi,admin,,2020-06-23 00:00:00,True,Telangana
8133f9ef-8842-4883-8ef9-c3de5a981493,531,sangeeta.madhusudhan@doordash.com,Sangeeta Madhusudhan,member,,2020-12-04 00:00:00,True,Telangana
41c91953-ef29-48c1-b7cf-41e31ea9169d,531,gautam.chitturi@doordash.com,Gautam Chitturi,limited_access,,2020-04-02 00:00:00,True,Telangana
60f615c2-e926-47b6-b92a-7f9fee09392e,531,lathika.shivaprasad@doordash.com,Lathika Shivaprasad,limited_access,,2020-03-28 00:00:00,True,Telangana
f7316821-5941-4647-9e3f-33500e2f1348,531,shanmugam.shivalingam@doordash.com,Shanmugam Shivalingam,admin,,2020-08-02 00:00:00,True,Telangana
500d9fd4-16bf-4013-8a4c-ad3aad54bc65,531,sushma.adivi@doordash.com,Sushma Adivi,admin,,2020-05-10 00:00:00,True,Telangana
c31498c0-7530-4f66-a1f4-38e1c0865248,531,gautam.singh@doordash.com,Gautam Singh,limited_access,,2020-02-20 00:00:00,True,Telangana
29ef35fc-e4a1-43f8-a4e7-3844f7fbb409,531,vishakha.rao@doordash.com,Vishakha Rao,admin,,2020-03-09 00:00:00,True,Telangana
6995db39-4025-497b-a1a8-d0570c8c6163,531,pavan.patwari@doordash.com,Pavan Patwari,guest,,2020-08-14 00:00:00,True,Telangana
097bceab-cb3d-49ca-824b-5791dcf6e565,531,barsha.chintala@doordash.com,Barsha Chintala,guest,,2020-01-15 00:00:00,True,Telangana
00f5dceb-9cda-484b-b591-5bc9833ca0cb,531,lakhan.awasthi@doordash.com,Lakhan Awasthi,admin,,2020-02-01 00:00:00,True,Telangana
59e4e026-c820-418a-93dd-b542dd66853a,531,lajwanti.macherla@doordash.com,Lajwanti Macherla,admin,,2020-01-05 00:00:00,True,Telangana
93e716dc-6841-4963-9162-5b5b732bd7ca,531,dharmendra.patel@doordash.com,Dharmendra Patel,limited_access,,2020-03-11 00:00:00,True,Telangana
68a6203d-15c2-40a5-9430-608f17f2c961,531,shraddha.iyer@doordash.com,Shraddha Iyer,guest,,2020-03-17 00:00:00,True,Telangana
47a05e3b-08c3-4b46-8e4f-0e14bce99753,531,sanjeev.peddamma@doordash.com,Sanjeev Peddamma,member,,2020-05-24 00:00:00,True,Telangana
8393f6a4-85b8-4a4e-a626-1bc8f458e0c2,531,vishali.nayak@doordash.com,Vishali Nayak,member,,2020-10-07 00:00:00,True,Telangana
fae87306-69e1-4859-8d3e-ead4daba8bd6,531,chiranjeev.gurrala@doordash.com,Chiranjeev Gurrala,guest,,2020-02-09 00:00:00,True,Telangana
58493718-e6c1-48b6-8148-1c5616ee6a74,531,padmavathi.narsingrao@doordash.com,Padmavathi Narsing Rao,admin,,2020-07-22 00:00:00,True,Telangana
b9453e8d-3d31-484c-91e2-3345fcd32c9e,531,sai.rameshsubbiah@doordash.com,Sai Ramesh Subbiah,member,,2020-04-28 00:00:00,True,Telangana
d5548ed5-89a8-406f-9227-f36b36ed93a0,531,poojitha.choudhary@doordash.com,Poojitha Choudhary,member,,2020-03-15 00:00:00,True,Telangana
03bb7b09-849c-4117-98ca-9afae810af02,531,ramaswamy.yadav@doordash.com,Ramaswamy Yadav,member,,2020-12-27 00:00:00,True,Telangana
aa5349a2-250a-41c3-b81b-7db0a6401a0c,531,shobha.awasthi@doordash.com,Shobha Awasthi,admin,,2020-11-27 00:00:00,True,Telangana
02c4408c-302e-4647-9353-cf610aaf8a0f,531,ganapathi.jadhav@doordash.com,Ganapathi Jadhav,limited_access,,2020-08-03 00:00:00,True,Telangana
cc99d78c-b4c7-4148-a1e1-b32538528c95,531,anshika.ramakrishna@doordash.com,Anshika Ramakrishna,member,,2020-11-21 00:00:00,True,Telangana
50e4c96a-0090-495d-b8a5-2a72db77e83e,531,nagesh.srihari@doordash.com,Nagesh Srihari,limited_access,,2020-09-04 00:00:00,True,Telangana
8a934c7d-0d80-4344-858a-785aa9996594,531,veena.gurrala@doordash.com,Veena Gurrala,guest,,2020-07-07 00:00:00,True,Telangana
c4111d16-90fa-470d-b8c5-c03305929f79,531,chandra.babu@doordash.com,Chandra Babu,member,,2020-10-01 00:00:00,True,Telangana
63c3c5db-68aa-40fe-884d-93837277a616,531,rupa.kanthala@doordash.com,Rupa Kanthala,limited_access,,2020-12-14 00:00:00,True,Telangana
b685ace6-9c2b-4f18-8724-ac398c53183b,531,vaidyanathan.sundararajan@doordash.com,Vaidyanathan Sundararajan,limited_access,,2020-10-08 00:00:00,True,Telangana
da914693-52ad-4903-a2e7-299e1c28ae37,531,janani.reddynarayan@doordash.com,Janani Reddy Narayan,member,,2020-09-02 00:00:00,True,Telangana
77bba7c6-e20e-47b6-b98a-36a7e759ab82,531,subodh.jadhav@doordash.com,Subodh Jadhav,guest,,2020-09-23 00:00:00,True,Telangana
3af03ee4-0ff1-4565-828c-691ec2770114,531,sushma.awasthi@doordash.com,Sushma Awasthi,guest,,2020-04-18 00:00:00,True,Telangana
0be87f67-f28f-4eab-9dad-507758b74389,531,chandresh.vijayan@doordash.com,Chandresh Vijayan,guest,,2020-05-08 00:00:00,True,Telangana
6d2e945d-4cb4-4700-8d68-358cd0f9fe5a,531,gargee.bodla@doordash.com,Gargee Bodla,guest,,2020-01-06 00:00:00,True,Telangana
c7608692-cc1f-435e-b5a3-902c43322936,531,surendra.acharya@doordash.com,Surendra Acharya,guest,,2020-04-06 00:00:00,True,Telangana
935ec18d-eecd-4dbe-b184-759a1b34baf1,531,kamala.patel@doordash.com,Kamala Patel,guest,,2020-11-24 00:00:00,True,Telangana
e464bd0e-00b0-4310-bf77-7da132dc03d7,531,neelesh.brahman@doordash.com,Neelesh Brahman,member,,2020-10-12 00:00:00,True,Telangana
b4e50634-1508-4703-84e8-645441114ae3,531,bhuvana.nayak@doordash.com,Bhuvana Nayak,admin,,2020-08-07 00:00:00,True,Telangana
99dac79f-cfe3-43fa-894e-5d1e241389a9,531,thirupathi.raghuveer@doordash.com,Thirupathi Raghuveer,admin,,2020-08-16 00:00:00,True,Telangana
1ea1b496-3618-4681-8455-f6d24ed8ac8a,531,vidya.shetty@doordash.com,Vidya Shetty,limited_access,,2020-05-28 00:00:00,True,Telangana
f1f4775d-3a84-49d5-b51e-79ec2e2bf913,531,jayendra.patel@doordash.com,Jayendra Patel,guest,,2020-12-24 00:00:00,True,Telangana
b1f37693-c91c-4d2d-92cb-1037eb5806e5,531,shobha.dixit@doordash.com,Shobha Dixit,admin,,2020-10-23 00:00:00,True,Telangana
d829f4ed-ef34-4168-be48-f455b7435f7d,531,naveen.varma@doordash.com,Naveen Varma,member,,2020-09-08 00:00:00,True,Telangana
9ee5d109-633b-48f2-8596-f7805423ff3b,531,aarohi.vasanta@doordash.com,Aarohi Vasanta,guest,,2020-01-25 00:00:00,True,Telangana
5472c838-c91c-4e32-99c9-c619d1664170,531,shailendra.bhaskarreddy@doordash.com,Shailendra Bhaskar Reddy,guest,,2020-06-23 00:00:00,True,Telangana
1cb98b73-7a2d-4feb-b994-2f19e4682311,531,rani.vasudeva@doordash.com,Rani Vasudeva,guest,,2020-07-19 00:00:00,True,Telangana
4a7c1ce7-b6f9-43ae-bbd7-2fe59768d14a,531,gopala.janga@doordash.com,Gopala Janga,member,,2020-03-26 00:00:00,True,Telangana
037352d4-e77e-4d03-99be-6f7d8838dcce,531,mohana.shivaprasad@doordash.com,Mohana Shivaprasad,limited_access,,2020-06-11 00:00:00,True,Telangana
08deec42-7913-4997-adb2-e13239a5c2ee,531,sai.jayalakshmi@doordash.com,Sai Jaya Lakshmi,admin,,2020-02-20 00:00:00,True,Telangana
e7351bf0-f360-46e7-b444-30cf5ab453d7,531,namita.ramaswamy@doordash.com,Namita Ramaswamy,admin,,2020-09-28 00:00:00,True,Telangana
154daa1d-6ef9-43f3-a46d-a4889e662b39,531,aaryan.sudhakar@doordash.com,Aaryan Sudhakar,limited_access,,2020-06-05 00:00:00,True,Telangana
1b833662-99c5-4f75-bd88-a32a5f4d5479,531,bhuvana.kamarthy@doordash.com,Bhuvana Kamarthy,member,,2020-08-02 00:00:00,True,Telangana
34e1e94f-949d-453d-9fc5-c2d2bd7c0d79,531,sai.ajayveeravarma@doordash.com,Sai Ajay Veeravarma,member,,2020-07-10 00:00:00,True,Telangana
2b53c6ab-2416-4f15-a97d-b2315c0bbc4e,531,varshini.tummalapalli@doordash.com,Varshini Tummalapalli,admin,,2020-02-01 00:00:00,True,Telangana
6946001c-10bd-40bb-bef0-cca6fb2053aa,531,sai.vishnubokkalagutta@doordash.com,Sai Vishnu Bokkalagutta,admin,,2020-07-15 00:00:00,True,Telangana
cce94e43-0a0a-43e0-a833-ca9b9c71657f,531,latha.prasad@doordash.com,Latha Prasad,limited_access,,2020-05-21 00:00:00,True,Telangana
b6e01114-ee4b-4170-bc47-d422a0f45c65,531,achyut.kandula@doordash.com,Achyut Kandula,guest,,2020-11-08 00:00:00,True,Telangana
47a81240-02a8-41cf-900e-8393ec9dab1d,531,radhana.jagadish@doordash.com,Radhana Jagadish,member,,2020-06-01 00:00:00,True,Telangana
b0c8131f-52de-4bd3-989b-1a3e567b2744,531,sharvan.yerramsetti@doordash.com,Sharvan Yerramsetti,admin,,2020-11-24 00:00:00,True,Telangana
2dbfa97c-8e8e-42c8-b015-6d10250e05e4,531,sonal.subbiah@doordash.com,Sonal Subbiah,limited_access,,2020-01-28 00:00:00,True,Telangana
d14c18a5-3a11-45d3-ae99-cac25415f0b3,531,krishnan.varadarajan@doordash.com,Krishnan Varadarajan,member,,2020-06-29 00:00:00,True,Telangana
08631b86-c654-49ef-9967-0afeae6515df,531,palli.panchal@doordash.com,Palli Panchal,limited_access,,2020-04-30 00:00:00,True,Telangana
be20a0b6-ffd8-4ca5-a50e-3511196128e3,531,abhinav.naidu@doordash.com,Abhinav Naidu,guest,,2020-01-28 00:00:00,True,Telangana
f146d858-8dd8-4d09-9c6a-10a44a974b3e,531,samyuktha.vemulapalli@doordash.com,Samyuktha Vemulapalli,admin,,2020-12-30 00:00:00,True,Telangana
26868d4c-1621-4e59-9f91-2991808b93bc,531,arav.sarma@doordash.com,Arav Sarma,guest,,2020-01-09 00:00:00,True,Telangana
1702ecd7-7542-4d0d-afc4-52866c595d29,531,amala.kshatriya@doordash.com,Amala Kshatriya,guest,,2020-12-24 00:00:00,True,Telangana
45c7d1bf-e8bf-42b3-89f0-70aa2d465e9f,531,sahil.vasanta@doordash.com,Sahil Vasanta,member,,2020-01-28 00:00:00,True,Telangana
b9f7bce7-fd33-447e-a035-49da8f192cb2,531,smita.kandukuri@doordash.com,Smita Kandukuri,admin,,2020-08-21 00:00:00,True,Telangana
1ca75718-bb42-48a4-87b5-a8d526864e17,531,suresh.kandula@doordash.com,Suresh Kandula,limited_access,,2020-06-24 00:00:00,True,Telangana
249c271b-7dfc-4567-8308-a734893fb9f3,531,kanaka.babu@doordash.com,Kanaka Babu,member,,2020-10-29 00:00:00,True,Telangana
d04b201e-480e-402f-a00b-8a97af67feff,531,karthikeya.veeravarma@doordash.com,Karthikeya Veeravarma,member,,2020-08-19 00:00:00,True,Telangana
5e7c2e88-8c34-4467-b5ac-ababd3a45722,531,chandana.shivaji@doordash.com,Chandana Shivaji,member,,2020-10-04 00:00:00,True,Telangana
6b548f10-c78a-4d8d-945d-686b73caca9f,531,irfan.sahithi@doordash.com,Irfan Sahithi,admin,,2020-09-18 00:00:00,True,Telangana
a648fe2d-4cf0-473c-bc26-154d5c844091,531,ujjwala.vasanta@doordash.com,Ujjwala Vasanta,member,,2020-09-29 00:00:00,True,Telangana
1ae87f86-31a1-4965-8d1c-7a544b019520,531,sai.kumarraopillai@doordash.com,Sai Kumar Rao Pillai,member,,2020-05-22 00:00:00,True,Telangana
39d52b67-6053-460c-b433-a74e304d364c,531,vaishali.murthyreddy@doordash.com,Vaishali Murthy Reddy,guest,,2020-11-04 00:00:00,True,Telangana
48e68a28-1cca-4015-8569-2cd82976c050,531,eshan.adusumilli@doordash.com,Eshan Adusumilli,guest,,2020-09-04 00:00:00,True,Telangana
b52d9ab3-1119-44c8-bb25-48c39ca6df80,531,sunitha.sundar@doordash.com,Sunitha Sundar,member,,2020-02-07 00:00:00,True,Telangana
6bd39141-b3fe-4ce4-a4a2-dd2c76479f74,531,charan.murthyreddy@doordash.com,Charan Murthy Reddy,admin,,2020-09-11 00:00:00,True,Telangana
203052c2-01c7-4f71-be52-1c7d68c547fa,531,sonal.nallapareddy@doordash.com,Sonal Nallapareddy,member,,2020-12-21 00:00:00,True,Telangana
96c0a351-d307-43d0-8521-6df8a577bc80,531,madhu.gopichand@doordash.com,Madhu Gopichand,member,,2020-03-03 00:00:00,True,Telangana
3d31b456-22ab-4b57-8e14-2ec99f54b2c8,531,nivetha.venkatesh@doordash.com,Nivetha Venkatesh,member,,2020-04-17 00:00:00,True,Telangana
f47aeb13-598b-4bf8-910d-8bb51a7767cd,531,goutam.ramakrishnareddy@doordash.com,Goutam Ramakrishna Reddy,admin,,2020-12-07 00:00:00,True,Telangana
5302c96c-c521-474c-9c0b-f244585b5c39,531,swathi.panchal@doordash.com,Swathi Panchal,member,,2020-08-17 00:00:00,True,Telangana
0940cba2-393f-4da8-b854-e21ac5b2ae87,531,shubham.tirumala@doordash.com,Shubham Tirumala,member,,2020-10-27 00:00:00,True,Telangana
b0441784-f34a-4bd4-9de7-13b10f585b52,531,aarohi.iyer@doordash.com,Aarohi Iyer,admin,,2020-03-29 00:00:00,True,Telangana
036b6390-9551-4c61-92c4-e24b450c235c,531,jayaram.kumar@doordash.com,Jayaram Kumar,guest,,2020-11-15 00:00:00,True,Telangana
09353845-1687-4455-8fed-06838334859d,531,chandana.mannem@doordash.com,Chandana Mannem,admin,,2020-04-23 00:00:00,True,Telangana
286d233a-f6c5-4766-a773-31a3ec0741f0,531,sai.sudarshanveeravarma@doordash.com,Sai Sudarshan Veeravarma,limited_access,,2020-05-23 00:00:00,True,Telangana
7fda44e1-3491-4884-9678-ce2769ac03e6,531,charitha.janga@doordash.com,Charitha Janga,guest,,2020-12-26 00:00:00,True,Telangana
fa4e4116-6eb6-4094-a6d3-1b6e48ecc856,531,babu.shivaji@doordash.com,Babu Shivaji,limited_access,,2020-04-09 00:00:00,True,Telangana
3e6a35ed-ffcd-48ec-a7cb-9d3eb65356c7,531,anshika.kanthala@doordash.com,Anshika Kanthala,limited_access,,2020-10-20 00:00:00,True,Telangana
fa334fb8-e280-432e-bb2b-6158db0276ab,531,radhakrishna.prasad@doordash.com,Radhakrishna Prasad,member,,2020-05-20 00:00:00,True,Telangana
1fb2ba4c-75c5-4764-8969-890ff4550f5b,531,nayana.bhaskarreddy@doordash.com,Nayana Bhaskar Reddy,limited_access,,2020-08-31 00:00:00,True,Telangana
fb0443f4-0c98-4068-b236-0d042945d215,531,rajeev.bhaskar@doordash.com,Rajeev Bhaskar,member,,2020-04-13 00:00:00,True,Telangana
769d0f67-91f6-4dfe-a616-9ebe4d8cdebb,531,sasi.madhur@doordash.com,Sasi Madhur,limited_access,,2020-07-01 00:00:00,True,Telangana
84ff50f1-146a-46ad-ac7c-fe0d258baf04,531,akash.sandeep@doordash.com,Akash Sandeep,member,,2020-12-21 00:00:00,True,Telangana
e07fe9ea-bceb-4b33-802b-698e4733b2ba,531,ujjwala.kumar@doordash.com,Ujjwala Kumar,member,,2020-07-19 00:00:00,True,Telangana
e993e2c1-bbe3-40c2-b1b2-a8c9c09e8529,531,sampath.kandukuri@doordash.com,Sampath Kandukuri,limited_access,,2020-02-07 00:00:00,True,Telangana
d4fd0bd9-001d-4869-8628-a9ff5c9457d4,531,vidhya.veeravarma@doordash.com,Vidhya Veeravarma,limited_access,,2020-04-12 00:00:00,True,Telangana
7cb90266-031f-4cbf-ad55-f755e75725b1,531,aadhithya.pillai@doordash.com,Aadhithya Pillai,limited_access,,2020-07-31 00:00:00,True,Telangana
50a76acd-a066-4eeb-ac97-95bf655875ab,531,rupa.sarveshwar@doordash.com,Rupa Sarveshwar,guest,,2020-10-18 00:00:00,True,Telangana
be69740a-66df-4cfa-8aa2-d604f75ec72c,531,sai.rameshgowda@doordash.com,Sai Ramesh Gowda,admin,,2020-03-13 00:00:00,True,Telangana
a7524962-9d24-43ed-9809-97590a2da894,531,vishali.naidu@doordash.com,Vishali Naidu,limited_access,,2020-07-20 00:00:00,True,Telangana
c715f266-fa5e-41e0-aaba-7f5fa6ad4890,531,tarun.dixit@doordash.com,Tarun Dixit,limited_access,,2020-10-30 00:00:00,True,Telangana
79d6451b-df6b-4695-b7a0-96373654bdaa,531,sadhavi.pandurangi@doordash.com,Sadhavi Pandurangi,member,,2020-11-02 00:00:00,True,Telangana
d1820570-047e-4c6b-b2ea-977fddb75e0e,531,raghava.subbiah@doordash.com,Raghava Subbiah,limited_access,,2020-10-05 00:00:00,True,Telangana
1906aa17-0ee3-4ce0-ba7e-2e61d8b433ea,531,tulasi.shastri@doordash.com,Tulasi Shastri,limited_access,,2020-08-10 00:00:00,True,Telangana
929ad615-99f5-4553-a683-4ff58065edd7,531,sai.kumarawasthi@doordash.com,Sai Kumar Awasthi,admin,,2020-07-28 00:00:00,True,Telangana
1656b451-c29b-48a9-b3bf-b123847c0c9b,531,amita.madhur@doordash.com,Amita Madhur,limited_access,,2020-12-07 00:00:00,True,Telangana
3e12ad6d-737f-47a7-9ba6-a214be6561eb,531,ashok.lingam@doordash.com,Ashok Lingam,guest,,2020-04-28 00:00:00,True,Telangana
856e6b8a-1d2d-4cb2-8f23-7d1b121e276a,531,aarti.nandi@doordash.com,Aarti Nandi,guest,,2020-12-12 00:00:00,True,Telangana
7a778aed-5329-4924-b76c-736a5f1c141e,531,harishchandra.sahithi@doordash.com,Harishchandra Sahithi,guest,,2020-02-11 00:00:00,True,Telangana
7734d095-7861-4d45-a179-825af12909e9,531,mahi.reddynarayan@doordash.com,Mahi Reddy Narayan,guest,,2020-01-16 00:00:00,True,Telangana
6f0accfd-92ae-4d34-bd0e-86502b0b8c4f,531,bhaskara.brahman@doordash.com,Bhaskara Brahman,limited_access,,2020-06-23 00:00:00,True,Telangana
eefdb3d7-6f70-47e1-9787-26b677d7898a,531,raksha.bodla@doordash.com,Raksha Bodla,guest,,2020-09-12 00:00:00,True,Telangana
fcaf200a-ceff-4086-b6fc-9e26e945012c,531,naveen.shivaji@doordash.com,Naveen Shivaji,limited_access,,2020-06-19 00:00:00,True,Telangana
15e40edf-da4f-4f41-997b-9b9b76ef6d09,531,akhila.kanthala@doordash.com,Akhila Kanthala,limited_access,,2020-07-04 00:00:00,True,Telangana
cb62d08d-e4a9-4d6c-98c0-0e21a3c8aba8,531,gajendra.shetty@doordash.com,Gajendra Shetty,admin,,2020-01-21 00:00:00,True,Telangana
46ced7ce-f80d-4ac3-bba0-4db46cbf0a45,531,vibha.bhaskar@doordash.com,Vibha Bhaskar,member,,2020-11-27 00:00:00,True,Telangana
a5426e03-7ca6-434d-a1d9-0acf4b9054e9,531,dattaprasad.vasudeva@doordash.com,Dattaprasad Vasudeva,admin,,2020-03-15 00:00:00,True,Telangana
451a58d2-ebda-4e65-b791-05274fa90f46,531,veda.murthyreddy@doordash.com,Veda Murthy Reddy,admin,,2020-10-05 00:00:00,True,Telangana
52dec1fc-b904-4bc4-a8d7-bee4a3cfd689,531,ganeshwar.murthyreddy@doordash.com,Ganeshwar Murthy Reddy,limited_access,,2020-11-18 00:00:00,True,Telangana
9b73316e-4e61-43a9-9f94-fc14bfc6625d,531,manju.goud@doordash.com,Manju Goud,member,,2020-07-19 00:00:00,True,Telangana
3d2cfe23-4de0-4d60-9fee-e8b6bed96d27,531,pradeep.vangalapudi@doordash.com,Pradeep Vangalapudi,member,,2020-09-13 00:00:00,True,Telangana
29e0d4b4-947f-46c0-9fec-3f0e836f1040,531,divyanka.dammalapati@doordash.com,Divyanka Dammalapati,guest,,2020-11-06 00:00:00,True,Telangana
5dfe2cdb-5079-4aa5-ba8b-fa9cec536ef2,531,swaroop.venkata@doordash.com,Swaroop Venkata,member,,2020-04-25 00:00:00,True,Telangana
e454c5be-ff3d-474c-997c-c74d22aa5eb9,531,shraddha.mannem@doordash.com,Shraddha Mannem,member,,2020-07-23 00:00:00,True,Telangana
83f610c6-0429-4296-b02d-c8f5a6443618,531,ajeet.kumaraswamy@doordash.com,Ajeet Kumaraswamy,admin,,2020-02-13 00:00:00,True,Telangana
c9acb3f5-fb40-4588-a0ab-ed8f05229013,531,vrinda.sriram@doordash.com,Vrinda Sriram,limited_access,,2020-07-09 00:00:00,True,Telangana
da867efb-bc29-4923-9c8f-89261756cce3,531,ramaswamy.mannem@doordash.com,Ramaswamy Mannem,admin,,2020-04-11 00:00:00,True,Telangana
e6659d7d-1849-4f60-a464-1b7aec31889e,531,vaidehi.sarma@doordash.com,Vaidehi Sarma,limited_access,,2020-07-22 00:00:00,True,Telangana
e6c931c7-6e0a-4664-8128-6fcfa34b17b6,531,subramaniam.sarveshwar@doordash.com,Subramaniam Sarveshwar,member,,2020-07-31 00:00:00,True,Telangana
e4d55881-1028-4157-942e-6f8c38db4537,531,laksmi.patel@doordash.com,Laksmi Patel,member,,2020-12-22 00:00:00,True,Telangana
97e13f27-de97-406f-af2b-3015429f6b99,531,ravi.chitturi@doordash.com,Ravi Chitturi,limited_access,,2020-12-30 00:00:00,True,Telangana
89e64393-ee38-4a89-9354-f6cddcb6b044,531,vina.chakravarthy@doordash.com,Vina Chakravarthy,guest,,2020-09-09 00:00:00,True,Telangana
72e0ff70-08a1-499a-85c3-34d32e305869,531,raghuraman.dondapati@doordash.com,Raghuraman Dondapati,member,,2020-02-13 00:00:00,True,Telangana
4fa5fe50-5be9-478a-a173-09dd2740d580,531,sai.anjalilingam@doordash.com,Sai Anjali Lingam,admin,,2020-12-23 00:00:00,True,Telangana
3693fbd4-7380-4edd-8658-f76ecb599998,531,murali.ramakrishna@doordash.com,Murali Ramakrishna,guest,,2020-02-18 00:00:00,True,Telangana
04ee4749-677f-45e5-8203-9aa58863e369,531,vinitha.sundaram@doordash.com,Vinitha Sundaram,guest,,2020-09-30 00:00:00,True,Telangana
ca2863fc-f320-4087-a4f8-daf597edd601,531,durga.dixit@doordash.com,Durga Dixit,limited_access,,2020-10-29 00:00:00,True,Telangana
88d0bb85-9122-4d77-b12f-8c7a39aa7691,531,monisha.madhav@doordash.com,Monisha Madhav,member,,2020-04-23 00:00:00,True,Telangana
d9ad2932-662d-4fab-8b94-60cbdba6c92b,531,chirantan.chatterjee@doordash.com,Chirantan Chatterjee,limited_access,,2020-05-03 00:00:00,True,West Bengal
dde76634-278e-45a9-9cc8-08f12de4f7e5,531,bikashita.roychowdhury@doordash.com,Bikashita Roychowdhury,admin,,2020-01-14 00:00:00,True,West Bengal
efe02211-67d3-4989-b5b9-83d396d4a860,531,ratanlal.mitra@doordash.com,Ratanlal Mitra,limited_access,,2020-04-12 00:00:00,True,West Bengal
4e7bacc0-c91a-4845-ae54-91c88f43bb61,531,chandana.pattnaik@doordash.com,Chandana Pattnaik,member,,2020-02-11 00:00:00,True,West Bengal
b9293b94-1829-45f2-85c6-a48eb0e4038d,531,manoj.mukherjee@doordash.com,Manoj  Mukherjee,member,,2020-07-06 00:00:00,True,West Bengal
33a0ad36-f18b-4f1e-b7b1-28e5b608f02f,531,vasundhara.mahalder@doordash.com,Vasundhara Mahalder,admin,,2020-04-13 00:00:00,True,West Bengal
e1c0092a-2c80-4390-bf2b-617b07960836,531,hari.ghosh@doordash.com,Hari Ghosh,admin,,2020-08-27 00:00:00,True,West Bengal
f8561f0f-866a-4c1b-bf84-6410d2d1f994,531,madhabi.mallick@doordash.com,Madhabi Mallick,admin,,2020-02-23 00:00:00,True,West Bengal
68faf55d-2d4a-4a8a-9d9c-f1d9e6069320,531,mayukh.dasgupta@doordash.com,Mayukh Dasgupta,member,,2020-10-21 00:00:00,True,West Bengal
cd3425c3-69f3-4a68-bc98-36bb0c2f0b0a,531,anjoli.das@doordash.com,Anjoli Das,limited_access,,2020-06-24 00:00:00,True,West Bengal
3e551011-0d75-406f-a828-3575b65b4f0a,531,goutam.ghosh@doordash.com,Goutam Ghosh,admin,,2020-04-02 00:00:00,True,West Bengal
359493a6-b03f-4a08-ad97-4ee2bdaee4cd,531,sarika.maitra@doordash.com,Sarika Maitra,member,,2020-11-18 00:00:00,True,West Bengal
7df478ec-d2bb-4db8-8987-ab30b88b959f,531,shivendra.chowdhuri@doordash.com,Shivendra Chowdhuri,limited_access,,2020-02-10 00:00:00,True,West Bengal
a0897af1-a117-4f8a-ba9b-ad032ee98bc3,531,srishti.chowdhury@doordash.com,Srishti Chowdhury,guest,,2020-09-28 00:00:00,True,West Bengal
424ab94a-7ce6-476d-8802-4398a42c1250,531,shankar.ganguly@doordash.com,Shankar Ganguly,guest,,2020-12-25 00:00:00,True,West Bengal
180a64a6-d0a0-40e8-9061-53bff5bdb250,531,maitri.bhowmick@doordash.com,Maitri Bhowmick,member,,2020-09-02 00:00:00,True,West Bengal
aed55690-eb12-4545-a75a-811d1596bc24,531,utpal.bhowmick@doordash.com,Utpal  Bhowmick,admin,,2020-11-13 00:00:00,True,West Bengal
e9a4450f-1c01-4569-9c20-37d5ee1e1a08,531,vandana.shaha@doordash.com,Vandana Shaha,member,,2020-11-26 00:00:00,True,West Bengal
d46f63eb-9afc-41dd-b688-91e199911314,531,bappa.khatun@doordash.com,Bappa Khatun,limited_access,,2020-04-04 00:00:00,True,West Bengal
00b3b3be-a533-43ba-8ff9-0a356e1671a6,531,upasana.ghoshal@doordash.com,Upasana Ghoshal,member,,2020-03-27 00:00:00,True,West Bengal
ea64ea23-bdf2-4e60-a83c-13ee6c924c0a,531,biplab.chakrabarty@doordash.com,Biplab Chakrabarty,member,,2020-11-30 00:00:00,True,West Bengal
4d11843a-7c4d-4a16-8a73-eb6b1e9de2a5,531,nabanita.ray@doordash.com,Nabanita Ray,guest,,2020-01-12 00:00:00,True,West Bengal
a1a2702d-1b18-43fc-b4b8-7ca020d899c9,531,diptesh.das@doordash.com,Diptesh Das,admin,,2020-11-27 00:00:00,True,West Bengal
cf6c0283-cab6-428a-9acd-2f7940c54455,531,moumita.shaha@doordash.com,Moumita Shaha,guest,,2020-11-17 00:00:00,True,West Bengal
4a48b0b9-16f2-4f72-97d8-2efa1eeeab6a,531,yash.pattnaik@doordash.com,Yash Pattnaik,member,,2020-08-25 00:00:00,True,West Bengal
3000e489-0ecb-47fb-a2fe-1b51e7b25faa,531,tithi.agarwal@doordash.com,Tithi Agarwal,member,,2020-08-11 00:00:00,True,West Bengal
083a4af3-e169-4527-8fb5-b7be6ed1afc3,531,narayan.mondal@doordash.com,Narayan Mondal,member,,2020-04-15 00:00:00,True,West Bengal
eb4e1853-d283-40b2-88fb-6e01eb2a2cf4,531,mandira.chakrabarti@doordash.com,Mandira Chakrabarti,admin,,2020-02-10 00:00:00,True,West Bengal
79a8c269-fab7-4e32-864b-c87ed7ea61b6,531,bidhan.dey@doordash.com,Bidhan Dey,member,,2020-02-04 00:00:00,True,West Bengal
5b33b5f7-84f1-4cd1-bef4-be6d60d0797d,531,indrani.bhattacharya@doordash.com,Indrani Bhattacharya,limited_access,,2020-11-05 00:00:00,True,West Bengal
5ffb3945-27cc-4183-a978-6e7dfc1404de,531,aniruddha.bandyopadhyay@doordash.com,Aniruddha Bandyopadhyay,admin,,2020-12-29 00:00:00,True,West Bengal
544be55c-9cfd-4ca8-89f0-3c3e1301095e,531,sudipta.bose@doordash.com,Sudipta Bose,member,,2020-08-03 00:00:00,True,West Bengal
55e88d8b-e1eb-4d2a-bfcf-d04a1ee56646,531,rishabh.dasgupta@doordash.com,Rishabh Dasgupta,admin,,2020-11-05 00:00:00,True,West Bengal
7a1a2359-88bd-4d82-8666-8dd306c93031,531,sreya.chowdhuri@doordash.com,Sreya Chowdhuri,guest,,2020-10-14 00:00:00,True,West Bengal
8fc0587a-810b-4b3d-83db-4c1e50c793c9,531,gaurang.chowdhury@doordash.com,Gaurang Chowdhury,member,,2020-01-20 00:00:00,True,West Bengal
53d96854-ca92-4342-b3b7-8029bd591f7f,531,dhanashree.maitra@doordash.com,Dhanashree Maitra,limited_access,,2020-04-04 00:00:00,True,West Bengal
110ee239-c947-4b36-8f64-a90a9b15753b,531,yuvraj.bandyopadhyay@doordash.com,Yuvraj Bandyopadhyay,member,,2020-12-27 00:00:00,True,West Bengal
65e507d0-a444-4646-8558-830e2b51a80f,531,sarita.dasgupta@doordash.com,Sarita Dasgupta,guest,,2020-08-01 00:00:00,True,West Bengal
ab6ff6d9-c8c5-4743-a283-6f3e8b9dbafd,531,probal.rai@doordash.com,Probal Rai,limited_access,,2020-03-05 00:00:00,True,West Bengal
e1dde35b-d815-4731-98e2-82700b976c67,531,indrani.mallick@doordash.com,Indrani Mallick,admin,,2020-12-22 00:00:00,True,West Bengal
0e48a09c-e107-4c86-849b-011d476dacd0,531,arindam.naskar@doordash.com,Arindam Naskar,member,,2020-04-15 00:00:00,True,West Bengal
db6736b7-6575-46cb-bfcc-940a8fea5810,531,tanushree.khatun@doordash.com,Tanushree Khatun,member,,2020-05-14 00:00:00,True,West Bengal
7028c251-d546-48c7-a624-658c7880153b,531,krishnendra.poddar@doordash.com,Krishnendra Poddar,admin,,2020-08-17 00:00:00,True,West Bengal
f40505b9-865f-4fc1-9e0c-5e8f6f996aa3,531,tumpa.ganguly@doordash.com,Tumpa Ganguly,guest,,2020-08-23 00:00:00,True,West Bengal
cf0de947-27bd-4ed3-beb0-ce6c9ac8a215,531,debojyoti.poddar@doordash.com,Debojyoti Poddar,admin,,2020-06-16 00:00:00,True,West Bengal
3ca54775-5a45-4920-8d85-c96b35a0738c,531,gitanjali.jana@doordash.com,Gitanjali Jana,member,,2020-11-08 00:00:00,True,West Bengal
e60ec804-b83e-4f76-8e44-dcd84dd8f0b1,531,sujoy.saha@doordash.com,Sujoy Saha,guest,,2020-09-28 00:00:00,True,West Bengal
0034842b-0e8c-4701-8315-9174f79ad289,531,tanvi.paul@doordash.com,Tanvi Paul,guest,,2020-01-04 00:00:00,True,West Bengal
6e2766c4-4cf3-4467-86f1-afd0076e3d52,531,parth.sanyal@doordash.com,Parth Sanyal,limited_access,,2020-03-31 00:00:00,True,West Bengal
d591116f-4615-4ea8-8be2-9a6f12e35e91,531,teesta.saha@doordash.com,Teesta Saha,limited_access,,2020-09-14 00:00:00,True,West Bengal
ff2bac93-82a3-42f4-9c23-e533aef47800,531,vimal.mukherji@doordash.com,Vimal Mukherji,admin,,2020-08-26 00:00:00,True,West Bengal
3629a834-d676-42b1-ac2e-4cfd8aace667,531,mitali.jana@doordash.com,Mitali Jana,limited_access,,2020-01-13 00:00:00,True,West Bengal
b3036204-ca5f-4573-a6c8-09e3ffe9a9cd,531,shashi.mandal@doordash.com,Shashi Mandal,limited_access,,2020-11-27 00:00:00,True,West Bengal
9ac449ba-256e-4f30-a31d-c3402759ae53,531,jaya.bose@doordash.com,Jaya Bose,member,,2020-01-08 00:00:00,True,West Bengal
3b1b0e46-1546-40ae-ad16-dd7568b32743,531,shankar.maitra@doordash.com,Shankar Maitra,guest,,2020-04-21 00:00:00,True,West Bengal
572cf810-dd1a-4798-a8b8-417bee80ccce,531,lopa.majumdar@doordash.com,Lopa Majumdar,admin,,2020-02-03 00:00:00,True,West Bengal
d5eafe93-69cf-4020-9c15-230d85c3b68a,531,nirmal.bhattacharya@doordash.com,Nirmal  Bhattacharya,limited_access,,2020-02-02 00:00:00,True,West Bengal
6a55db31-f0bd-48db-af2e-3f4b4f9c5ba1,531,ujjani.mishra@doordash.com,Ujjani Mishra,limited_access,,2020-01-10 00:00:00,True,West Bengal
339bb801-6c76-4572-ba2b-9cf73dab1772,531,mohan.kundu@doordash.com,Mohan Kundu,limited_access,,2020-07-30 00:00:00,True,West Bengal
4e58b39e-e1c0-4aa3-8b02-301045b04400,531,subhika.banerji@doordash.com,Subhika Banerji,limited_access,,2020-04-17 00:00:00,True,West Bengal
417aac95-cf15-45e5-aec8-eda0be672adf,531,parth.sharma@doordash.com,Parth Sharma,guest,,2020-07-25 00:00:00,True,West Bengal
81f4e650-8ff7-492a-b654-d8d0d4bcbd9e,531,anushka.saha@doordash.com,Anushka Saha,limited_access,,2020-07-21 00:00:00,True,West Bengal
e484b72b-e94b-47c4-99a8-e584bbd93546,531,chakrapani.mukherjee@doordash.com,Chakrapani Mukherjee,limited_access,,2020-07-24 00:00:00,True,West Bengal
fdc79c45-a532-4349-a18e-aa2edc0bd12f,531,bipasa.das@doordash.com,Bipasa Das,admin,,2020-11-12 00:00:00,True,West Bengal
717a3161-8b6a-47a6-82dc-389e8e2338e5,531,nitai.kumar@doordash.com,Nitai Kumar,admin,,2020-02-13 00:00:00,True,West Bengal
e0aa74cc-3afc-4c0b-ad22-2e75d1b9db10,531,anjoli.mahato@doordash.com,Anjoli Mahato,limited_access,,2020-11-14 00:00:00,True,West Bengal
52c95486-4942-4416-907a-db0f75c826ed,531,jishu.senguptamondal@doordash.com,Jishu Sengupta Mondal,admin,,2020-05-05 00:00:00,True,West Bengal
9d5efc45-3bfd-452e-a5a9-47a7927f2e12,531,sumita.saha@doordash.com,Sumita Saha,limited_access,,2020-11-02 00:00:00,True,West Bengal
79c034bf-1d57-413a-9ef1-3db7d91acf99,531,dilip.nandy@doordash.com,Dilip Nandy,limited_access,,2020-11-06 00:00:00,True,West Bengal
cf775d1e-3adf-49d3-a8d4-b9e9350ad62e,531,sonali.mitra@doordash.com,Sonali Mitra,admin,,2020-06-17 00:00:00,True,West Bengal
6a7f534c-fdad-4cd0-9737-3daa4b4d71d1,531,monoj.banerjee@doordash.com,Monoj Banerjee,admin,,2020-04-16 00:00:00,True,West Bengal
2ed06fc1-06c3-4d55-bed0-3e581b7375dd,531,debarati.kishore@doordash.com,Debarati Kishore,member,,2020-11-14 00:00:00,True,West Bengal
3434f40c-3084-40ff-a0b5-0cb7a2e0e484,531,vimal.shome@doordash.com,Vimal Shome,guest,,2020-04-08 00:00:00,True,West Bengal
92b2be7d-d41c-411e-a2b0-047c3fb15809,531,tanvi.mitra@doordash.com,Tanvi Mitra,member,,2020-02-02 00:00:00,True,West Bengal
5757cd52-1fc7-4a3f-b5f8-c898da0cc26e,531,ranjit.rath@doordash.com,Ranjit  Rath,admin,,2020-08-19 00:00:00,True,West Bengal
caa45426-d3f0-452e-801d-025b299ed123,531,ushashi.sen@doordash.com,Ushashi Sen,guest,,2020-06-10 00:00:00,True,West Bengal
70af3e8e-80a4-4610-96bc-7bd6454d37d5,531,bidhan.karmakar@doordash.com,Bidhan Karmakar,limited_access,,2020-08-23 00:00:00,True,West Bengal
c110270f-3aa0-4690-80e6-11c38bd3874f,531,sumita.haldar@doordash.com,Sumita Haldar,limited_access,,2020-09-19 00:00:00,True,West Bengal
de033df5-3733-400b-b137-40556b6430b2,531,kishore.ghosh@doordash.com,Kishore Ghosh,guest,,2020-03-21 00:00:00,True,West Bengal
0f4dd45c-a799-4ac8-ab16-e2dca3ddbfd1,531,sarita.rath@doordash.com,Sarita Rath,guest,,2020-01-27 00:00:00,True,West Bengal
f480d990-710b-4628-8341-333eff5d43da,531,sourav.mukhopadhyay@doordash.com,Sourav  Mukhopadhyay,guest,,2020-07-21 00:00:00,True,West Bengal
021830c9-8c87-4c0e-98f3-065d4cd65a82,531,shobha.ghosh@doordash.com,Shobha Ghosh,member,,2020-05-20 00:00:00,True,West Bengal
f4618536-706e-428b-aea6-a0b9e1eb233d,531,gautam.dey@doordash.com,Gautam Dey,guest,,2020-04-15 00:00:00,True,West Bengal
7b2d5158-425e-4841-9fbe-9e03539b68a5,531,subhasree.chatterjee@doordash.com,Subhasree Chatterjee,member,,2020-01-03 00:00:00,True,West Bengal
6d4e91a6-4580-44e6-895f-065730777410,531,vijay.sharma@doordash.com,Vijay Sharma,guest,,2020-07-01 00:00:00,True,West Bengal
ec58c8d6-300c-43ed-9dd9-ea310f965bd0,531,sucharita.saha@doordash.com,Sucharita Saha,member,,2020-01-21 00:00:00,True,West Bengal
d79ab045-839d-4655-884e-ad71eb36af6f,531,subhasis.kundu@doordash.com,Subhasis Kundu,limited_access,,2020-09-14 00:00:00,True,West Bengal
3be4c643-4b07-4d41-a759-7d444b3b6d83,531,aparna.sengupta@doordash.com,Aparna Sengupta,member,,2020-10-29 00:00:00,True,West Bengal
4795263e-9445-4418-b218-79518e973e1d,531,dhritiman.goswami@doordash.com,Dhritiman Goswami,guest,,2020-06-17 00:00:00,True,West Bengal
c8304663-6283-4546-a81f-66a4ff649f88,531,manasi.rath@doordash.com,Manasi Rath,limited_access,,2020-10-18 00:00:00,True,West Bengal
6cf88040-dd9f-448d-b45c-4cdb8fb08c35,531,dilip.kundu@doordash.com,Dilip Kundu,member,,2020-03-22 00:00:00,True,West Bengal
9fba0f34-5ec3-4cf7-99e3-b92c9be2dadc,531,rina.sharma@doordash.com,Rina Sharma,member,,2020-06-12 00:00:00,True,West Bengal
d6908cb6-7f86-4045-8b62-44ff1c8e0ebc,531,kartik.ganguly@doordash.com,Kartik Ganguly,member,,2020-08-03 00:00:00,True,West Bengal
f90b098c-95c6-45d1-aa2c-b016c53313d0,531,koushani.mukhopadhyay@doordash.com,Koushani Mukhopadhyay,admin,,2020-09-28 00:00:00,True,West Bengal
20ff051d-ace3-4ae4-a525-34cb081bb722,531,suman.kar@doordash.com,Suman Kar,member,,2020-01-21 00:00:00,True,West Bengal
b934bacd-748b-4505-9f3b-304b26b2fc2c,531,sampad.nandy@doordash.com,Sampad Nandy,guest,,2020-05-04 00:00:00,True,West Bengal
97c4f28e-038c-4a48-aab4-e2b820aef2f3,531,kalyan.haldar@doordash.com,Kalyan Haldar,member,,2020-04-18 00:00:00,True,West Bengal
0dcbc10a-dc2e-41b7-8eb0-c0e6c9b78d22,531,tanuja.pramanik@doordash.com,Tanuja Pramanik,limited_access,,2020-03-20 00:00:00,True,West Bengal
5c6e2f77-cae2-4817-9677-129556ca29f6,531,vibhor.bhattacharya@doordash.com,Vibhor Bhattacharya,guest,,2020-04-20 00:00:00,True,West Bengal
bfab5d05-78ba-466d-b638-2cb989ef4f20,531,subhika.mallick@doordash.com,Subhika Mallick,guest,,2020-11-30 00:00:00,True,West Bengal
7d0b969d-46d3-452c-954c-5f55759ba1b1,531,kashi.banerjee@doordash.com,Kashi Banerjee,admin,,2020-09-13 00:00:00,True,West Bengal
c17aa29a-b1dd-40ec-b43e-45b45b893d05,531,sanjita.banerjee@doordash.com,Sanjita Banerjee,member,,2020-05-28 00:00:00,True,West Bengal
d098fab1-0251-4f9a-9fe5-d53e2f974104,531,ujjal.sen@doordash.com,Ujjal Sen,admin,,2020-01-29 00:00:00,True,West Bengal
2efa0e8c-7cb4-43e4-ba78-b3a9b69bb3c2,531,trina.mahato@doordash.com,Trina Mahato,member,,2020-12-08 00:00:00,True,West Bengal
bd4d938a-e792-4f7d-abd6-94edf748c0e6,531,bappa.bose@doordash.com,Bappa Bose,guest,,2020-03-01 00:00:00,True,West Bengal
7efd5372-a468-4dba-961f-dec6f82e2154,531,ujjani.bhowmik@doordash.com,Ujjani Bhowmik,limited_access,,2020-03-05 00:00:00,True,West Bengal
9e882416-acbc-4297-a9a7-a80ea353f112,531,ujjal.haldar@doordash.com,Ujjal Haldar,admin,,2020-12-13 00:00:00,True,West Bengal
8fa71e51-8230-43b9-9efa-3784b87fe816,531,sounakshi.ghosal@doordash.com,Sounakshi Ghosal,member,,2020-05-31 00:00:00,True,West Bengal
4231b1f0-9488-4b41-8dd1-a6fe01d6b879,531,shashi.chatterjee@doordash.com,Shashi Chatterjee,limited_access,,2020-11-04 00:00:00,True,West Bengal
f91be624-03ba-420f-a968-4786db359a4f,531,upama.mandal@doordash.com,Upama Mandal,member,,2020-08-02 00:00:00,True,West Bengal
0945fd00-9797-4db4-93f3-14a3f4579103,531,pradeep.shaha@doordash.com,Pradeep Shaha,member,,2020-03-08 00:00:00,True,West Bengal
b480d392-2e32-4c9d-83e6-796bcc6f226e,531,karishma.ray@doordash.com,Karishma Ray,member,,2020-03-24 00:00:00,True,West Bengal
55493f8f-2723-4bbe-91eb-fed70f64e455,531,krishnendu.ghosal@doordash.com,Krishnendu Ghosal,limited_access,,2020-07-24 00:00:00,True,West Bengal
82d0b796-c276-46d0-9c05-2bae68e79ff6,531,sampa.chatterji@doordash.com,Sampa Chatterji,limited_access,,2020-05-20 00:00:00,True,West Bengal
f4d03706-e093-4bc1-b298-3656fe48c9e5,531,mayur.nath@doordash.com,Mayur Nath,admin,,2020-04-15 00:00:00,True,West Bengal
ce60d49d-d8fa-4ccf-9918-cfeb360e4d7c,531,pallavi.mallick@doordash.com,Pallavi Mallick,limited_access,,2020-06-10 00:00:00,True,West Bengal
9e1b5951-213c-44a0-84c2-4a8ad50ffeba,531,iqbal.mondal@doordash.com,Iqbal Mondal,admin,,2020-11-09 00:00:00,True,West Bengal
cb91ed1c-5fee-489f-929b-0056c0bd8f66,531,tanusree.mallick@doordash.com,Tanusree Mallick,admin,,2020-11-13 00:00:00,True,West Bengal
49798759-c0db-411e-9aec-5b7e59862015,531,tanmay.nandy@doordash.com,Tanmay  Nandy,limited_access,,2020-02-09 00:00:00,True,West Bengal
7b9d746f-c59b-4659-b118-065921f7c2b0,531,madhavi.patel@doordash.com,Madhavi Patel,member,,2020-10-29 00:00:00,True,West Bengal
e2154d4b-2c10-4d24-8860-cfb45068ddd3,531,trinath.banerjee@doordash.com,Trinath Banerjee,member,,2020-07-22 00:00:00,True,West Bengal
e6af545e-5793-4774-8d37-38e8060663a0,531,dipti.bose@doordash.com,Dipti Bose,guest,,2020-04-09 00:00:00,True,West Bengal
4bb57640-5b2d-4ffa-9a5a-1f35fe240bce,531,krishnendu.poddar@doordash.com,Krishnendu Poddar,admin,,2020-01-05 00:00:00,True,West Bengal
60c16af5-5eff-49f9-9300-6a2a906932cd,531,sukanya.saha@doordash.com,Sukanya Saha,member,,2020-03-29 00:00:00,True,West Bengal
5a4e2f76-9f90-40b8-8615-8435de34ef3a,531,radhakrishnan.routh@doordash.com,Radhakrishnan Routh,admin,,2020-08-07 00:00:00,True,West Bengal
efb0bd2c-d700-4298-bda6-0b8aaddb783f,531,amiti.kishore@doordash.com,Amiti Kishore,admin,,2020-03-18 00:00:00,True,West Bengal
d9e17e02-5700-4e1a-9240-e325ff2ee7f8,531,subhasis.banik@doordash.com,Subhasis Banik,admin,,2020-03-09 00:00:00,True,West Bengal
874eab6f-5349-4d3c-b58c-84b683b3de4c,531,madhusree.ghosal@doordash.com,Madhusree Ghosal,guest,,2020-04-15 00:00:00,True,West Bengal
efb7519e-b7d3-4b4f-8907-bf9eb16d9e75,531,tirthankar.baidya@doordash.com,Tirthankar Baidya,admin,,2020-09-15 00:00:00,True,West Bengal
a956e1f7-bd84-411b-8489-2d2f56055139,531,subrina.ghosh@doordash.com,Subrina Ghosh,guest,,2020-10-25 00:00:00,True,West Bengal
ccfaa749-2096-431d-8da5-586d594e7964,531,amarendra.adhikary@doordash.com,Amarendra Adhikary,limited_access,,2020-05-26 00:00:00,True,West Bengal
deed115a-211a-4ac8-8192-8ef5e8942e78,531,sreeja.pramanik@doordash.com,Sreeja Pramanik,guest,,2020-05-23 00:00:00,True,West Bengal
c32a2230-7b33-441a-8a8f-87d4fcc961ec,531,baidyanath.sen@doordash.com,Baidyanath Sen,admin,,2020-03-24 00:00:00,True,West Bengal
39391f3c-822a-40ec-b032-a6acaed9b1f4,531,rupkatha.dey@doordash.com,Rupkatha Dey,guest,,2020-05-01 00:00:00,True,West Bengal
d34daff5-51bd-49d7-b5f6-6fbaf98b53b5,531,pradeep.mundal@doordash.com,Pradeep Mundal,guest,,2020-02-21 00:00:00,True,West Bengal
9764f820-d45f-40ce-a568-19013b7dc706,531,maitri.rath@doordash.com,Maitri Rath,admin,,2020-04-08 00:00:00,True,West Bengal
596c900f-2d43-4188-8628-e833fd95921f,531,charan.patel@doordash.com,Charan Patel,admin,,2020-11-01 00:00:00,True,West Bengal
1b73ae74-c7a5-4801-b06b-1d0f57d12338,531,maya.kumar@doordash.com,Maya Kumar,limited_access,,2020-07-02 00:00:00,True,West Bengal
411d766e-94ae-4e69-81d2-14297df59ae3,531,hitesh.naskar@doordash.com,Hitesh Naskar,admin,,2020-04-26 00:00:00,True,West Bengal
46a8caea-f3a5-4cb2-a30b-6fd33bc84647,531,nishita.mahato@doordash.com,Nishita Mahato,limited_access,,2020-02-26 00:00:00,True,West Bengal
b900c5cb-5afa-46e8-b21f-28cbaf2638fa,531,vishal.patra@doordash.com,Vishal Patra,admin,,2020-03-22 00:00:00,True,West Bengal
36c3ec34-b751-42de-b968-704412847157,531,sweta.mukhopadhyay@doordash.com,Sweta Mukhopadhyay,admin,,2020-12-13 00:00:00,True,West Bengal
492bf5b3-dfbe-4b1d-a0b1-dd5e410293ef,531,suvam.ray@doordash.com,Suvam Ray,admin,,2020-12-25 00:00:00,True,West Bengal
5237d541-8e31-4d89-87c1-3f1cf2a0858a,531,archana.kundu@doordash.com,Archana Kundu,guest,,2020-07-06 00:00:00,True,West Bengal
2da16897-c2ab-4c55-97e2-ae80ab4b40ed,531,narendranath.chatterjee@doordash.com,Narendranath Chatterjee,admin,,2020-12-27 00:00:00,True,West Bengal
10817019-c2cb-4228-af52-aabb0d497fe5,531,vidya.sharma@doordash.com,Vidya Sharma,admin,,2020-05-19 00:00:00,True,West Bengal
5442eeda-db9f-49a0-bf93-bc5fc5c6a56f,531,biswajit.ganguly@doordash.com,Biswajit  Ganguly,limited_access,,2020-04-20 00:00:00,True,West Bengal
40f26202-ffbb-4742-b38c-ec448bbeca26,531,sukanya.pramanik@doordash.com,Sukanya Pramanik,admin,,2020-10-07 00:00:00,True,West Bengal
ad82dcb7-0e3e-41ac-9340-73106dc77e45,531,krishnendra.kar@doordash.com,Krishnendra Kar,admin,,2020-05-22 00:00:00,True,West Bengal
730312c7-6a15-4688-822c-aa495561288f,531,sree.ghosh@doordash.com,Sree Ghosh,admin,,2020-02-01 00:00:00,True,West Bengal
71129bad-6d7f-4539-8723-c6fce31a1ed3,531,dilip.ganguly@doordash.com,Dilip Ganguly,member,,2020-06-26 00:00:00,True,West Bengal
b30ac864-2204-4f07-80e6-ef1ad07069be,531,sanjita.maitra@doordash.com,Sanjita Maitra,guest,,2020-07-11 00:00:00,True,West Bengal
6948dcae-c631-46bf-b4b0-81d924372d67,531,rajendranath.ghosh@doordash.com,Rajendranath Ghosh,guest,,2020-03-06 00:00:00,True,West Bengal
d9b6c471-d516-49c0-8e48-80286ef46d32,531,debika.kundu@doordash.com,Debika Kundu,limited_access,,2020-04-06 00:00:00,True,West Bengal
ffc4610d-34fd-49e4-919f-84707e378c11,531,sudhir.poddar@doordash.com,Sudhir  Poddar,member,,2020-02-06 00:00:00,True,West Bengal
9a5e00b6-ea7a-4388-a485-1e84f1eca022,531,jaya.mahalder@doordash.com,Jaya Mahalder,admin,,2020-08-14 00:00:00,True,West Bengal
d43394cf-0995-4043-87e5-60ab9fef22e0,531,samiran.borah@doordash.com,Samiran Borah,member,,2020-05-23 00:00:00,True,West Bengal
41845575-9e6c-4457-aabf-a30c37498c80,531,srishti.rath@doordash.com,Srishti Rath,guest,,2020-03-12 00:00:00,True,West Bengal
9d5e3a3e-21ac-478f-9718-7a04088b7c8a,531,shovan.bhattacharya@doordash.com,Shovan Bhattacharya,limited_access,,2020-05-11 00:00:00,True,West Bengal
cf77b403-dfd8-40c0-b622-78ebdc366941,531,tasmia.dasgupta@doordash.com,Tasmia Dasgupta,member,,2020-05-21 00:00:00,True,West Bengal
79b6ba09-6fe9-48c0-98e1-facb8873626d,531,tapas.ray@doordash.com,Tapas Ray,guest,,2020-07-11 00:00:00,True,West Bengal
91923182-ea92-4d28-bfdc-a32007c70a00,531,rima.chowdhuri@doordash.com,Rima Chowdhuri,limited_access,,2020-07-20 00:00:00,True,West Bengal
5deff4bb-dd1f-40f9-aa20-878e2d21996b,531,manoj.bhowmick@doordash.com,Manoj  Bhowmick,member,,2020-04-13 00:00:00,True,West Bengal
c915efd8-360a-4061-80e3-cd66a7b98fd6,531,nutan.tiwari@doordash.com,Nutan Tiwari,admin,,2020-03-11 00:00:00,True,West Bengal
ce99713e-c009-405f-8aaa-b7576f3d6dce,531,nikhil.mukherjee@doordash.com,Nikhil  Mukherjee,member,,2020-12-27 00:00:00,True,West Bengal
33565ecc-b820-4e41-b437-78dc6bd0e7c9,531,kalpana.rath@doordash.com,Kalpana Rath,admin,,2020-12-08 00:00:00,True,West Bengal
327965ab-e6a8-4388-9e6e-8ff6ad8825bb,531,abhijit.dasgupta@doordash.com,Abhijit Dasgupta,guest,,2020-04-20 00:00:00,True,West Bengal
9bdc43be-5f82-474e-8d2a-6b8bf2be9b6c,531,barsha.kar@doordash.com,Barsha Kar,admin,,2020-05-17 00:00:00,True,West Bengal
5b280cf5-99b2-49cc-9670-d7bb1b86ae21,531,tapas.mondal@doordash.com,Tapas Mondal,admin,,2020-11-23 00:00:00,True,West Bengal
3179f959-cb67-4f3e-ad98-49dea92a1c0c,531,lalita.das@doordash.com,Lalita Das,member,,2020-02-25 00:00:00,True,West Bengal
f16a68c4-a34c-4199-ac84-6e48003bf5a2,531,hemant.mundal@doordash.com,Hemant Mundal,limited_access,,2020-11-23 00:00:00,True,West Bengal
01f518b4-cce0-489b-85b4-3bdc8757dcd9,531,sharanya.naskar@doordash.com,Sharanya Naskar,limited_access,,2020-12-04 00:00:00,True,West Bengal
89b292bb-5ff5-4c32-8d79-a2c18017eb44,531,debasis.patel@doordash.com,Debasis Patel,admin,,2020-05-13 00:00:00,True,West Bengal
ab55632a-0548-4fbe-b132-44249b92d77f,531,priya.naskar@doordash.com,Priya Naskar,admin,,2020-04-15 00:00:00,True,West Bengal
0032855c-8a93-459f-a639-3d712f25fd58,531,kanchan.bhaduri@doordash.com,Kanchan Bhaduri,admin,,2020-09-12 00:00:00,True,West Bengal
1f2c0c89-b305-4475-a846-00358c291091,531,supriya.patel@doordash.com,Supriya Patel,member,,2020-03-14 00:00:00,True,West Bengal
02b541f5-1ff1-49c6-8f4c-5cf9be8fac71,531,jishu.chakrabarty@doordash.com,Jishu Chakrabarty,admin,,2020-01-07 00:00:00,True,West Bengal
ef318254-06f8-4c97-970f-7d84382ce304,531,rupal.rai@doordash.com,Rupal Rai,limited_access,,2020-03-20 00:00:00,True,West Bengal
87010856-01f7-488e-8233-cc4118e04651,531,probir.patra@doordash.com,Probir Patra,limited_access,,2020-09-03 00:00:00,True,West Bengal
ca536b6a-7b7b-49e4-a043-4ac6a605b328,531,indrani.ghoshal@doordash.com,Indrani Ghoshal,member,,2020-09-24 00:00:00,True,West Bengal
a7bc779e-d454-49ab-bded-5b54c78d0dc1,531,arindam.goswami@doordash.com,Arindam Goswami,member,,2020-05-04 00:00:00,True,West Bengal
000243f1-446d-40b6-a5a0-71dcd25fcb8c,531,sarika.kumar@doordash.com,Sarika Kumar,member,,2020-05-21 00:00:00,True,West Bengal
ec206d46-3374-4789-8de5-ae42ffd2ea5e,531,chandran.sinha@doordash.com,Chandran Sinha,member,,2020-08-09 00:00:00,True,West Bengal
2264d5a3-4e66-4afd-8813-670d1b8945cd,531,kanchan.ghoshal@doordash.com,Kanchan Ghoshal,guest,,2020-03-20 00:00:00,True,West Bengal
80f27923-eb23-465e-a00d-f780b36cd4e4,531,bodhisattva.das@doordash.com,Bodhisattva Das,guest,,2020-10-10 00:00:00,True,West Bengal
7b66432c-d08f-41de-8ffc-30f34173d0f6,531,tanushree.banik@doordash.com,Tanushree Banik,limited_access,,2020-08-17 00:00:00,True,West Bengal
b29b4b05-8078-4e1b-9eb6-b1170036177c,531,sudipta.pramanik@doordash.com,Sudipta Pramanik,guest,,2020-06-25 00:00:00,True,West Bengal
490da519-9cb7-4684-a45f-c147746871a6,531,pooja.pramanik@doordash.com,Pooja Pramanik,member,,2020-10-11 00:00:00,True,West Bengal
5a5d16dc-9c20-4640-a2ea-894f3fb57e31,531,chirodeep.pramanik@doordash.com,Chirodeep Pramanik,member,,2020-03-08 00:00:00,True,West Bengal
55e28ca4-fd47-4d59-b561-d8bc1e0151a7,531,nivriti.kishore@doordash.com,Nivriti Kishore,limited_access,,2020-11-14 00:00:00,True,West Bengal
48a05fee-9899-496b-862d-6752b7b46352,531,sandip.banik@doordash.com,Sandip Banik,limited_access,,2020-02-26 00:00:00,True,West Bengal
14da790a-cad2-4c34-8d9d-7a8468a87daf,531,suma.bose@doordash.com,Suma Bose,member,,2020-08-12 00:00:00,True,West Bengal
2fcbf664-b01a-44a8-a958-02a2081120eb,531,shovan.mitra@doordash.com,Shovan Mitra,guest,,2020-04-06 00:00:00,True,West Bengal
e88d72f6-5bbc-4876-a0b4-d59b33e99efa,531,tanuja.karmakar@doordash.com,Tanuja Karmakar,limited_access,,2020-09-14 00:00:00,True,West Bengal
85a43f9a-b349-4a5f-a30a-916ba5c59524,531,zeeshan.haldar@doordash.com,Zeeshan Haldar,limited_access,,2020-05-07 00:00:00,True,West Bengal
854120a8-180f-4f31-b291-01816557bce3,531,rajul.chowdhury@doordash.com,Rajul Chowdhury,guest,,2020-01-08 00:00:00,True,West Bengal
f2ceab8f-df16-4610-b634-25deaecfd398,531,biplab.banerjee@doordash.com,Biplab Banerjee,member,,2020-08-27 00:00:00,True,West Bengal
ec299b67-77db-452e-b439-b8bc210918ac,531,sweta.chowdhury@doordash.com,Sweta Chowdhury,limited_access,,2020-12-10 00:00:00,True,West Bengal
4d13a1ec-83b4-4ed8-960c-7c9a12d49477,531,hemraj.roy@doordash.com,Hemraj Roy,limited_access,,2020-11-14 00:00:00,True,West Bengal
f18e0623-aacd-43d2-a97d-3e2823f2b863,531,tanika.pal@doordash.com,Tanika Pal,admin,,2020-12-16 00:00:00,True,West Bengal
bc7bdcae-77c2-4390-8ed0-4ad03dafa217,531,subir.das@doordash.com,Subir  Das,limited_access,,2020-06-10 00:00:00,True,West Bengal
f8013bb1-6124-4933-8195-e5349a3f0a97,531,sunita.kundu@doordash.com,Sunita Kundu,guest,,2020-05-27 00:00:00,True,West Bengal
582144a3-17b5-49b3-965d-1639b96d5872,531,rajiv.majumdar@doordash.com,Rajiv Majumdar,limited_access,,2020-10-19 00:00:00,True,West Bengal
6f7525da-09a8-44ee-acbe-39480d175d73,531,nikita.kishore@doordash.com,Nikita Kishore,guest,,2020-12-17 00:00:00,True,West Bengal
fa1455d9-9f80-4be0-b4f7-6548da4d92d4,531,dinesh.banerjee@doordash.com,Dinesh  Banerjee,admin,,2020-07-12 00:00:00,True,West Bengal
081b2825-bd72-44da-bb15-35ae1d84459f,531,amiti.poddar@doordash.com,Amiti Poddar,member,,2020-02-20 00:00:00,True,West Bengal
3c0eddbc-43d1-46f4-a0b1-5937d0889d7c,531,rahul.naskar@doordash.com,Rahul Naskar,guest,,2020-03-29 00:00:00,True,West Bengal
2a18e2ca-e618-4c27-b31f-be961a7a426b,531,suchita.kumar@doordash.com,Suchita Kumar,admin,,2020-08-03 00:00:00,True,West Bengal
b1c9b169-2ea1-4506-966f-a214c7f1a94f,531,nirmal.tiwari@doordash.com,Nirmal Tiwari,limited_access,,2020-03-23 00:00:00,True,West Bengal
604f0938-a6d7-48cf-865b-01b504d3d7f1,531,sibani.pattnaik@doordash.com,Sibani Pattnaik,guest,,2020-11-27 00:00:00,True,West Bengal
6b2fb413-b2f6-4fa8-98f5-fc172cbbab2c,531,hiran.madhusree@doordash.com,Hiran Madhusree,limited_access,,2020-06-27 00:00:00,True,West Bengal
07c0ca88-9c12-4e68-96c8-b4fb8930025a,531,manasi.saha@doordash.com,Manasi Saha,member,,2020-02-06 00:00:00,True,West Bengal
367dd5e0-cc7b-4294-9cb6-4bf782232a22,531,vipin.sharma@doordash.com,Vipin Sharma,guest,,2020-06-06 00:00:00,True,West Bengal
b60a35a7-abc0-4a9b-b91f-7cdd067edfcc,531,smita.bose@doordash.com,Smita Bose,admin,,2020-01-16 00:00:00,True,West Bengal
1d04582e-656a-4310-a465-52064ceb35a3,531,babul.ganguly@doordash.com,Babul Ganguly,guest,,2020-05-03 00:00:00,True,West Bengal
82024ebe-63ad-49f6-9d46-0f39dc4080b9,531,sree.ray@doordash.com,Sree Ray,member,,2020-03-12 00:00:00,True,West Bengal
fbf23dc2-5759-42f4-b008-5ad52b842bd0,531,nayan.majumdar@doordash.com,Nayan Majumdar,guest,,2020-05-02 00:00:00,True,West Bengal
82ab54ed-d0f8-422a-8bca-f9e07b7f697e,531,trishti.choudhury@doordash.com,Trishti Choudhury,admin,,2020-02-22 00:00:00,True,West Bengal
d0046e8e-d7b2-4bdd-aff8-93b1e111daa2,531,subrata.ghosh@doordash.com,Subrata Ghosh,admin,,2020-03-10 00:00:00,True,West Bengal
06bbb225-e4ab-420f-a209-9ba04cbd58a4,531,dipti.mitra@doordash.com,Dipti Mitra,guest,,2020-01-31 00:00:00,True,West Bengal
105e0d6f-211b-49d6-9a13-0863318a3aff,531,kartik.karmakar@doordash.com,Kartik Karmakar,admin,,2020-11-25 00:00:00,True,West Bengal
5131d44d-7db3-4b64-9d35-0f07b9e4a918,531,tanya.bhattacharya@doordash.com,Tanya Bhattacharya,admin,,2020-09-09 00:00:00,True,West Bengal
d0d41fbe-8f27-4522-a1d1-04b0c1c21a1f,531,rupal.dutta@doordash.com,Rupal Dutta,guest,,2020-08-14 00:00:00,True,West Bengal
618235de-498e-4980-9bad-98a8ceb80c75,531,kamalini.dhar@doordash.com,Kamalini Dhar,member,,2020-05-26 00:00:00,True,West Bengal
61b62d20-c250-4184-8547-b42b9ff1297d,531,subir.sanyal@doordash.com,Subir Sanyal,guest,,2020-04-07 00:00:00,True,West Bengal
05466e78-b961-4ab3-8af2-dd558a8d83c7,531,sanjukta.baidya@doordash.com,Sanjukta Baidya,member,,2020-02-02 00:00:00,True,West Bengal
cc38ff42-3a57-4885-9519-5b32e3bed1bd,531,manoj.pramanik@doordash.com,Manoj  Pramanik,admin,,2020-03-22 00:00:00,True,West Bengal
b9ac34ce-9538-4d7f-8002-a3e02f83b2d5,531,sreeja.karmakar@doordash.com,Sreeja Karmakar,guest,,2020-07-27 00:00:00,True,West Bengal
f1562c6c-8e91-4f97-b217-738d606ed088,531,charan.bose@doordash.com,Charan Bose,member,,2020-12-08 00:00:00,True,West Bengal
e9a181c5-d8f3-473a-b6cf-74cf7556760d,531,ankita.agarwal@doordash.com,Ankita Agarwal,limited_access,,2020-09-06 00:00:00,True,West Bengal
0f7c79b2-ec1d-4249-9ed2-e1f5e4217e43,531,biswajeet.barman@doordash.com,Biswajeet Barman,guest,,2020-05-30 00:00:00,True,West Bengal
67959217-5c92-4f75-adb2-7c549e085e22,531,pratyusha.mitra@doordash.com,Pratyusha Mitra,limited_access,,2020-11-23 00:00:00,True,West Bengal
fffec6f8-5f12-498a-9dbd-47444ab30a75,531,narendranath.banerjee@doordash.com,Narendranath Banerjee,limited_access,,2020-03-21 00:00:00,True,West Bengal
1e9c65f1-d95e-4f00-99fa-a7a04666268d,531,arpita.mahalder@doordash.com,Arpita Mahalder,member,,2020-02-19 00:00:00,True,West Bengal
1cbadfa5-483b-4517-a99d-aa5db8e62546,531,gaurav.bose@doordash.com,Gaurav  Bose,member,,2020-11-08 00:00:00,True,West Bengal
8042a81c-5ac4-433e-a4e2-c5ded523b46a,531,bijoya.ghosal@doordash.com,Bijoya Ghosal,guest,,2020-09-02 00:00:00,True,West Bengal
27ab3382-8959-4654-8d22-d1896bde0bc2,531,sushant.mukhopadhyay@doordash.com,Sushant Mukhopadhyay,limited_access,,2020-08-30 00:00:00,True,West Bengal
2c01e5f5-eee9-4547-9d71-bf041b19e184,531,charulata.mitra@doordash.com,Charulata Mitra,member,,2020-09-17 00:00:00,True,West Bengal
0b5aeef2-1737-43a6-b92a-2148317e1b4e,531,ranjit.sharma@doordash.com,Ranjit  Sharma,admin,,2020-10-26 00:00:00,True,West Bengal
5d11fe66-4006-4b5d-b187-c3abb0b117b5,531,neelima.ghoshal@doordash.com,Neelima Ghoshal,member,,2020-10-09 00:00:00,True,West Bengal
593031d1-ab05-44bf-9f71-08a43e8d6c06,531,chirodeep.sanyal@doordash.com,Chirodeep Sanyal,limited_access,,2020-06-22 00:00:00,True,West Bengal
77bb6dc1-2b9d-4b9d-82f0-c61fc7d017b3,531,pragati.ghosh@doordash.com,Pragati Ghosh,limited_access,,2020-09-12 00:00:00,True,West Bengal
3c16eb26-1480-4b97-8a6c-0887050054c1,531,dipankar.dasgupta@doordash.com,Dipankar Dasgupta,guest,,2020-08-10 00:00:00,True,West Bengal
c58b24be-8679-4b7c-b678-2bd8ff287562,531,sunita.bhowmick@doordash.com,Sunita Bhowmick,admin,,2020-05-25 00:00:00,True,West Bengal
2ea93d93-9560-4015-93ed-08939898c8f9,531,pradeep.bandyopadhyay@doordash.com,Pradeep Bandyopadhyay,guest,,2020-08-02 00:00:00,True,West Bengal
b9ad71b6-225c-425c-b97d-3c5cabfa2177,531,manisha.sarkar@doordash.com,Manisha Sarkar,admin,,2020-06-15 00:00:00,True,West Bengal
bb41c69c-ea76-4a21-95a6-b263aa0afc7d,531,dhritiman.barman@doordash.com,Dhritiman Barman,admin,,2020-09-28 00:00:00,True,West Bengal
4b5192d3-fc72-4dce-b7a1-23a2927ed5e8,531,vasundhara.mishra@doordash.com,Vasundhara Mishra,member,,2020-02-28 00:00:00,True,West Bengal
e069fb0a-ab19-405b-95bc-aba78cffb83a,531,rohit.ganguly@doordash.com,Rohit Ganguly,limited_access,,2020-05-29 00:00:00,True,West Bengal
7d03748d-0c8c-4e07-acd7-b7fe3bc7d3ac,531,maitri.kumar@doordash.com,Maitri Kumar,admin,,2020-12-08 00:00:00,True,West Bengal
41ea246d-ce43-4828-be43-e7e60816e388,531,biswajeet.shaha@doordash.com,Biswajeet Shaha,admin,,2020-03-05 00:00:00,True,West Bengal
4011e77c-43cd-42f1-a85d-67230dbe230a,531,shivani.karmakar@doordash.com,Shivani Karmakar,guest,,2020-06-04 00:00:00,True,West Bengal
c98d88ed-55af-4938-889d-6fa3fbd0c896,531,koushik.dasganguly@doordash.com,Koushik Das Ganguly,admin,,2020-05-31 00:00:00,True,West Bengal
623560f1-df76-4c7a-a49f-29cf67c1f78e,531,vishaka.ganguly@doordash.com,Vishaka Ganguly,admin,,2020-06-13 00:00:00,True,West Bengal
d19dcd68-024e-4610-a084-2483212b4f44,531,vipin.routh@doordash.com,Vipin Routh,admin,,2020-05-08 00:00:00,True,West Bengal
ee8b9e22-9e7e-4c20-94b9-3daeb25bdd10,531,deepa.chakraborty@doordash.com,Deepa Chakraborty,guest,,2020-01-23 00:00:00,True,West Bengal
11f3ac1f-7f93-4894-aa93-bc80b7156d37,531,prosenjit.mishra@doordash.com,Prosenjit Mishra,guest,,2020-02-23 00:00:00,True,West Bengal
105409df-663c-420f-bee6-d0c94960772e,531,sandhya.sen@doordash.com,Sandhya Sen,limited_access,,2020-09-05 00:00:00,True,West Bengal
6e6485fa-2c77-485f-bf08-80607d53d913,531,gaurav.patel@doordash.com,Gaurav  Patel,guest,,2020-05-10 00:00:00,True,West Bengal
b7475709-7d47-4246-b6e9-6ed72584b8ae,531,rishika.mitra@doordash.com,Rishika Mitra,guest,,2020-08-06 00:00:00,True,West Bengal
abf004dc-31d7-4f35-b9c1-63fe76e0188c,531,ujjal.haldar1@doordash.com,Ujjal Haldar,admin,,2020-10-14 00:00:00,True,West Bengal
930e5d6b-d532-4554-9b20-f89d5f5c5420,531,nutan.karmakar@doordash.com,Nutan Karmakar,member,,2020-02-19 00:00:00,True,West Bengal
ff0dcb5b-4815-4e5a-a829-098fe75aa38d,531,bodhisattva.saha@doordash.com,Bodhisattva Saha,guest,,2020-09-05 00:00:00,True,West Bengal
96f12988-0537-4448-9509-9a2af10159d9,531,monika.sen@doordash.com,Monika Sen,member,,2020-01-24 00:00:00,True,West Bengal
a4b93b55-5e07-4122-b2a2-076747703a40,531,biswajit.ganguly1@doordash.com,Biswajit  Ganguly,member,,2020-07-31 00:00:00,True,West Bengal
f9efe8e7-4361-49f9-a51a-6e6d6c0a22a8,531,debika.ghoshal@doordash.com,Debika Ghoshal,admin,,2020-08-10 00:00:00,True,West Bengal
c3d5cf9c-afc2-4ea6-b611-fc524989db80,531,hiranmay.chatterjee@doordash.com,Hiranmay Chatterjee,guest,,2020-04-04 00:00:00,True,West Bengal
b6565f37-bc0c-4705-9c83-d7eb1b6f7d60,531,sandhya.singh@doordash.com,Sandhya Singh,limited_access,,2020-07-06 00:00:00,True,West Bengal
c6288efd-f862-4055-a1f9-f16c21494149,531,sandip.ghoshal@doordash.com,Sandip Ghoshal,admin,,2020-10-13 00:00:00,True,West Bengal
781409c4-dcae-4a38-a760-ad95816bbbd3,531,kamini.das@doordash.com,Kamini Das,guest,,2020-02-04 00:00:00,True,West Bengal
43187433-53ff-4034-8612-d8c38ce1209d,531,utpal.dey@doordash.com,Utpal Dey,member,,2020-12-12 00:00:00,True,West Bengal
c328cd5a-4346-48ee-9206-120178a8820a,531,kanak.ganguly@doordash.com,Kanak Ganguly,guest,,2020-03-18 00:00:00,True,West Bengal
2782f141-34f5-4a6a-bc83-5882e3164158,531,aniruddha.bandyopadhyay1@doordash.com,Aniruddha Bandyopadhyay,member,,2020-01-14 00:00:00,True,West Bengal
5f9444a6-9d0d-41c0-9e79-8ef6e6ede403,531,chitra.bose@doordash.com,Chitra Bose,member,,2020-07-26 00:00:00,True,West Bengal
3421e1c4-b148-4597-8df7-dcf89306875e,531,bodhisattva.pramanik@doordash.com,Bodhisattva Pramanik,guest,,2020-08-15 00:00:00,True,West Bengal
f0f86f7f-6b36-4cdd-ba52-e9e152ffda1e,531,tanusree.chowdhury@doordash.com,Tanusree Chowdhury,member,,2020-01-23 00:00:00,True,West Bengal
4066993d-2ffc-41ce-8e4c-c1c06bdf4944,531,ashok.bhaduri@doordash.com,Ashok Bhaduri,guest,,2020-12-21 00:00:00,True,West Bengal
38b1a057-b19a-4387-b716-77e0c773a024,531,sathi.borah@doordash.com,Sathi Borah,limited_access,,2020-05-05 00:00:00,True,West Bengal
0d85e690-3c3e-48ff-a804-d56096d573d0,531,manindra.sen@doordash.com,Manindra Sen,limited_access,,2020-10-10 00:00:00,True,West Bengal
dd506cd2-046b-41c1-837b-f3843a7fd826,531,sucharita.ray@doordash.com,Sucharita Ray,limited_access,,2020-06-01 00:00:00,True,West Bengal
0c89b3d3-bf3a-406b-9936-e1db7a6de5bd,531,rupal.saha@doordash.com,Rupal Saha,admin,,2020-07-28 00:00:00,True,West Bengal
458d0565-6c00-4659-8389-34ee6e254fcc,531,sanjita.mondal@doordash.com,Sanjita Mondal,guest,,2020-03-07 00:00:00,True,West Bengal
afe95aea-eff4-42b7-abe9-43706e17792b,531,gyaneshwar.sutar@doordash.com,Gyaneshwar  Sutar,member,,2020-09-02 00:00:00,True,Maharashtra
d5968ff1-163a-4d79-865b-53d68a9f5713,531,yashasvi.khandekar@doordash.com,Yashasvi  Khandekar,guest,,2020-09-03 00:00:00,True,Maharashtra
8a550ba7-32d9-4653-8e3a-bb53a32350c5,531,kashinath.nene@doordash.com,Kashinath Nene,guest,,2020-12-31 00:00:00,True,Maharashtra
c86e3f88-b302-4dce-bc1a-6181764910be,531,rakhamai.dhole@doordash.com,Rakhamai Dhole,member,,2020-01-13 00:00:00,True,Maharashtra
1a83ecda-059b-4363-a972-fc2c6cc32423,531,chirag.rane@doordash.com,Chirag  Rane,admin,,2020-11-03 00:00:00,True,Maharashtra
69d12e0c-354d-4fab-afb5-ed1e444f041d,531,meenatai.gaitonde@doordash.com,Meenatai Gaitonde,admin,,2020-01-23 00:00:00,True,Maharashtra
c13cd86a-6a26-4969-b15f-b48e21976a3c,531,jagoji.kulkarni@doordash.com,Jagoji Kulkarni,admin,,2020-04-09 00:00:00,True,Maharashtra
ab69a432-9d0a-44fa-8f38-2d24b96cb46b,531,poojabai.yadav@doordash.com,Poojabai Yadav,admin,,2020-01-02 00:00:00,True,Maharashtra
e44d4077-58b5-45dd-bcdb-3cc6c0d818e3,531,chandramohan.bajpai@doordash.com,Chandramohan  Bajpai,limited_access,,2020-07-20 00:00:00,True,Maharashtra
b916277e-6172-4372-b3df-8c5e100ec46c,531,gulzar.patankar@doordash.com,Gulzar  Patankar,member,,2020-09-04 00:00:00,True,Maharashtra
9fa4b23b-c9d3-4b40-acc4-329f9a11e426,531,janakoji.suryavanshi@doordash.com,Janakoji Suryavanshi,member,,2020-10-28 00:00:00,True,Maharashtra
a9c9f5ec-58f3-4fe6-ac56-7eceb91f4714,531,laxmibai.vijay@doordash.com,Laxmibai Vijay,guest,,2020-06-19 00:00:00,True,Maharashtra
755027dd-c6cb-4c2a-8839-58eec0ebf271,531,chamaji.deshmukh@doordash.com,Chamaji Deshmukh,admin,,2020-09-06 00:00:00,True,Maharashtra
2984cba0-9a65-457b-92ca-2f88d11d8b10,531,ramadevi.vishwanath@doordash.com,Ramadevi Vishwanath,limited_access,,2020-04-23 00:00:00,True,Maharashtra
27a92ea0-0fc6-43d6-9254-98f3988e34f6,531,shankarsaheb.manerkar@doordash.com,Shankarsaheb Manerkar,limited_access,,2020-04-28 00:00:00,True,Maharashtra
019efb5e-5b62-4c24-9ad6-a5c5490875f0,531,mitharani.joshi@doordash.com,Mitharani Joshi,admin,,2020-09-07 00:00:00,True,Maharashtra
30e07d73-3a2a-489d-aa68-ff0de3198589,531,balabhau.rathod@doordash.com,Balabhau Rathod,guest,,2020-05-05 00:00:00,True,Maharashtra
4bac2b87-e6dd-463d-b84c-da537158c4a0,531,gulsher.vishwajeet@doordash.com,Gulsher  Vishwajeet,admin,,2020-03-01 00:00:00,True,Maharashtra
b47fee17-12b3-4210-a4da-245cd8280c4b,531,shivaji.kulkarni@doordash.com,Shivaji Kulkarni,admin,,2020-06-27 00:00:00,True,Maharashtra
80daf97f-b029-4713-a4b7-a7e09a5667ff,531,shalini.dhumal@doordash.com,Shalini  Dhumal,guest,,2020-11-07 00:00:00,True,Maharashtra
712c24cf-1972-48af-83e8-683f441ef526,531,nagoba.rathod@doordash.com,Nagoba Rathod,member,,2020-10-20 00:00:00,True,Maharashtra
74d5e5d4-472f-4f05-83ac-c9809a827f1b,531,godavaribai.khanvilkar@doordash.com,Godavaribai Khanvilkar,guest,,2020-07-09 00:00:00,True,Maharashtra
9ba492cb-fbcf-4a19-870a-00a6b8d1ffa8,531,nanaji.chandran@doordash.com,Nanaji Chandran,member,,2020-07-01 00:00:00,True,Maharashtra
cf4d5502-eff1-4708-bcc4-1f39e289bd55,531,liaakka.zende@doordash.com,Liaakka Zende,member,,2020-10-21 00:00:00,True,Maharashtra
02ad13ab-15e6-4455-a0e4-91c8c078fbf8,531,nanasaheb.sonawane@doordash.com,Nanasaheb Sonawane,member,,2020-03-25 00:00:00,True,Maharashtra
faceb035-e728-4ed4-9799-5c6272f130ba,531,shri.jadhaw@doordash.com,Shri  Jadhaw,limited_access,,2020-09-11 00:00:00,True,Maharashtra
3050fb93-f519-4d53-b82c-34da025dbfb1,531,mitesh.shah@doordash.com,Mitesh  Shah,admin,,2020-05-07 00:00:00,True,Maharashtra
2983434f-083c-40ac-a527-d77336dd7fc6,531,dina.khanvilkar@doordash.com,Dina  Khanvilkar,limited_access,,2020-08-12 00:00:00,True,Maharashtra
b731c7a1-ab86-4fac-92d2-86873f6d52f3,531,eknath.rao@doordash.com,Eknath Rao,admin,,2020-12-14 00:00:00,True,Maharashtra
88521d5c-98dd-4183-9b67-7a0456faa0bd,531,usharaje.chavan@doordash.com,Usharaje Chavan,limited_access,,2020-11-02 00:00:00,True,Maharashtra
43912b1e-56f0-418b-9f37-2c4771ba0e32,531,sakharambapu.kharche@doordash.com,Sakharambapu Kharche,admin,,2020-06-08 00:00:00,True,Maharashtra
465433bb-5dc4-406f-8a3a-130e74eca85b,531,gangübai.wani@doordash.com,Gangübai Wani,admin,,2020-05-20 00:00:00,True,Maharashtra
682012bf-f87d-4db5-87d8-1521fc44ecbf,531,kailash.pimple@doordash.com,Kailash  Pimple,admin,,2020-04-18 00:00:00,True,Maharashtra
75f697fa-e69a-4403-8edf-c74bad434a19,531,shri.vaz@doordash.com,Shri  Vaz,limited_access,,2020-05-20 00:00:00,True,Maharashtra
b8c90e88-3eaa-46a3-a07d-89be29d1db53,531,chinmay.kumbhar@doordash.com,Chinmay  Kumbhar,member,,2020-09-23 00:00:00,True,Maharashtra
074c4bd3-52d3-4383-948f-537fa23f54da,531,devikarani.madhav@doordash.com,Devikarani Madhav,member,,2020-11-14 00:00:00,True,Maharashtra
59794222-1cf4-477f-91a0-178077d8f3c3,531,venkatarao.tayade@doordash.com,Venkatarao Tayade,admin,,2020-05-07 00:00:00,True,Maharashtra
83e4bcec-137d-412d-b6ee-b2b2e2235855,531,khasubai.sohoni@doordash.com,Khasubai Sohoni,limited_access,,2020-02-05 00:00:00,True,Maharashtra
953c63a4-20b8-4ed1-96d5-71f4d6990b23,531,annasaheb.jadhav@doordash.com,Annasaheb Jadhav,guest,,2020-09-03 00:00:00,True,Maharashtra
52561d93-b649-4aee-a164-236ca80bdeb4,531,tanuja.zambare@doordash.com,Tanuja  Zambare,limited_access,,2020-05-24 00:00:00,True,Maharashtra
6c2b7bfe-dad1-40b1-b813-a4d1f25aa258,531,kamlesh.zende@doordash.com,Kamlesh  Zende,guest,,2020-06-10 00:00:00,True,Maharashtra
48b0a04f-527b-4530-a279-f19c6b1dc78f,531,ramadevi.bhardwaj@doordash.com,Ramadevi Bhardwaj,limited_access,,2020-12-13 00:00:00,True,Maharashtra
1afc5156-d565-4770-8354-0e5f9badc799,531,ranjit.bhanushali@doordash.com,Ranjit  Bhanushali,guest,,2020-07-18 00:00:00,True,Maharashtra
7d45e836-120f-466f-9aae-2078bba0932e,531,kavita.chudamani@doordash.com,Kavita  Chudamani,admin,,2020-05-19 00:00:00,True,Maharashtra
7b817d62-5047-49ac-a96d-cadbc60cbdcf,531,sakharambapu.rathod@doordash.com,Sakharambapu Rathod,member,,2020-07-22 00:00:00,True,Maharashtra
027e8c8e-b92f-472d-8148-d7c3d53f3396,531,swarali.gaitonde@doordash.com,Swarali  Gaitonde,guest,,2020-09-07 00:00:00,True,Maharashtra
a7179423-2c9f-4f75-990d-d260ad5ec984,531,malharao.gadgil@doordash.com,Malharao  Gadgil,member,,2020-08-19 00:00:00,True,Maharashtra
bcc79b5b-e871-4cc0-a106-aedd331fade9,531,amruta.wadkar@doordash.com,Amruta  Wadkar,member,,2020-10-25 00:00:00,True,Maharashtra
d8142866-c7d6-4bc4-843f-d8cef7f2af4d,531,arvind.patil@doordash.com,Arvind  Patil,member,,2020-10-23 00:00:00,True,Maharashtra
0a9a71ba-ae77-453a-a389-8ce39bcaefaf,531,ishika.vasudev@doordash.com,Ishika  Vasudev,limited_access,,2020-03-21 00:00:00,True,Maharashtra
06090681-6e9c-48aa-b911-28898ba04924,531,tanaji.ambedkar@doordash.com,Tanaji Ambedkar,member,,2020-09-18 00:00:00,True,Maharashtra
2fcac85c-2d44-48a5-9a8e-a0dd3e15cef1,531,vittai.tulpule@doordash.com,Vittai Tulpule,member,,2020-07-03 00:00:00,True,Maharashtra
744c3d94-c16c-485f-8010-93cb63be4f4f,531,kanoji.chitre@doordash.com,Kanoji Chitre,limited_access,,2020-05-30 00:00:00,True,Maharashtra
93975ccd-fc15-4b62-8ef7-7d4cff3c34de,531,ushatai.mehta@doordash.com,Ushatai Mehta,member,,2020-07-10 00:00:00,True,Maharashtra
96892910-088d-4e70-ad00-3c1fbdfbca64,531,narayan.chandekar@doordash.com,Narayan  Chandekar,limited_access,,2020-10-08 00:00:00,True,Maharashtra
3e1877e4-812f-442d-bf75-2a7d85077937,531,akanksha.madhav@doordash.com,Akanksha  Madhav,limited_access,,2020-07-15 00:00:00,True,Maharashtra
8a04ac1f-89b1-4ab9-89ab-c2493a39aaf5,531,sagar.kulkarni@doordash.com,Sagar  Kulkarni,limited_access,,2020-05-13 00:00:00,True,Maharashtra
e22759cb-2ab4-4d38-b297-73c7c84d8689,531,padmadevi.suryawanshi@doordash.com,Padmadevi Suryawanshi,guest,,2020-03-02 00:00:00,True,Maharashtra
709e1ed4-abf5-44f7-99ee-7d49121a90c0,531,kashinath.dhole@doordash.com,Kashinath Dhole,admin,,2020-09-04 00:00:00,True,Maharashtra
e4ff6069-d7fc-41a2-afd9-ec76ac8028d1,531,vasundhararaje.modi@doordash.com,Vasundhararaje Modi,limited_access,,2020-01-23 00:00:00,True,Maharashtra
9a48770a-07fa-4f71-a70f-fc07b0ea7fbf,531,bhausaheb.dnyandev@doordash.com,Bhausaheb  Dnyandev,guest,,2020-05-12 00:00:00,True,Maharashtra
298a777b-aa0f-403a-b736-3ffb28267ad7,531,rupa.garge@doordash.com,Rupa  Garge,limited_access,,2020-09-22 00:00:00,True,Maharashtra
ebae7a93-181f-4b44-a3fb-88c65e20c8bb,531,nandlal.kattale@doordash.com,Nandlal  Kattale,admin,,2020-06-26 00:00:00,True,Maharashtra
88b9ed14-7b2b-4f7d-8c3e-8492f52ce1dc,531,rakhamai.dabhade@doordash.com,Rakhamai Dabhade,admin,,2020-02-23 00:00:00,True,Maharashtra
6c290944-875d-4e1f-95d6-d3014a26db75,531,ballabhbhai.joshi@doordash.com,Ballabhbhai Joshi,member,,2020-06-18 00:00:00,True,Maharashtra
95b12b83-8351-46f9-9f46-6e76bfdf85f9,531,yogita.kale@doordash.com,Yogita  Kale,member,,2020-07-05 00:00:00,True,Maharashtra
8d1edb86-ee15-495f-a50b-b5af93586d12,531,annasaheb.patil@doordash.com,Annasaheb Patil,member,,2020-01-21 00:00:00,True,Maharashtra
628b392c-bd6c-4377-9bcc-a80b5e4440ba,531,liaakka.nandedkar@doordash.com,Liaakka Nandedkar,guest,,2020-02-19 00:00:00,True,Maharashtra
d6466dbe-5c95-4293-bf7a-48e5fc9d6cbf,531,sakharambapu.rao@doordash.com,Sakharambapu Rao,admin,,2020-03-19 00:00:00,True,Maharashtra
ebfe2a59-f2f2-4ff9-944f-8c2471974f12,531,niharika.dabhade@doordash.com,Niharika  Dabhade,limited_access,,2020-07-20 00:00:00,True,Maharashtra
bc1bf826-d72f-4565-8dc8-29a28097a659,531,bajirao.mahadeo@doordash.com,Bajirao  Mahadeo,member,,2020-02-20 00:00:00,True,Maharashtra
b65282ef-eaea-4ae8-9959-9b78e35bc9db,531,kamakka.khan@doordash.com,Kamakka Khan,admin,,2020-04-13 00:00:00,True,Maharashtra
59c3bb35-1a6c-41b3-983d-51823574cc5c,531,nirav.bhanushali@doordash.com,Nirav  Bhanushali,member,,2020-01-22 00:00:00,True,Maharashtra
604df1e5-70a2-4965-b5fd-9210b50a4fc8,531,durgatai.nene@doordash.com,Durgatai Nene,guest,,2020-01-28 00:00:00,True,Maharashtra
62bdc34a-f2f7-4b73-a5e9-deb9e366e269,531,rajabhau.khot@doordash.com,Rajabhau Khot,admin,,2020-04-26 00:00:00,True,Maharashtra
0c94a23c-be01-4b4f-a6b2-05ad75eed4af,531,ranjana.kale@doordash.com,Ranjana  Kale,limited_access,,2020-10-01 00:00:00,True,Maharashtra
99eb88e8-2ef5-4079-b769-8dce73c2ee38,531,annasaheb.bansode@doordash.com,Annasaheb Bansode,limited_access,,2020-11-16 00:00:00,True,Maharashtra
e13c3583-8136-491b-af33-115860e598e3,531,sonabai.rathod@doordash.com,Sonabai Rathod,guest,,2020-04-08 00:00:00,True,Maharashtra
e458f46f-6de6-443d-80d4-82255a3a1b5c,531,omkar.pingle@doordash.com,Omkar  Pingle,guest,,2020-02-19 00:00:00,True,Maharashtra
dad3ae3f-0268-406b-a372-b0b79dc0bf74,531,mitharani.zarde@doordash.com,Mitharani Zarde,member,,2020-02-01 00:00:00,True,Maharashtra
40832a0c-8f02-4fb1-becf-62fc891af068,531,malharaosaheb.kolhe@doordash.com,Malharaosaheb Kolhe,admin,,2020-04-04 00:00:00,True,Maharashtra
107712e5-9bad-4672-9dbb-41f35a0c6e78,531,sadhana.sohoni@doordash.com,Sadhana  Sohoni,guest,,2020-11-15 00:00:00,True,Maharashtra
26c21f56-b2b9-4ea9-89d4-dbf1f33c36d1,531,kushabhau.ambedkar@doordash.com,Kushabhau Ambedkar,limited_access,,2020-04-08 00:00:00,True,Maharashtra
9c5d7f7b-38c8-413e-87bf-76ac918ec076,531,liaakka.ambedkar@doordash.com,Liaakka Ambedkar,admin,,2020-04-16 00:00:00,True,Maharashtra
56634db7-ae20-4ebb-9cc9-824e3a66aede,531,kushabhau.mane@doordash.com,Kushabhau Mane,guest,,2020-01-04 00:00:00,True,Maharashtra
cc1cac8f-798d-4967-9157-d458eac1442e,531,vaidehi.deshmukh@doordash.com,Vaidehi  Deshmukh,limited_access,,2020-08-22 00:00:00,True,Maharashtra
2a9581e7-9adc-48e7-9710-f6374c83af36,531,khanderao.valvi@doordash.com,Khanderao Valvi,guest,,2020-04-14 00:00:00,True,Maharashtra
610923d4-478f-4f57-9060-6c3bc2cc38a0,531,chandana.valvi@doordash.com,Chandana  Valvi,member,,2020-05-01 00:00:00,True,Maharashtra
ad6b3aa3-41f4-4d4c-92ee-f0e8abfd896a,531,harish.holkar@doordash.com,Harish  Holkar,member,,2020-02-08 00:00:00,True,Maharashtra
69707d60-ea83-4954-8b01-59762e74479d,531,shalini.wadkar@doordash.com,Shalini  Wadkar,member,,2020-03-06 00:00:00,True,Maharashtra
8e279347-7560-4db6-8781-bcd058440ec7,531,tejas.mokashi@doordash.com,Tejas  Mokashi,admin,,2020-12-03 00:00:00,True,Maharashtra
e14b906c-428f-49f3-9ca0-c4907c2c904f,531,karuna.yadav@doordash.com,Karuna  Yadav,admin,,2020-12-30 00:00:00,True,Maharashtra
40d87aa6-6e32-422b-9872-46576594ed82,531,kashinath.nadkarni@doordash.com,Kashinath Nadkarni,limited_access,,2020-10-15 00:00:00,True,Maharashtra
79d016de-255f-4f45-a32b-4efd315ee134,531,madhavi.kulkarni@doordash.com,Madhavi  Kulkarni,member,,2020-10-15 00:00:00,True,Maharashtra
c78a4a08-c4cf-4c00-91bd-2aecb3f79ad4,531,vishalbhau.gajra@doordash.com,Vishalbhau Gajra,limited_access,,2020-04-06 00:00:00,True,Maharashtra
c364b723-3f7e-4686-bcdb-1989d29663ae,531,asha.jadhav@doordash.com,Asha  Jadhav,admin,,2020-08-10 00:00:00,True,Maharashtra
54c91966-416e-4d61-bfec-b19db72bb185,531,madhukar.dabhade@doordash.com,Madhukar  Dabhade,guest,,2020-03-14 00:00:00,True,Maharashtra
8a774d8b-7e7d-4348-95d0-e3142cb8bf6f,531,ushatai.nandekar@doordash.com,Ushatai Nandekar,member,,2020-08-11 00:00:00,True,Maharashtra
691b4ed2-9ba4-4c58-988d-bca926a765e7,531,parag.dhole@doordash.com,Parag  Dhole,guest,,2020-10-05 00:00:00,True,Maharashtra
f217c768-f0f6-44b2-beb7-38e4379f35b3,531,devikarani.khandekar@doordash.com,Devikarani Khandekar,member,,2020-01-24 00:00:00,True,Maharashtra
a4872512-3efa-49c5-a052-d1cff277b4b4,531,bayaji.shukla@doordash.com,Bayaji Shukla,guest,,2020-04-06 00:00:00,True,Maharashtra
ea4273df-d21d-435e-a1bd-3dd311a71ad1,531,gangübai.sonawane@doordash.com,Gangübai Sonawane,admin,,2020-05-14 00:00:00,True,Maharashtra
6b18a6ca-b863-4af3-87bc-6bedb8e0971a,531,nagoba.ambedkar@doordash.com,Nagoba Ambedkar,admin,,2020-05-15 00:00:00,True,Maharashtra
8e089f2c-4af5-4821-a385-5221ad15545d,531,kamakka.shinde@doordash.com,Kamakka Shinde,limited_access,,2020-05-22 00:00:00,True,Maharashtra
29180919-8167-4aff-bccd-b95f64ce4c4d,531,kashinath.jadhavrao@doordash.com,Kashinath Jadhavrao,admin,,2020-08-21 00:00:00,True,Maharashtra
7de0dd36-2966-47b7-859b-79f9e54d2130,531,liaakka.khandekar@doordash.com,Liaakka Khandekar,limited_access,,2020-01-17 00:00:00,True,Maharashtra
971e2f4b-7675-4dd5-8d52-a5f4f5268115,531,bethoba.kale@doordash.com,Bethoba Kale,member,,2020-01-05 00:00:00,True,Maharashtra
84c2c4d5-8a29-4e50-b967-ced003f5e0f3,531,vittai.lad@doordash.com,Vittai Lad,guest,,2020-12-11 00:00:00,True,Maharashtra
36736135-1e6c-446d-9c70-d32854ae6610,531,gyandeo.bhavsar@doordash.com,Gyandeo  Bhavsar,guest,,2020-11-12 00:00:00,True,Maharashtra
4094ea57-ec0e-46d4-b3bd-9e4a652573ce,531,gargee.shah@doordash.com,Gargee  Shah,guest,,2020-04-22 00:00:00,True,Maharashtra
2a8e7ef8-97e9-44ba-b94d-cc94494cf733,531,chimmanrao.gokhale@doordash.com,Chimmanrao Gokhale,limited_access,,2020-11-28 00:00:00,True,Maharashtra
c1d2f5be-09ea-4434-ab1d-8e29ae228fe2,531,disha.jadhav@doordash.com,Disha  Jadhav,member,,2020-01-18 00:00:00,True,Maharashtra
cad4d4f7-2489-43a5-b291-3f3a09097694,531,harishchandra.dhamangaonkar@doordash.com,Harishchandra  Dhamangaonkar,limited_access,,2020-10-01 00:00:00,True,Maharashtra
90b0fd86-f698-4c99-a094-ce1bd2f9dc9a,531,chitra.bajpai@doordash.com,Chitra  Bajpai,admin,,2020-09-08 00:00:00,True,Maharashtra
c8d574d2-3a44-4379-810a-7a58f51a95fa,531,banyabapu.tiwari@doordash.com,Banyabapu Tiwari,guest,,2020-10-08 00:00:00,True,Maharashtra
dff9a416-5611-49a5-9b11-9ca0e0c37d02,531,tejal.naik@doordash.com,Tejal  Naik,member,,2020-10-17 00:00:00,True,Maharashtra
6e97a3ab-aff5-49ec-80b5-c231f13ce756,531,babanrao.wankhede@doordash.com,Babanrao Wankhede,member,,2020-12-04 00:00:00,True,Maharashtra
ffe6a8a2-a5a1-40c6-8746-f4d2bc962908,531,kamakka.vaz@doordash.com,Kamakka Vaz,admin,,2020-03-27 00:00:00,True,Maharashtra
9f153952-3449-4490-ab31-f7360ba1c9a9,531,chimmanrao.deshmukh@doordash.com,Chimmanrao Deshmukh,guest,,2020-06-17 00:00:00,True,Maharashtra
0aee8617-9dc1-4c2d-a4d4-e8a5dd67b09f,531,shital.jangid@doordash.com,Shital  Jangid,member,,2020-10-27 00:00:00,True,Maharashtra
b62b3025-8f1f-498f-8afb-d39fd30a92cf,531,ballabhbhai.chavan@doordash.com,Ballabhbhai Chavan,member,,2020-02-24 00:00:00,True,Maharashtra
9ecbcb01-59fa-4690-95e8-e496ded6b481,531,aishwaryatai.zade@doordash.com,Aishwaryatai Zade,member,,2020-06-11 00:00:00,True,Maharashtra
2b114c92-d01d-4315-b80d-c33d4056c761,531,triyambak.sohoni@doordash.com,Triyambak  Sohoni,member,,2020-09-04 00:00:00,True,Maharashtra
fd2b382f-ab4d-4d14-9832-c4613b1e997f,531,esha.lad@doordash.com,Esha  Lad,admin,,2020-08-06 00:00:00,True,Maharashtra
8652c43d-073c-464c-b7e7-0b19223ba4f5,531,yogesh.bhave@doordash.com,Yogesh  Bhave,guest,,2020-02-17 00:00:00,True,Maharashtra
a8619283-f0fb-40bb-a9ba-8a024f87966c,531,ashwini.zambare@doordash.com,Ashwini  Zambare,member,,2020-05-24 00:00:00,True,Maharashtra
4790f0d1-7131-4145-944b-119176fab90f,531,bethoba.kattale@doordash.com,Bethoba Kattale,member,,2020-10-30 00:00:00,True,Maharashtra
c4e83119-f7f3-4b96-b40e-f435e1e21ae7,531,kamakka.pande@doordash.com,Kamakka Pande,member,,2020-05-31 00:00:00,True,Maharashtra
9853062b-c9f3-4752-85e4-cd385a35dd7f,531,vinayakrao.jadhavrao@doordash.com,Vinayakrao Jadhavrao,limited_access,,2020-07-27 00:00:00,True,Maharashtra
f0706bee-9d5b-47e4-9d36-0e0fe95d4fca,531,nisha.dabhade@doordash.com,Nisha  Dabhade,admin,,2020-09-13 00:00:00,True,Maharashtra
8e38b98e-ca74-47db-95bf-562be2af27a1,531,keshav.bhagat@doordash.com,Keshav  Bhagat,member,,2020-01-20 00:00:00,True,Maharashtra
df72fe89-bc9b-4ee2-bf67-dd2eec0548d9,531,charulata.wagh@doordash.com,Charulata  Wagh,guest,,2020-11-19 00:00:00,True,Maharashtra
98f107ef-907d-4c8c-8a19-ea9afae8180d,531,bhausaheb.wani@doordash.com,Bhausaheb  Wani,guest,,2020-02-13 00:00:00,True,Maharashtra
13b9abce-be87-450d-a049-9dd0907fc1d9,531,vaishali.pimple@doordash.com,Vaishali  Pimple,guest,,2020-07-01 00:00:00,True,Maharashtra
6f01916c-545b-4d37-a536-b28bcb56759c,531,shrinath.jain@doordash.com,Shrinath Jain,guest,,2020-07-14 00:00:00,True,Maharashtra
ada4d95e-6fed-4220-b8fe-ddef5ca59037,531,pooja.zende@doordash.com,Pooja  Zende,member,,2020-05-18 00:00:00,True,Maharashtra
c01ac4b5-737d-4eb6-a4fd-65bd1ecc7247,531,kailash.chudamani@doordash.com,Kailash  Chudamani,limited_access,,2020-04-27 00:00:00,True,Maharashtra
a8b54e38-219d-4ac5-9d35-0c384d86116a,531,meenatai.gokhale@doordash.com,Meenatai Gokhale,guest,,2020-07-27 00:00:00,True,Maharashtra
e7f073df-e7c0-44be-9669-7d5b2a1e79ac,531,jagadish.sawant@doordash.com,Jagadish  Sawant,admin,,2020-12-28 00:00:00,True,Maharashtra
97b8c891-737e-47cc-9df8-b824bd4c4800,531,devikarani.shukla@doordash.com,Devikarani Shukla,guest,,2020-03-27 00:00:00,True,Maharashtra
dfdfede6-bf9c-480d-b68b-1369961fdaba,531,dattaram.pooja@doordash.com,Dattaram  Pooja,guest,,2020-10-12 00:00:00,True,Maharashtra
7e8857e4-1342-4763-8d91-bd81005eda5f,531,anuja.gokul@doordash.com,Anuja  Gokul,member,,2020-06-05 00:00:00,True,Maharashtra
1749544d-3ca0-43c9-ab56-cac333d2170b,531,sitaram.desai@doordash.com,Sitaram  Desai,guest,,2020-05-06 00:00:00,True,Maharashtra
f350f2c3-9263-441a-b6bc-c8bc66493da4,531,shubhra.gaitonde@doordash.com,Shubhra  Gaitonde,guest,,2020-12-29 00:00:00,True,Maharashtra
b25728cc-0ed2-4a06-9e5f-c153e479bde8,531,tanaji.khan@doordash.com,Tanaji Khan,guest,,2020-12-16 00:00:00,True,Maharashtra
dffe2338-905d-46a2-ab99-f4ab56076502,531,meenatai.chandekar@doordash.com,Meenatai Chandekar,limited_access,,2020-12-14 00:00:00,True,Maharashtra
b664e90c-98fb-4d00-ba24-a7878e113b5c,531,shivajirao.lohar@doordash.com,Shivajirao Lohar,admin,,2020-10-29 00:00:00,True,Maharashtra
61e69025-a55f-4a64-8ddf-14877fd39b5b,531,vijayaraje.khatri@doordash.com,Vijayaraje Khatri,limited_access,,2020-12-13 00:00:00,True,Maharashtra
c1015793-e459-4624-b079-e37ac9dd1589,531,apasaheb.bhagat@doordash.com,Apasaheb Bhagat,member,,2020-10-14 00:00:00,True,Maharashtra
7c17bc57-7018-4328-ade9-4729f7e03e4d,531,gangübai.soman@doordash.com,Gangübai Soman,guest,,2020-12-21 00:00:00,True,Maharashtra
7a8a9410-80da-4b11-8761-1fc046f32c28,531,sitaram.shikare@doordash.com,Sitaram  Shikare,guest,,2020-07-26 00:00:00,True,Maharashtra
6c0d8dc5-b6fe-4458-927f-5f303d912815,531,liaakka.vishwakarma@doordash.com,Liaakka Vishwakarma,limited_access,,2020-04-29 00:00:00,True,Maharashtra
31f86260-ab3b-4b37-b275-ca1c1219267d,531,keshubhai.tambe@doordash.com,Keshubhai Tambe,admin,,2020-06-01 00:00:00,True,Maharashtra
f4252f66-e43f-4baa-9bb4-efc2fe5c747c,531,sakshi.gawali@doordash.com,Sakshi  Gawali,member,,2020-10-08 00:00:00,True,Maharashtra
d1fc845a-5955-4ee6-8753-8eb1b433cf38,531,bajiraosaheb.kattale@doordash.com,Bajiraosaheb Kattale,admin,,2020-04-20 00:00:00,True,Maharashtra
3b326123-4c86-4eb6-9095-adc45a070114,531,suman.shikare@doordash.com,Suman  Shikare,member,,2020-05-14 00:00:00,True,Maharashtra
c771a717-dec8-4776-82ed-ee540bf7c997,531,arvind.chitre@doordash.com,Arvind  Chitre,limited_access,,2020-02-13 00:00:00,True,Maharashtra
cc614b4c-baac-4a66-a8c6-38a338041954,531,padmadevi.patil@doordash.com,Padmadevi Patil,member,,2020-05-24 00:00:00,True,Maharashtra
c907400e-2071-49cd-8dfd-0bda5bc43f75,531,keshubhai.jadhav@doordash.com,Keshubhai Jadhav,member,,2020-09-12 00:00:00,True,Maharashtra
505653a6-bbde-49e0-aca4-715de5314390,531,tijabai.zade@doordash.com,Tijabai Zade,admin,,2020-10-01 00:00:00,True,Maharashtra
b1825f14-201d-4732-b673-28a87fef1a27,531,jagoji.sawant@doordash.com,Jagoji Sawant,limited_access,,2020-10-28 00:00:00,True,Maharashtra
777c349f-2eb9-4afa-83d3-162b4bcbaa4c,531,mitharani.mehta@doordash.com,Mitharani Mehta,guest,,2020-02-09 00:00:00,True,Maharashtra
7cf0c63d-5d43-4fbf-b24f-2c1d541c660f,531,mithun.wani@doordash.com,Mithun  Wani,limited_access,,2020-06-07 00:00:00,True,Maharashtra
746f733f-62a8-4b13-abef-5b1463c8681f,531,sonalībai.kulkarni@doordash.com,Sonalībai Kulkarni,limited_access,,2020-07-21 00:00:00,True,Maharashtra
32c6cb15-2d75-4e07-85de-4d16be3da838,531,apasaheb.shinde@doordash.com,Apasaheb Shinde,admin,,2020-08-03 00:00:00,True,Maharashtra
1f3c3143-7a3d-4c7e-9a9b-35513ba628ca,531,sunanda.gandhi@doordash.com,Sunanda  Gandhi,member,,2020-12-29 00:00:00,True,Maharashtra
2aade5af-70b1-457e-9c3b-d0bbfc4bfb2f,531,kushabhau.desai@doordash.com,Kushabhau Desai,member,,2020-09-26 00:00:00,True,Maharashtra
619e3262-d5db-4e7c-886c-c15efbc5a25c,531,vijayadevi.jangid@doordash.com,Vijayadevi Jangid,member,,2020-06-17 00:00:00,True,Maharashtra
9cc47f2c-d4bb-4983-b448-ffdbf1059eec,531,sadashiva.gajanan@doordash.com,Sadashiva  Gajanan,admin,,2020-06-24 00:00:00,True,Maharashtra
2c00edf3-78e6-4579-9d2a-1dbfcba71636,531,usharaje.gawali@doordash.com,Usharaje Gawali,limited_access,,2020-03-25 00:00:00,True,Maharashtra
2381bf1e-9600-4cec-9455-0685bdff9e3b,531,subhash.vaidya@doordash.com,Subhash  Vaidya,admin,,2020-06-08 00:00:00,True,Maharashtra
63153598-483a-484b-b9cb-6eea808ed3f7,531,sharada.rathod@doordash.com,Sharada  Rathod,member,,2020-10-27 00:00:00,True,Maharashtra
1613ca16-4c18-49a5-9b42-23e3cd6aa0a7,531,harinarayan.pimple@doordash.com,Harinarayan  Pimple,guest,,2020-01-12 00:00:00,True,Maharashtra
31a1cfc1-909b-45c9-9ce6-3c2fe84d20d2,531,vijayaraje.madhav@doordash.com,Vijayaraje Madhav,guest,,2020-07-21 00:00:00,True,Maharashtra
b3107ea4-c640-4193-be40-965a4e1bd04a,531,sakharambapu.khandekar@doordash.com,Sakharambapu Khandekar,admin,,2020-08-25 00:00:00,True,Maharashtra
9f148ac0-ed97-4f62-aa08-063b277bb46d,531,ganga.gawali@doordash.com,Ganga  Gawali,member,,2020-07-12 00:00:00,True,Maharashtra
03ac80b3-2527-4d8d-a9cb-01cd6b027979,531,khanderao.kulkarni@doordash.com,Khanderao Kulkarni,member,,2020-05-02 00:00:00,True,Maharashtra
6b0103cc-855c-43f7-aee2-f29d6fdf106c,531,meenatai.rao@doordash.com,Meenatai Rao,member,,2020-07-12 00:00:00,True,Maharashtra
14255693-edb7-4787-9ddf-7f00b3f90624,531,banyabapu.mhaske@doordash.com,Banyabapu Mhaske,admin,,2020-07-30 00:00:00,True,Maharashtra
28dd4b9a-849d-4f35-9781-9bc329dc8504,531,durga.ambedkar@doordash.com,Durga  Ambedkar,guest,,2020-05-11 00:00:00,True,Maharashtra
8997844f-b235-4b0f-8d41-775f20a73d20,531,tejas.shrikant@doordash.com,Tejas  Shrikant,member,,2020-06-30 00:00:00,True,Maharashtra
34ea9b98-31fb-486d-a237-e81d278c265b,531,khasubai.vishwakarma@doordash.com,Khasubai Vishwakarma,limited_access,,2020-11-10 00:00:00,True,Maharashtra
4245be4a-33a0-4171-b7b0-4a543918040e,531,tanmay.dhamangaonkar@doordash.com,Tanmay  Dhamangaonkar,limited_access,,2020-03-23 00:00:00,True,Maharashtra
79d79daf-0560-48fb-aa67-a802c691002a,531,padmaraje.narvekar@doordash.com,Padmaraje Narvekar,limited_access,,2020-04-15 00:00:00,True,Maharashtra
edf11c4d-2e16-4635-87b3-9443f9906ad5,531,pranav.jadhavrao@doordash.com,Pranav  Jadhavrao,limited_access,,2020-10-18 00:00:00,True,Maharashtra
9de02e31-6204-4526-9645-b015c3c0332c,531,ramadevi.jadhav@doordash.com,Ramadevi Jadhav,guest,,2020-05-09 00:00:00,True,Maharashtra
c0cd2483-5a13-4db3-91b5-1858427c3183,531,yashwanthbhau.chandekar@doordash.com,Yashwanthbhau Chandekar,limited_access,,2020-08-28 00:00:00,True,Maharashtra
216d1e47-1ab4-4045-85e8-317ff892e464,531,gauri.rao@doordash.com,Gauri  Rao,guest,,2020-06-10 00:00:00,True,Maharashtra
e74e9931-dafc-4b5e-9bc0-849e12d2e198,531,rajabhau.kolhe@doordash.com,Rajabhau Kolhe,limited_access,,2020-03-22 00:00:00,True,Maharashtra
3260c6f6-096d-4843-a39b-f37d5299eb1d,531,rohini.gaitonde@doordash.com,Rohini  Gaitonde,member,,2020-10-04 00:00:00,True,Maharashtra
a6a13199-0e73-4424-bf02-712694947fd4,531,bhimrao.dhumal@doordash.com,Bhimrao Dhumal,admin,,2020-07-02 00:00:00,True,Maharashtra
93ad2aa6-a252-4761-b49c-37de7fa2bf85,531,vittai.valvi@doordash.com,Vittai Valvi,admin,,2020-11-06 00:00:00,True,Maharashtra
1fe1a1d7-db16-4074-aa8e-ca99f7c1a4a7,531,chhagan.bapat@doordash.com,Chhagan  Bapat,admin,,2020-10-01 00:00:00,True,Maharashtra
0ee1a354-ac82-41c9-8100-082696d9a14f,531,rakhamai.suryavanshi@doordash.com,Rakhamai Suryavanshi,admin,,2020-11-04 00:00:00,True,Maharashtra
7dcc21e4-91d2-4629-89dd-5ca20a5e361a,531,bhikhubhau.khatri@doordash.com,Bhikhubhau Khatri,admin,,2020-08-01 00:00:00,True,Maharashtra
1975620f-432d-4cdc-844a-f499358ea64c,531,kavita.suryawanshi@doordash.com,Kavita  Suryawanshi,admin,,2020-08-26 00:00:00,True,Maharashtra
e5054df3-8d25-4f80-8622-df245aa4de9a,531,tanmay.jadhavrao@doordash.com,Tanmay  Jadhavrao,limited_access,,2020-05-01 00:00:00,True,Maharashtra
3f588a81-574d-4bb9-bc11-441fe166ba4b,531,jeevan.dabhade@doordash.com,Jeevan  Dabhade,admin,,2020-04-21 00:00:00,True,Maharashtra
a0bda3df-77e8-4011-ac7e-d4ae28b1eb56,531,pravin.chandekar@doordash.com,Pravin  Chandekar,guest,,2020-08-06 00:00:00,True,Maharashtra
affa1492-e2ed-4106-b295-df693ec5e6e8,531,ishita.gadgil@doordash.com,Ishita  Gadgil,admin,,2020-08-24 00:00:00,True,Maharashtra
a45fe49c-f8bd-488a-a9df-b48d7be2ae21,531,krishna.khandekar@doordash.com,Krishna  Khandekar,member,,2020-07-11 00:00:00,True,Maharashtra
61368007-3619-47fb-ba81-4835ff722d11,531,prabhatai.chitre@doordash.com,Prabhatai Chitre,admin,,2020-05-21 00:00:00,True,Maharashtra
514aaf79-fb55-4773-a13a-961cf64bdb79,531,keshubhai.jadhav1@doordash.com,Keshubhai Jadhav,limited_access,,2020-02-04 00:00:00,True,Maharashtra
799c3b95-e4e0-4d1a-8306-93cb2cd8429e,531,sharada.sawant@doordash.com,Sharada  Sawant,admin,,2020-07-23 00:00:00,True,Maharashtra
1c832056-659c-4344-aae7-8fb480e7d88d,531,dadoba.shirke@doordash.com,Dadoba Shirke,member,,2020-03-05 00:00:00,True,Maharashtra
693cc025-2b27-48a0-bd3d-4a7015ed2dae,531,devikarani.lohar@doordash.com,Devikarani Lohar,member,,2020-03-26 00:00:00,True,Maharashtra
0eec375e-5145-42ba-a920-cb6d218e1906,531,devenbhau.rathod@doordash.com,Devenbhau Rathod,admin,,2020-07-25 00:00:00,True,Maharashtra
aa99bbfa-f811-480d-84bd-9f30d0fb0281,531,sharada.shinde@doordash.com,Sharada  Shinde,guest,,2020-04-29 00:00:00,True,Maharashtra
e790d2b0-4426-46a9-bf91-1d47f7349c1b,531,arvind.vishwanath@doordash.com,Arvind  Vishwanath,guest,,2020-05-23 00:00:00,True,Maharashtra
8b086f51-6a98-4292-9c29-727a717edb40,531,saroja.suryawanshi@doordash.com,Saroja  Suryawanshi,limited_access,,2020-06-11 00:00:00,True,Maharashtra
8b173c34-f513-4ad3-9de9-3640513bdf05,531,malharao.shinde@doordash.com,Malharao  Shinde,guest,,2020-11-19 00:00:00,True,Maharashtra
2ca08b2d-f65d-4242-9eec-6701261e9cf3,531,sushmita.jadhav@doordash.com,Sushmita  Jadhav,guest,,2020-11-05 00:00:00,True,Maharashtra
809e1238-ea1c-45cc-822e-bae410f778d4,531,rambhaji.agarkar@doordash.com,Rambhaji Agarkar,admin,,2020-01-02 00:00:00,True,Maharashtra
6c942685-0b13-4eb8-b58d-912feb2b5038,531,ramadevi.gaitonde@doordash.com,Ramadevi Gaitonde,admin,,2020-11-25 00:00:00,True,Maharashtra
e4806117-f0a6-4dd5-9476-37c8c1b69146,531,balasaheb.zalki@doordash.com,Balasaheb  Zalki,guest,,2020-08-27 00:00:00,True,Maharashtra
7080deb6-aa6f-440e-bf2d-ee6edb7aa3ed,531,parvathy.shikare@doordash.com,Parvathy  Shikare,admin,,2020-03-14 00:00:00,True,Maharashtra
1b9dba22-30cb-455a-b353-400771dbdedf,531,sakharambapu.mahadeo@doordash.com,Sakharambapu Mahadeo,member,,2020-08-18 00:00:00,True,Maharashtra
50eb3424-dd6c-42bf-b358-1590cf3c3997,531,laxmibai.dnyandev@doordash.com,Laxmibai Dnyandev,admin,,2020-06-09 00:00:00,True,Maharashtra
190e1441-f293-4806-aca5-b74442a25ca9,531,vikram.khandekar@doordash.com,Vikram  Khandekar,admin,,2020-02-11 00:00:00,True,Maharashtra
ef8e47aa-e49d-437a-9dbc-987632bfa8ee,531,divya.shinde@doordash.com,Divya  Shinde,member,,2020-09-19 00:00:00,True,Maharashtra
407f958a-d526-4e76-a4bb-dd5a07325ad6,531,baloba.kambli@doordash.com,Baloba Kambli,guest,,2020-03-28 00:00:00,True,Maharashtra
b075d7e5-f809-4671-9a4e-e167f0100eca,531,ushatai.vishwajeet@doordash.com,Ushatai Vishwajeet,guest,,2020-04-07 00:00:00,True,Maharashtra
00ffbf3e-8574-4f91-84e5-cba1ce93d84d,531,baghobaba.chudamani@doordash.com,Baghobaba Chudamani,member,,2020-09-09 00:00:00,True,Maharashtra
093548f4-b260-4ac1-816f-d0f9e2d69b8c,531,swati.apte@doordash.com,Swati  Apte,limited_access,,2020-05-09 00:00:00,True,Maharashtra
16c89247-759e-41b9-85fe-e1996e86ce72,531,baghobaba.dhamangaonkar@doordash.com,Baghobaba Dhamangaonkar,member,,2020-07-12 00:00:00,True,Maharashtra
220bcca4-c190-4768-a313-60fd7fdc9c3f,531,vittai.tulpule1@doordash.com,Vittai Tulpule,admin,,2020-04-09 00:00:00,True,Maharashtra
50a3d0f2-0a3a-4211-adbd-009872598159,531,dattatray.kharche@doordash.com,Dattatray  Kharche,limited_access,,2020-07-22 00:00:00,True,Maharashtra
4168b1c7-db96-48a7-a9a7-3d4f06faad2b,531,hemanti.wagh@doordash.com,Hemanti  Wagh,limited_access,,2020-11-27 00:00:00,True,Maharashtra
9e31bed2-59d8-4b41-ab1a-6d3126787e20,531,kondoba.mhaske@doordash.com,Kondoba Mhaske,guest,,2020-05-08 00:00:00,True,Maharashtra
b317dd92-f16c-4c76-8623-f8f5038bcf8a,531,smita.kale@doordash.com,Smita  Kale,limited_access,,2020-06-26 00:00:00,True,Maharashtra
7dba69a1-92ab-427e-84e7-b890d4eab825,531,pravin.nath@doordash.com,Pravin  Nath,admin,,2020-03-11 00:00:00,True,Maharashtra
23e0d04e-0bec-4f48-8334-0962cc209de3,531,ramadevi.chavan@doordash.com,Ramadevi Chavan,limited_access,,2020-01-29 00:00:00,True,Maharashtra
789aa3b5-70d6-478d-ad30-5e42512abe1d,531,annasaheb.naik@doordash.com,Annasaheb Naik,guest,,2020-10-24 00:00:00,True,Maharashtra
9c8af9ba-cafd-432a-b5d4-337fe2baedef,531,savithry.kadam@doordash.com,Savithry  Kadam,limited_access,,2020-12-31 00:00:00,True,Maharashtra
68fb51d7-e90a-495e-8a3c-05aef5c159ac,531,vishal.more@doordash.com,Vishal  More,member,,2020-11-21 00:00:00,True,Maharashtra
41f5569b-ddc5-40c2-af91-01e980dc08de,531,padmadevi.rathod@doordash.com,Padmadevi Rathod,limited_access,,2020-01-30 00:00:00,True,Maharashtra
d32b8f3b-8fd1-4e1e-8547-9eec934b8a70,531,chetan.tulpule@doordash.com,Chetan  Tulpule,member,,2020-04-03 00:00:00,True,Maharashtra
47c0b8b5-13a4-4291-af6d-1a42f2426337,531,kamakka.modi@doordash.com,Kamakka Modi,guest,,2020-12-15 00:00:00,True,Maharashtra
c88fadef-4fbc-44c0-9b48-8ec7b0acb076,531,martandrao.zambare@doordash.com,Martandrao Zambare,guest,,2020-06-13 00:00:00,True,Maharashtra
81c53b4a-aeec-4623-8b77-680a16e6032b,531,vidya.holkar@doordash.com,Vidya  Holkar,guest,,2020-11-25 00:00:00,True,Maharashtra
f8cb9f90-6fa8-4595-8b0f-3151fa396a21,531,niraj.chudamani@doordash.com,Niraj  Chudamani,guest,,2020-06-04 00:00:00,True,Maharashtra
fca00e9f-fc49-4580-9ac6-d6e6e3ef19da,531,ishita.dhole@doordash.com,Ishita  Dhole,member,,2020-04-26 00:00:00,True,Maharashtra
06071b3d-d5e9-45ba-b3d0-6095679c783b,531,vitthalbhai.suryawanshi@doordash.com,Vitthalbhai Suryawanshi,member,,2020-03-31 00:00:00,True,Maharashtra
729c9aa9-cc2e-48fc-ba4e-a8bddd769c57,531,meenatai.wani@doordash.com,Meenatai Wani,guest,,2020-08-02 00:00:00,True,Maharashtra
120d28ee-9ecb-4c32-8a5e-0067dfc95d22,531,tanay.wadkar@doordash.com,Tanay  Wadkar,guest,,2020-07-12 00:00:00,True,Maharashtra
ad9be62b-a49e-4b1f-a907-a0f48cdaafa9,531,ujjwala.marathe@doordash.com,Ujjwala  Marathe,admin,,2020-05-23 00:00:00,True,Maharashtra
e5afa153-0928-4501-8fb5-a04f554a9110,531,pravin.sarkar@doordash.com,Pravin  Sarkar,admin,,2020-09-03 00:00:00,True,Maharashtra
bce6f0ac-f970-4619-87aa-00eb7c3825a2,531,kamakka.tambay@doordash.com,Kamakka Tambay,admin,,2020-12-12 00:00:00,True,Maharashtra
2612d447-bdef-4c77-9a85-a489e2a0a9d6,531,anand.bhavsar@doordash.com,Anand  Bhavsar,member,,2020-01-31 00:00:00,True,Maharashtra
3183020c-f98b-4f2a-b0ae-2abafa455b8b,531,rakhamai.khot@doordash.com,Rakhamai Khot,admin,,2020-04-20 00:00:00,True,Maharashtra
3383f00b-ecec-4674-8696-7c22bda6b45b,531,bajirao.bhanushali@doordash.com,Bajirao Bhanushali,member,,2020-03-22 00:00:00,True,Maharashtra
59dfee7f-611a-4b9e-9ebe-8264468cfaa8,531,vittai.kumbhar@doordash.com,Vittai Kumbhar,admin,,2020-06-06 00:00:00,True,Maharashtra
90ff877b-ebd3-46c8-94c6-15fa1a31e0f9,531,keshubhai.khan@doordash.com,Keshubhai Khan,guest,,2020-09-08 00:00:00,True,Maharashtra
218ee1a6-0cb4-4870-a0a3-6f91af6f93ec,531,bharti.jadhaw@doordash.com,Bharti  Jadhaw,guest,,2020-01-21 00:00:00,True,Maharashtra
7e8111a8-fc94-4f04-a45e-fe8e10a13d37,531,dataji.tambe@doordash.com,Dataji  Tambe,member,,2020-10-14 00:00:00,True,Maharashtra
5e8f5011-3153-48bc-89ce-2d13720d9537,531,anuradharaje.jadhav@doordash.com,Anuradharaje Jadhav,guest,,2020-11-25 00:00:00,True,Maharashtra
da6e7891-1015-4435-81dd-2c879eb4bb6f,531,vitthalbhai.patankar@doordash.com,Vitthalbhai Patankar,limited_access,,2020-06-12 00:00:00,True,Maharashtra
155601d0-5bb5-46af-8447-341f773a6138,531,durga.pooja@doordash.com,Durga  Pooja,admin,,2020-12-16 00:00:00,True,Maharashtra
434848eb-c579-4a7f-97c9-0e1acf43bc18,531,nandkishore.apte@doordash.com,Nandkishore  Apte,member,,2020-04-21 00:00:00,True,Maharashtra
ac325a3e-b27a-4b39-a257-0fc71d8b6462,531,meenatai.suryawanshi@doordash.com,Meenatai Suryawanshi,admin,,2020-10-13 00:00:00,True,Maharashtra
424f0406-6c86-4e00-b4f9-5d39bcfd1033,531,tanaji.adkar@doordash.com,Tanaji Adkar,limited_access,,2020-03-10 00:00:00,True,Maharashtra
dc3b1621-537e-4976-8bf8-d67dce2ccb16,531,meenatai.vishwajeet@doordash.com,Meenatai Vishwajeet,limited_access,,2020-09-10 00:00:00,True,Maharashtra
cdef5df3-6253-457e-9afd-59dd7f80cd10,531,sakharambapu.mhatre@doordash.com,Sakharambapu Mhatre,limited_access,,2020-11-30 00:00:00,True,Maharashtra
68ab0240-a8b3-47bd-9d70-e19736a50815,531,geetatai.kharche@doordash.com,Geetatai Kharche,admin,,2020-11-30 00:00:00,True,Maharashtra
d6d98d6b-0bba-4a34-bc4e-be589d9f94b5,531,triyambak.pingle@doordash.com,Triyambak  Pingle,member,,2020-11-02 00:00:00,True,Maharashtra
c291cfd1-7e9e-43d8-a40a-0ad4517131a7,531,meenatai.marathe@doordash.com,Meenatai Marathe,guest,,2020-04-20 00:00:00,True,Maharashtra
60b929b6-3cfd-48a5-acf3-dba52c876306,531,jagdish.dnyandev@doordash.com,Jagdish  Dnyandev,limited_access,,2020-02-24 00:00:00,True,Maharashtra
d1f5f897-6b63-4c5c-b77f-28df6b052e64,531,meenatai.zarde@doordash.com,Meenatai Zarde,member,,2020-12-31 00:00:00,True,Maharashtra
d043d8c6-0304-48bc-85ee-44141f5403c9,531,babanrao.sarkar@doordash.com,Babanrao Sarkar,admin,,2020-05-07 00:00:00,True,Maharashtra
ca270652-eba4-4935-b6d9-13690637e352,531,vittai.mahajan@doordash.com,Vittai Mahajan,member,,2020-09-15 00:00:00,True,Maharashtra
8265b158-b29e-449c-99e5-eb32b067f390,531,bhausaheb.chudamani@doordash.com,Bhausaheb  Chudamani,guest,,2020-05-14 00:00:00,True,Maharashtra
675555e8-adbc-4898-b61b-6ded26bd542f,531,ramadevi.bhanushali@doordash.com,Ramadevi Bhanushali,member,,2020-11-01 00:00:00,True,Maharashtra
e8c35b68-9547-47ee-a9a1-8869895068a0,531,vinayaksaheb.jadhav@doordash.com,Vinayaksaheb Jadhav,guest,,2020-03-15 00:00:00,True,Maharashtra
24b8f474-4619-4a13-b915-e482acc4d1db,531,kaminitai.wani@doordash.com,Kaminitai Wani,member,,2020-10-07 00:00:00,True,Maharashtra
5222a8cc-de81-498d-b66a-9f85ad8c4328,531,vilasrao.gajanan@doordash.com,Vilasrao Gajanan,admin,,2020-11-22 00:00:00,True,Maharashtra
b17ac2f1-7b27-45bf-bd95-bd208f0ae7a6,531,vrinda.haware@doordash.com,Vrinda  Haware,guest,,2020-03-27 00:00:00,True,Maharashtra
3ae8f379-511b-492f-ad06-ac877683edc5,531,ballabhbhai.khatri@doordash.com,Ballabhbhai Khatri,member,,2020-08-25 00:00:00,True,Maharashtra
c2f22bce-644a-44e1-b425-ab5158594ddf,531,shruti.patil@doordash.com,Shruti  Patil,guest,,2020-03-07 00:00:00,True,Maharashtra
5c1af265-e49f-441f-815f-569df3090509,531,dinesh.jadhav@doordash.com,Dinesh  Jadhav,member,,2020-02-19 00:00:00,True,Maharashtra
4b4523bc-a6e1-4dc3-accc-cf4c002862be,531,meenatai.suryawanshi1@doordash.com,Meenatai Suryawanshi,guest,,2020-01-30 00:00:00,True,Maharashtra
4a39d711-835d-4ee0-b367-e5e2fa24d193,531,vasantrao.gandhi@doordash.com,Vasantrao Gandhi,limited_access,,2020-06-30 00:00:00,True,Maharashtra
c13d0936-d997-4c9e-a293-8d1699990930,531,ushatai.jangid@doordash.com,Ushatai Jangid,admin,,2020-04-17 00:00:00,True,Maharashtra
1a95ea5d-108e-41e7-a532-b0bbe940bc2b,531,sakharambapu.chitre@doordash.com,Sakharambapu Chitre,member,,2020-12-16 00:00:00,True,Maharashtra
c14ce29c-d912-47e9-8c59-fb712adf19d0,531,vittai.vichare@doordash.com,Vittai Vichare,guest,,2020-04-25 00:00:00,True,Maharashtra
34379345-1f8d-488c-8cfe-b0f427e3b146,531,bajiraosaheb.desai@doordash.com,Bajiraosaheb Desai,admin,,2020-10-01 00:00:00,True,Maharashtra
86a148c4-30e1-40de-8629-06f6c448c251,531,damini.dhumal@doordash.com,Damini  Dhumal,guest,,2020-11-26 00:00:00,True,Maharashtra
d52c4555-4472-49cd-92ee-ec1c8552496f,531,sakharambapu.gajra@doordash.com,Sakharambapu Gajra,guest,,2020-03-21 00:00:00,True,Maharashtra
c62fb80c-f7f6-4729-9250-0c9b707e1760,531,yashodhararaje.chitre@doordash.com,Yashodhararaje Chitre,member,,2020-02-18 00:00:00,True,Maharashtra
9c0ec533-26db-4b7f-b3f8-0319a62efc8b,531,dattasaheb.mhatre@doordash.com,Dattasaheb Mhatre,guest,,2020-08-27 00:00:00,True,Maharashtra
143ea2a9-947d-4fe4-85ea-a5f6269e921e,531,kamakka.marathe@doordash.com,Kamakka Marathe,guest,,2020-12-17 00:00:00,True,Maharashtra
245a8c8e-46d0-4ae7-af23-5dc153d40336,531,balasaheb.naik@doordash.com,Balasaheb  Naik,guest,,2020-03-09 00:00:00,True,Maharashtra
df8b4d12-706c-4092-8870-fef054c65912,531,usharaje.dhumal@doordash.com,Usharaje Dhumal,guest,,2020-12-12 00:00:00,True,Maharashtra
9735e00f-8148-4a9f-af6c-ed7f7ebff838,531,rajeev.vaz@doordash.com,Rajeev  Vaz,guest,,2020-03-30 00:00:00,True,Maharashtra
dad29714-15b2-4332-961a-2e7c7bb8fda8,531,bhaktitai.gondhalekar@doordash.com,Bhaktitai Gondhalekar,admin,,2020-02-23 00:00:00,True,Maharashtra
d0a5191a-529a-43d0-82e1-c50cab5ae3fd,531,ujjwal.kharche@doordash.com,Ujjwal  Kharche,admin,,2020-11-12 00:00:00,True,Maharashtra
4dea363e-79e1-4c34-afd8-ca3d8d840662,531,rashmi.jadhaw@doordash.com,Rashmi  Jadhaw,guest,,2020-06-17 00:00:00,True,Maharashtra
d49fd6f9-5aee-4361-b130-df412f07a51e,531,nitinsaheb.mane@doordash.com,Nitinsaheb Mane,guest,,2020-01-16 00:00:00,True,Maharashtra
839995ce-60ed-4056-b884-2dacc4db74b1,531,vittai.shinde@doordash.com,Vittai Shinde,member,,2020-02-15 00:00:00,True,Maharashtra
57b70c4a-06da-4627-8a68-b9c04399e23b,531,tejas.rathod@doordash.com,Tejas  Rathod,admin,,2020-01-04 00:00:00,True,Maharashtra
14e80eec-8604-4928-a5c2-a241e9913963,531,devikarani.kolhe@doordash.com,Devikarani Kolhe,member,,2020-09-02 00:00:00,True,Maharashtra
a6785b1a-9575-4730-99bb-d80e09d9ffb1,531,chimmanrao.shinde@doordash.com,Chimmanrao Shinde,member,,2020-09-08 00:00:00,True,Maharashtra
483ff3fd-3367-4102-aacb-b7ffd9c71c50,531,rajini.gondhale@doordash.com,Rajini  Gondhale,admin,,2020-06-01 00:00:00,True,Maharashtra
8c763a1f-bf36-44c4-b1c6-27eb3d9dd2d1,531,haribhau.nadkarni@doordash.com,Haribhau Nadkarni,limited_access,,2020-11-07 00:00:00,True,Maharashtra
69f44cda-ad32-45ec-be22-913b80e0220e,531,sonabai.mahadik@doordash.com,Sonabai Mahadik,member,,2020-02-17 00:00:00,True,Maharashtra
82754581-1eb7-40ab-91dd-6b0f42cedbfc,531,bharat.khandekar@doordash.com,Bharat  Khandekar,member,,2020-08-30 00:00:00,True,Maharashtra
5e259c67-e30c-4d02-90a8-1de5c22fbc14,531,kiran.kulkarni@doordash.com,Kiran  Kulkarni,admin,,2020-03-27 00:00:00,True,Maharashtra
a84e8f33-103a-4d14-a211-624849189fdf,531,raghunath.zalki@doordash.com,Raghunath  Zalki,member,,2020-03-29 00:00:00,True,Maharashtra
2d03f50b-1ae6-4c0b-ac1c-45b72fef3032,531,niranjana.joshi@doordash.com,Niranjana  Joshi,admin,,2020-04-04 00:00:00,True,Maharashtra
1900bff9-8fbd-4677-9e86-5b1a81711f19,531,haribhau.bhagat@doordash.com,Haribhau Bhagat,guest,,2020-02-25 00:00:00,True,Maharashtra
025d07b4-ec61-4388-96c7-e35949a4b91b,531,leela.joshi@doordash.com,Leela  Joshi,admin,,2020-12-04 00:00:00,True,Maharashtra
9c9c957c-2b44-4874-8b7d-5babc2187b0d,531,aditya.jain@doordash.com,Aditya  Jain,member,,2020-05-06 00:00:00,True,Maharashtra
0660dba7-4013-4393-81cd-b13ff967413a,531,bhagirathi.gawali@doordash.com,Bhagirathi  Gawali,admin,,2020-12-12 00:00:00,True,Maharashtra
3ce52285-c425-4834-ad95-040f00f30a44,531,sagar.vijay@doordash.com,Sagar  Vijay,member,,2020-01-25 00:00:00,True,Maharashtra
bb10279a-b176-41e9-9ae2-3b8170b32ca0,531,madhuri.dabhade@doordash.com,Madhuri  Dabhade,member,,2020-12-31 00:00:00,True,Maharashtra
cfbc0b8d-3542-461a-a06e-db2ee6b04d39,531,vibhav.bhavsar@doordash.com,Vibhav  Bhavsar,limited_access,,2020-09-25 00:00:00,True,Maharashtra
90dd4da7-fe95-449a-918b-76208ce9f5d8,531,devikarani.jadhaw@doordash.com,Devikarani Jadhaw,member,,2020-09-06 00:00:00,True,Maharashtra
a375f952-3a4c-4ca0-8584-fc245ac9b8ca,531,sakharambapu.mehta@doordash.com,Sakharambapu Mehta,member,,2020-03-09 00:00:00,True,Maharashtra
b5777576-7368-493a-84e9-d92d0741b489,531,pooja.khatri@doordash.com,Pooja  Khatri,admin,,2020-06-09 00:00:00,True,Maharashtra
c01fb596-7447-441f-99af-01e20c767153,531,baban.patil@doordash.com,Baban  Patil,admin,,2020-08-19 00:00:00,True,Maharashtra
7def98af-2a16-40f3-b793-02d0e46fc6b1,531,prabha.sawant@doordash.com,Prabha  Sawant,member,,2020-08-30 00:00:00,True,Maharashtra
c7e83231-5853-4896-9646-58ab41d707a0,531,eknath.agarkar@doordash.com,Eknath  Agarkar,member,,2020-11-21 00:00:00,True,Maharashtra
a1e68c62-3c2a-4459-b6e2-d74f0054458b,531,kavitha.vasudev@doordash.com,Kavitha  Vasudev,admin,,2020-09-05 00:00:00,True,Maharashtra
330f2aa9-bd51-4f0a-94da-f727bc506bfd,531,nanasaheb.sarkar@doordash.com,Nanasaheb Sarkar,limited_access,,2020-02-10 00:00:00,True,Maharashtra
4a737473-58c2-4c0a-b261-5f7e4ccea81c,531,sumati.khan@doordash.com,Sumati  Khan,member,,2020-02-27 00:00:00,True,Maharashtra
f4fab1ef-7069-4142-90e0-b81f1ae53940,531,dattopant.sawant@doordash.com,Dattopant  Sawant,admin,,2020-06-05 00:00:00,True,Maharashtra
f47faeb0-0dd9-4f4b-841b-e0487ff7a6e5,531,mitharani.vangale@doordash.com,Mitharani Vangale,member,,2020-03-22 00:00:00,True,Maharashtra
4b312eb9-3c65-4d0c-8373-6d43470e052f,531,bajirao.vasudev@doordash.com,Bajirao Vasudev,limited_access,,2020-02-20 00:00:00,True,Maharashtra
02c10436-4745-45db-832b-c3b30fff1b8a,531,priyanka.shinde@doordash.com,Priyanka  Shinde,admin,,2020-06-12 00:00:00,True,Maharashtra
e3a2cd24-fab9-4e67-97c2-0a22460e687b,531,abhijeet.bhattacharjee@doordash.com,Abhijeet Bhattacharjee,guest,,2020-12-25 00:00:00,True,Assam
4c3e5029-2e54-4b19-806b-296b2a90c9b4,531,suraj.dihingia@doordash.com,Suraj Dihingia,admin,,2020-09-08 00:00:00,True,Assam
8cfaacdf-c337-4bfb-9cdd-1ce80a0211b8,531,jashwin.barua@doordash.com,Jashwin Barua,limited_access,,2020-08-22 00:00:00,True,Assam
25a4ab7b-2e97-4ef8-a80a-3a574099285e,531,mukeshwar.kataki@doordash.com,Mukeshwar Kataki,guest,,2020-01-15 00:00:00,True,Assam
0b1260d9-94c1-4ace-85c2-7e864f0ad5e9,531,debojit.mishra@doordash.com,Debojit Mishra,admin,,2020-06-30 00:00:00,True,Assam
f34b475e-bacd-4187-ad76-3fd641063486,531,raghav.sarmah@doordash.com,Raghav Sarmah,member,,2020-04-21 00:00:00,True,Assam
42dfe6cf-d020-4b29-97b8-4d44a971012c,531,minank.upadhyaya@doordash.com,Minank Upadhyaya,guest,,2020-02-11 00:00:00,True,Assam
ce6f0f79-a61f-4698-995d-388a05ed8550,531,nirmal.bhagawati@doordash.com,Nirmal Bhagawati,admin,,2020-11-09 00:00:00,True,Assam
edf688a7-7eca-4241-bd75-c1b34a24b694,531,rajendra.rajkhowa@doordash.com,Rajendra Rajkhowa,limited_access,,2020-04-12 00:00:00,True,Assam
348eb6e7-1ea6-46c3-8be7-b28fa6af4416,531,parthiban.dihingia@doordash.com,Parthiban Dihingia,guest,,2020-04-07 00:00:00,True,Assam
e1d40a9b-35ce-4670-999b-398565f3db7d,531,lakshan.dasgupta@doordash.com,Lakshan Dasgupta,admin,,2020-12-15 00:00:00,True,Assam
e1fc5b67-7512-4c67-abcb-3331344b27d9,531,chirantanesh.pathak@doordash.com,Chirantanesh Pathak,guest,,2020-12-22 00:00:00,True,Assam
7bb8a71c-2e3e-4470-ae50-755070213f91,531,chitragupt.bhagawati@doordash.com,Chitragupt Bhagawati,limited_access,,2020-02-10 00:00:00,True,Assam
5f87e890-5faa-4f5b-b057-02663b71d33d,531,chitranjan.hazarika@doordash.com,Chitranjan Hazarika,admin,,2020-06-29 00:00:00,True,Assam
7ca6be8f-8f47-468f-be4f-caa956213cd4,531,akhileshwar.goswami@doordash.com,Akhileshwar Goswami,member,,2020-08-24 00:00:00,True,Assam
e1ae1d88-9087-451e-993a-915a49bf074f,531,ankit.chakravarty@doordash.com,Ankit Chakravarty,limited_access,,2020-11-24 00:00:00,True,Assam
3e1254d3-ecc3-4468-a07c-5081d9a725ea,531,mahendra.bhagawati@doordash.com,Mahendra Bhagawati,member,,2020-05-13 00:00:00,True,Assam
3d999411-c60e-43ab-90e8-89c3c55737e2,531,paritosh.bezbaruah@doordash.com,Paritosh Bezbaruah,admin,,2020-12-21 00:00:00,True,Assam
406c6b4d-94ae-41e1-8f51-c0ac03040ec5,531,siddhartha.dasgupta@doordash.com,Siddhartha Dasgupta,limited_access,,2020-11-27 00:00:00,True,Assam
50b140e2-7f47-485f-b9a3-950202758d0f,531,pravendra.bordoloi@doordash.com,Pravendra Bordoloi,admin,,2020-05-24 00:00:00,True,Assam
e0d38290-ae94-4220-8be6-207384fae020,531,mohan.laskar@doordash.com,Mohan Laskar,limited_access,,2020-05-09 00:00:00,True,Assam
8480713f-8bbb-4b49-a2d5-c2af521ee186,531,loknath.kakati@doordash.com,Loknath Kakati,admin,,2020-07-27 00:00:00,True,Assam
e70aeaa4-98b0-4b95-af96-6b5e136866ba,531,gokulnath.choudhury@doordash.com,Gokulnath Choudhury,guest,,2020-06-05 00:00:00,True,Assam
745e9f23-7aa5-4333-8dd2-18611d7d09a0,531,madhukanta.mazumdar@doordash.com,Madhukanta Mazumdar,admin,,2020-07-07 00:00:00,True,Assam
59035753-21c9-4a3c-ba18-83b6638ae3ba,531,nitindev.khound@doordash.com,Nitindev Khound,limited_access,,2020-03-23 00:00:00,True,Assam
5db89e0f-d92f-45d1-af16-9339f7f1d94d,531,nakul.purkayastha@doordash.com,Nakul Purkayastha,guest,,2020-01-26 00:00:00,True,Assam
15dfd62b-bab2-4ebe-8c04-4036a3642094,531,jayanta.saikiya@doordash.com,Jayanta Saikiya,guest,,2020-04-28 00:00:00,True,Assam
921f9704-79f5-4c04-981f-699fa163db9e,531,shyam.mahanta@doordash.com,Shyam Mahanta,guest,,2020-06-05 00:00:00,True,Assam
0c422d9c-8e38-450b-b13c-101ea340b495,531,maniram.sarma@doordash.com,Maniram Sarma,admin,,2020-03-05 00:00:00,True,Assam
ff9c7313-682f-48c0-a365-5e0dd7f47403,531,bishwajit.borah@doordash.com,Bishwajit Borah,admin,,2020-11-27 00:00:00,True,Assam
68fdda3a-59e9-455b-b428-a0df2e9cc845,531,shantanu.mazumdar@doordash.com,Shantanu Mazumdar,limited_access,,2020-08-18 00:00:00,True,Assam
6073fcf0-cea0-43f6-93a4-f0ab77275c4f,531,bhupendrith.bhagawati@doordash.com,Bhupendrith Bhagawati,guest,,2020-04-21 00:00:00,True,Assam
684b140a-7935-4f7c-b41e-a4b35d5ccea8,531,kanhaiya.bhattacharjee@doordash.com,Kanhaiya Bhattacharjee,limited_access,,2020-09-24 00:00:00,True,Assam
19b7a4e4-0333-49d3-b8af-bc80ef53eb1e,531,shovan.barman@doordash.com,Shovan Barman,admin,,2020-09-25 00:00:00,True,Assam
5d362f0d-4ad9-4c81-994b-57b8e002a801,531,monoj.dihingia@doordash.com,Monoj Dihingia,admin,,2020-06-01 00:00:00,True,Assam
7b19d952-c9c7-4e59-bea9-82bd08aa4119,531,ayushman.sikdar@doordash.com,Ayushman Sikdar,guest,,2020-08-25 00:00:00,True,Assam
ba7a93fe-ae57-49e5-b241-0c0db03dffc5,531,hiteshwari.barman@doordash.com,Hiteshwari Barman,guest,,2020-10-09 00:00:00,True,Assam
e55e581c-ccfa-4c25-8fd6-777d32f6d620,531,manoj.medhi@doordash.com,Manoj Medhi,limited_access,,2020-03-15 00:00:00,True,Assam
a4bc408f-be0c-4bce-8a7b-7249ee7ce240,531,gobindaprasad.talukdar@doordash.com,Gobindaprasad Talukdar,member,,2020-09-13 00:00:00,True,Assam
d454c141-8480-4e07-920f-74eccb655566,531,pranjal.gogoi@doordash.com,Pranjal Gogoi,limited_access,,2020-09-11 00:00:00,True,Assam
983029fa-e785-443b-8af7-3b9dd466bcaa,531,nilay.medhi@doordash.com,Nilay Medhi,limited_access,,2020-12-23 00:00:00,True,Assam
f004f763-846a-45f3-8485-adbb9f138860,531,gokulpradip.goswami@doordash.com,Gokulpradip Goswami,member,,2020-11-27 00:00:00,True,Assam
e5a3c011-690f-4863-8ade-5556c01fbac6,531,nitindev.maheshwari@doordash.com,Nitindev Maheshwari,guest,,2020-05-21 00:00:00,True,Assam
85417857-90f6-460f-a342-243bf8c41042,531,purnanand.saikia@doordash.com,Purnanand Saikia,guest,,2020-07-13 00:00:00,True,Assam
c5ad9165-2c7f-4c62-9c71-ccd2f421dad0,531,jugal.medhi@doordash.com,Jugal Medhi,member,,2020-12-14 00:00:00,True,Assam
d22b9c7d-1ee2-475c-903c-a63c59926e1e,531,gauribhadra.bhuyan@doordash.com,Gauribhadra Bhuyan,admin,,2020-01-21 00:00:00,True,Assam
1cc4c57a-e8bc-4f0d-97cc-82d3fccbec9e,531,shreyas.saikia@doordash.com,Shreyas Saikia,limited_access,,2020-10-06 00:00:00,True,Assam
7a972abd-410f-478a-92f1-16e336ea98e0,531,umesh.pegu@doordash.com,Umesh Pegu,member,,2020-12-21 00:00:00,True,Assam
5dc2b138-d9de-4403-801d-9a87c5bb0112,531,madhavendra.maharana@doordash.com,Madhavendra Maharana,member,,2020-02-10 00:00:00,True,Assam
b2905dda-594e-4e43-95e4-373e789a5dc8,531,tithiraj.mishra@doordash.com,Tithiraj Mishra,limited_access,,2020-08-27 00:00:00,True,Assam
039a7d71-abd9-4559-a456-5f4c38d0e649,531,dastan.dasgupta@doordash.com,Dastan Dasgupta,admin,,2020-12-21 00:00:00,True,Assam
a3afaf3b-78da-4ee0-9d09-b6ce4682524c,531,neel.bishwas@doordash.com,Neel Bishwas,member,,2020-11-19 00:00:00,True,Assam
ae1a5f8e-5a5e-4fb8-9d27-0b84f3524025,531,sankar.barman@doordash.com,Sankar Barman,member,,2020-05-27 00:00:00,True,Assam
7f94f444-d59f-4db6-aa4d-4d70570836d2,531,debaprasad.sarma@doordash.com,Debaprasad Sarma,admin,,2020-01-08 00:00:00,True,Assam
32018aeb-4715-49d7-bf2a-4665b41ec77a,531,dhirendra.hazarika@doordash.com,Dhirendra Hazarika,guest,,2020-06-17 00:00:00,True,Assam
aba0879c-b351-4fe6-a36e-a8161ed3e743,531,banindra.sikdar@doordash.com,Banindra Sikdar,member,,2020-06-14 00:00:00,True,Assam
e3ce3944-e780-4ba4-a014-3ad784ad33ae,531,rajib.bishwas@doordash.com,Rajib Bishwas,guest,,2020-08-07 00:00:00,True,Assam
fed96fd2-76bf-4291-9f64-325584663096,531,anandvijay.saikiya@doordash.com,Anandvijay Saikiya,member,,2020-10-19 00:00:00,True,Assam
c0a493d5-0ce6-4f97-9a9d-447ae4f1bfb3,531,tanmay.tamuli@doordash.com,Tanmay Tamuli,admin,,2020-11-12 00:00:00,True,Assam
40f00c4b-9d41-4283-a0de-9147619cfa92,531,bishmendra.bharali@doordash.com,Bishmendra Bharali,limited_access,,2020-11-03 00:00:00,True,Assam
7979889c-a5fc-4d89-9b97-aa459b0b039c,531,durjayit.choudhury@doordash.com,Durjayit Choudhury,admin,,2020-11-17 00:00:00,True,Assam
adf7da5c-abaa-4738-92ec-c92388f5ea85,531,hemnath.saikiya@doordash.com,Hemnath Saikiya,member,,2020-09-24 00:00:00,True,Assam
7f52c606-18e9-46f3-ad69-f2a0efef0fc2,531,tejesh.kakati@doordash.com,Tejesh Kakati,guest,,2020-04-13 00:00:00,True,Assam
ebf7abb2-c202-42ac-bf82-8cb069efea1c,531,madhabnath.pegu@doordash.com,Madhabnath Pegu,guest,,2020-05-04 00:00:00,True,Assam
37d4146b-3f5a-4e6c-ab12-370423b9e98a,531,jitendranath.gayan@doordash.com,Jitendranath Gayan,limited_access,,2020-01-14 00:00:00,True,Assam
bcd5b85c-f1ad-4853-9792-17bdad5b57cd,531,dhrubajyoti.chaliha@doordash.com,Dhrubajyoti Chaliha,limited_access,,2020-05-12 00:00:00,True,Assam
fae25ef5-db27-4266-92a9-f8d54fb129dd,531,arnabendra.bharali@doordash.com,Arnabendra Bharali,guest,,2020-04-14 00:00:00,True,Assam
05efb5c4-6c8a-4911-bb0f-8345865f8da7,531,bhanuprasad.deka@doordash.com,Bhanuprasad Deka,guest,,2020-12-19 00:00:00,True,Assam
74255997-b188-4fed-b050-ba8cbf470ba7,531,bhanuprakash.barpatra@doordash.com,Bhanuprakash Barpatra,admin,,2020-01-19 00:00:00,True,Assam
ad5ec0df-415e-4728-82d0-61a60fc84ace,531,debashree.sarmah@doordash.com,Debashree Sarmah,guest,,2020-04-30 00:00:00,True,Assam
13516ee8-67bb-4900-be34-a15e2e83d629,531,manojh.chaliha@doordash.com,Manojh Chaliha,limited_access,,2020-06-13 00:00:00,True,Assam
69dd0e45-304d-4e38-a7a6-0fc91b702543,531,jitendranath.sikdar@doordash.com,Jitendranath Sikdar,member,,2020-01-08 00:00:00,True,Assam
687a3218-510a-475b-a533-c78ed1d3f17f,531,bhairabendra.talukdar@doordash.com,Bhairabendra Talukdar,admin,,2020-07-05 00:00:00,True,Assam
151d11f0-d169-4d30-9f7f-263cadf66b93,531,kanhaiya.phukan@doordash.com,Kanhaiya Phukan,admin,,2020-06-30 00:00:00,True,Assam
5110b73e-fcf2-40ca-b4cd-078acd49c931,531,bibhav.saikiya@doordash.com,Bibhav Saikiya,member,,2020-07-31 00:00:00,True,Assam
0f9052e3-2059-40bb-953b-5bd64a88b178,531,bishmendra.sinha@doordash.com,Bishmendra Sinha,limited_access,,2020-05-31 00:00:00,True,Assam
4f456df6-cd15-43d9-b714-30a2362e5c2b,531,badrinath.pegu@doordash.com,Badrinath Pegu,member,,2020-03-31 00:00:00,True,Assam
369af6f0-1bca-4218-9711-9995197064a1,531,sumanish.khanikar@doordash.com,Sumanish Khanikar,limited_access,,2020-07-18 00:00:00,True,Assam
14990c40-7be9-46f4-b477-a76a6283414f,531,shyaminder.baroowa@doordash.com,Shyaminder Baroowa,member,,2020-02-07 00:00:00,True,Assam
5ea07ead-f011-4342-8b4e-aa603b07e9d7,531,gobindaprasad.dasgupta@doordash.com,Gobindaprasad Dasgupta,member,,2020-11-09 00:00:00,True,Assam
25688473-4133-45f8-8992-666264bd4e38,531,jayanta.bora@doordash.com,Jayanta Bora,member,,2020-04-02 00:00:00,True,Assam
41454f83-0aa6-4e4e-8ff6-965550ca0714,531,gokulnath.dutta@doordash.com,Gokulnath Dutta,member,,2020-07-24 00:00:00,True,Assam
1dfc3e7e-f354-4a3e-be07-020098f9b2e3,531,ujjwal.chaliha@doordash.com,Ujjwal Chaliha,admin,,2020-03-26 00:00:00,True,Assam
27d33326-a561-465e-8ae6-d6f1162f4ce9,531,pranadev.bharali@doordash.com,Pranadev Bharali,guest,,2020-08-02 00:00:00,True,Assam
eb1a6c11-35e2-4d82-8774-9f14f86e65d5,531,rishabhkumar.konwar@doordash.com,Rishabhkumar Konwar,member,,2020-07-05 00:00:00,True,Assam
ec6336db-0fe2-437b-8ccf-d01bc9bff2e7,531,chhatresh.sinha@doordash.com,Chhatresh Sinha,guest,,2020-04-09 00:00:00,True,Assam
44ad292e-d2d9-401c-8472-1e84afc8d7bb,531,rajkumar.boro@doordash.com,Rajkumar Boro,admin,,2020-02-13 00:00:00,True,Assam
fce5d925-e118-40ee-93e0-4b9a4095bd97,531,chayanit.mishra@doordash.com,Chayanit Mishra,limited_access,,2020-04-07 00:00:00,True,Assam
a9e83dca-8fd3-49d1-9a30-da2b455c085f,531,sukanta.deka@doordash.com,Sukanta Deka,limited_access,,2020-01-04 00:00:00,True,Assam
71c5e753-aed6-491a-9b89-9bc79b582bd1,531,gautam.maharana@doordash.com,Gautam Maharana,admin,,2020-03-21 00:00:00,True,Assam
1b0b07da-32df-41a7-a793-727004c20c07,531,arindam.borah@doordash.com,Arindam Borah,admin,,2020-02-16 00:00:00,True,Assam
fca244e8-c8ec-43e8-8f97-3b0c8debd4bd,531,damodar.bhuyan@doordash.com,Damodar Bhuyan,guest,,2020-08-18 00:00:00,True,Assam
f2614b34-4b97-4efa-aa6d-469fae4a433b,531,dastan.maheshwari@doordash.com,Dastan Maheshwari,guest,,2020-10-27 00:00:00,True,Assam
d45d5331-d7c6-4bb1-964a-a5ee2de34d78,531,bodhi.pathak@doordash.com,Bodhi Pathak,admin,,2020-06-16 00:00:00,True,Assam
2e5cc49f-4d41-4861-8a38-ec36a3c2b0bd,531,tanmay.deka@doordash.com,Tanmay Deka,limited_access,,2020-02-06 00:00:00,True,Assam
5dcc4885-198e-4179-8a4f-d0bb605c1356,531,asitendra.maharana@doordash.com,Asitendra Maharana,limited_access,,2020-08-18 00:00:00,True,Assam
718250d2-2610-47b4-a3ac-4208ca728687,531,jatin.morang@doordash.com,Jatin Morang,admin,,2020-04-03 00:00:00,True,Assam
f46c5fcf-4f96-4476-a535-9e5ac9fdf8ce,531,dhrubajit.sharma@doordash.com,Dhrubajit Sharma,limited_access,,2020-03-04 00:00:00,True,Assam
8904c2cf-ea0e-43af-8805-9cdd9324c94b,531,keshab.chaliha@doordash.com,Keshab Chaliha,admin,,2020-05-01 00:00:00,True,Assam
df23c1dc-0088-4134-9087-796ddb1783da,531,bijayendra.phukan@doordash.com,Bijayendra Phukan,guest,,2020-04-24 00:00:00,True,Assam
ef2c14e3-78ee-434a-976d-4f2d25def99c,531,ratul.nath@doordash.com,Ratul Nath,guest,,2020-02-05 00:00:00,True,Assam
fe4dd2a9-a3bd-4d33-a637-1a0521139ae7,531,nabin.hazarika@doordash.com,Nabin Hazarika,member,,2020-10-20 00:00:00,True,Assam
647a1789-3294-4d88-97d2-0151dfbea804,531,tithiraj.gogoi@doordash.com,Tithiraj Gogoi,guest,,2020-05-10 00:00:00,True,Assam
46d74a6b-0371-4d49-baad-5029c946ecaf,531,jitendranath.bezbaruah@doordash.com,Jitendranath Bezbaruah,guest,,2020-09-08 00:00:00,True,Assam
12eeaba4-bc8b-497c-8766-65b369d72fcf,531,saraswati.pujari@doordash.com,Saraswati Pujari,admin,,2020-03-24 00:00:00,True,Assam
c005312a-7b2e-4797-9066-4a2d49cbe16e,531,niranjan.laskar@doordash.com,Niranjan Laskar,member,,2020-04-28 00:00:00,True,Assam
f6598077-6621-4d47-98a6-8809934674ca,531,dineshar.borthakur@doordash.com,Dineshar Borthakur,admin,,2020-09-02 00:00:00,True,Assam
7727379f-f123-430f-9270-2d65ad17a87a,531,debashis.chakravarty@doordash.com,Debashis Chakravarty,limited_access,,2020-01-19 00:00:00,True,Assam
faf818d9-daa9-4ccc-9109-933a5f6849b5,531,dineshwar.bhattacharya@doordash.com,Dineshwar Bhattacharya,guest,,2020-08-20 00:00:00,True,Assam
1936c614-2be7-4d98-a1d7-0716255eaebb,531,kunalprasad.kumar@doordash.com,Kunalprasad Kumar,guest,,2020-02-07 00:00:00,True,Assam
00bfc363-f4b1-4806-9cb8-9fa6da6d2ffa,531,dipanjan.nath@doordash.com,Dipanjan Nath,admin,,2020-02-11 00:00:00,True,Assam
7cbce2c4-7b98-4730-abf6-70cbd7ca7135,531,anikhil.goswami@doordash.com,Anikhil Goswami,limited_access,,2020-05-28 00:00:00,True,Assam
dedff8f1-77ad-4b57-a7b9-108afd50eb46,531,raghvendra.gayan@doordash.com,Raghvendra Gayan,limited_access,,2020-12-13 00:00:00,True,Assam
afc5ff99-0cfa-42cb-a670-47501b540449,531,indranil.maheshwari@doordash.com,Indranil Maheshwari,guest,,2020-10-13 00:00:00,True,Assam
fd0284b7-5808-4a2f-9bdf-75d07e0aa156,531,rajeshwar.maharana@doordash.com,Rajeshwar Maharana,guest,,2020-04-01 00:00:00,True,Assam
069930de-9cb8-426f-bc8a-f2d4be0bb092,531,abhivrat.rajkhowa@doordash.com,Abhivrat Rajkhowa,admin,,2020-06-21 00:00:00,True,Assam
2be5dc92-6476-4c36-a1f8-2ba62493c546,531,kshamesh.sarania@doordash.com,Kshamesh Sarania,limited_access,,2020-10-22 00:00:00,True,Assam
8022d9a1-50f4-4904-8463-51e531c8200e,531,abhijoth.choudhury@doordash.com,Abhijoth Choudhury,member,,2020-02-11 00:00:00,True,Assam
05ffda0e-8ba3-42ee-85fd-2d88f2d6ccd2,531,bideshwar.bhagawati@doordash.com,Bideshwar Bhagawati,member,,2020-11-03 00:00:00,True,Assam
a066b649-901d-40ad-a6b2-eec50f4c99e1,531,rishabhkumar.pathak@doordash.com,Rishabhkumar Pathak,member,,2020-08-26 00:00:00,True,Assam
8c1c6daa-9b78-40d3-afea-cf8228a763e7,531,sudhir.kumar@doordash.com,Sudhir Kumar,guest,,2020-03-20 00:00:00,True,Assam
b5b83b40-5bda-4810-813d-6f358df78c91,531,kishore.deka@doordash.com,Kishore Deka,guest,,2020-11-19 00:00:00,True,Assam
2cb2f730-35d8-45e4-898f-4fb21ca8cd4d,531,jagannathesh.tamuli@doordash.com,Jagannathesh Tamuli,limited_access,,2020-06-03 00:00:00,True,Assam
9239249f-b79b-4662-b33a-ffdced7b6c64,531,anayak.dasgupta@doordash.com,Anayak Dasgupta,limited_access,,2020-11-15 00:00:00,True,Assam
58ce6334-bfa1-4698-b477-bef36f50d102,531,debanand.purkayastha@doordash.com,Debanand Purkayastha,member,,2020-02-12 00:00:00,True,Assam
d01cc5bc-c020-423a-85f2-27d6627819de,531,kamal.bishwas@doordash.com,Kamal Bishwas,admin,,2020-03-18 00:00:00,True,Assam
5ac834b7-d78a-42f7-9a6a-84f34b652918,531,kanhaiya.boruah@doordash.com,Kanhaiya Boruah,admin,,2020-11-08 00:00:00,True,Assam
ec77f7d9-545d-4fca-9a3c-d641303edc97,531,nayan.laskar@doordash.com,Nayan Laskar,guest,,2020-11-01 00:00:00,True,Assam
1e01828e-7614-4390-846c-b078687cb47b,531,indrajit.doley@doordash.com,Indrajit Doley,guest,,2020-12-11 00:00:00,True,Assam
ab3c8c12-9778-46e8-b3a5-9e0c8df0091b,531,arindam.goswami1@doordash.com,Arindam Goswami,member,,2020-04-20 00:00:00,True,Assam
a12ccf67-972c-4c03-8ea2-e00ff1e5a272,531,arijit.bezbaruah@doordash.com,Arijit Bezbaruah,admin,,2020-01-03 00:00:00,True,Assam
7e4d142b-2f67-4e70-8b52-1729fe241e82,531,debasish.boruah@doordash.com,Debasish Boruah,guest,,2020-10-07 00:00:00,True,Assam
76bb75a8-1f16-4fef-858f-3213032c7ea3,531,banikanta.goswami@doordash.com,Banikanta Goswami,limited_access,,2020-01-29 00:00:00,True,Assam
c1a412db-2b68-433b-9678-3f45055d22d2,531,raghvendra.parashar@doordash.com,Raghvendra Parashar,limited_access,,2020-04-12 00:00:00,True,Assam
31df0a7d-206c-4f2e-988e-f2c15d8f1aa0,531,hiren.konwar@doordash.com,Hiren Konwar,member,,2020-11-01 00:00:00,True,Assam
47a59a06-a19c-4c2b-a6a9-34c144cce98c,531,gokul.thakuria@doordash.com,Gokul Thakuria,member,,2020-08-27 00:00:00,True,Assam
d7449cde-cd04-47a7-84f1-472a34173e21,531,aswath.khanikar@doordash.com,Aswath Khanikar,admin,,2020-06-29 00:00:00,True,Assam
cb90b23d-4027-48d4-8efe-23e5a1451044,531,saraswati.upadhyaya@doordash.com,Saraswati Upadhyaya,admin,,2020-03-06 00:00:00,True,Assam
5e09c97c-64e3-4341-b8fb-69f6bff3c048,531,bishmendra.boro@doordash.com,Bishmendra Boro,admin,,2020-04-23 00:00:00,True,Assam
2df1ee33-94e7-40f7-820e-4f53d86e31da,531,dipendu.boro@doordash.com,Dipendu Boro,member,,2020-05-02 00:00:00,True,Assam
16134909-3f8a-4608-9c88-152aa67a77bc,531,dastan.goswami@doordash.com,Dastan Goswami,admin,,2020-11-15 00:00:00,True,Assam
dbe30490-5375-4ab1-94e6-a3030eb47539,531,hiral.baroowa@doordash.com,Hiral Baroowa,member,,2020-09-26 00:00:00,True,Assam
84edee94-f57b-4490-a392-b485c3790ade,531,badrinath.purkayastha@doordash.com,Badrinath Purkayastha,guest,,2020-10-10 00:00:00,True,Assam
0239b7cf-4a3d-496b-ad1e-6bfa7280d78a,531,jashwin.kataki@doordash.com,Jashwin Kataki,guest,,2020-03-14 00:00:00,True,Assam
910878aa-b8f6-49a6-98a6-227341e19688,531,biswanath.pradhani@doordash.com,Biswanath Pradhani,limited_access,,2020-10-10 00:00:00,True,Assam
9be699d3-8811-4613-980d-a58231adcb17,531,adwitya.chakravarty@doordash.com,Adwitya Chakravarty,guest,,2020-07-27 00:00:00,True,Assam
af1578b2-6447-43a9-a7b4-dc4cd2666df6,531,aritraj.sarma@doordash.com,Aritraj Sarma,limited_access,,2020-01-18 00:00:00,True,Assam
4ffe2c45-3f9f-4230-a081-7cd42dd1e65d,531,nabaneeta.pathak@doordash.com,Nabaneeta Pathak,member,,2020-10-25 00:00:00,True,Assam
72ad536f-8517-4704-9826-2d43bd314837,531,kamala.parashar@doordash.com,Kamala Parashar,admin,,2020-08-03 00:00:00,True,Assam
ee58376f-daa4-4f3b-b579-5e68a6e309ed,531,shubhra.goswami@doordash.com,Shubhra Goswami,limited_access,,2020-08-15 00:00:00,True,Assam
3eb6ef61-9c6a-48f0-8409-a3af7608cc39,531,manika.nath@doordash.com,Manika Nath,member,,2020-05-20 00:00:00,True,Assam
2ccfa709-b74b-405a-a6d9-7057eb406df5,531,keerti.pradhani@doordash.com,Keerti Pradhani,member,,2020-06-06 00:00:00,True,Assam
e4134d66-de85-4951-a94c-d71a0baf273a,531,bishakha.kalita@doordash.com,Bishakha Kalita,admin,,2020-02-22 00:00:00,True,Assam
f3c54968-3392-485f-8414-542c45d87b0e,531,yashoda.borthakur@doordash.com,Yashoda Borthakur,member,,2020-03-09 00:00:00,True,Assam
577dda24-7457-4332-9a91-c8c860971142,531,urmila.talukdar@doordash.com,Urmila Talukdar,guest,,2020-05-06 00:00:00,True,Assam
c7e60273-e9c2-4607-b220-cb79f21ccd9c,531,rita.gogoi@doordash.com,Rita Gogoi,limited_access,,2020-05-10 00:00:00,True,Assam
cd0c640a-b359-4877-a9d2-3aef3cfdc190,531,gunjan.kakati@doordash.com,Gunjan Kakati,admin,,2020-07-03 00:00:00,True,Assam
131ac64b-2a9a-4477-8926-0598d9b13249,531,padmabati.sharma@doordash.com,Padmabati Sharma,guest,,2020-03-04 00:00:00,True,Assam
8442564f-1a28-4027-8648-a79f548fe8ff,531,moushumi.boruah@doordash.com,Moushumi Boruah,admin,,2020-04-05 00:00:00,True,Assam
c1629451-fd04-4afd-8cec-03ebf58629ed,531,jharna.pegu@doordash.com,Jharna Pegu,limited_access,,2020-08-16 00:00:00,True,Assam
01bf41d3-ce74-4001-9a66-83ea79c31021,531,radhika.borah@doordash.com,Radhika Borah,member,,2020-04-14 00:00:00,True,Assam
5ac72930-2885-4572-9f72-6bbe02864764,531,jayanti.hazarika@doordash.com,Jayanti Hazarika,limited_access,,2020-06-15 00:00:00,True,Assam
2776fc97-c3f7-4b79-afb3-0348fec66bdd,531,aparupa.sarania@doordash.com,Aparupa Sarania,admin,,2020-07-09 00:00:00,True,Assam
38fc2c13-c7d4-4c39-b6ca-a8589e31d2f8,531,kabita.gogoi@doordash.com,Kabita Gogoi,limited_access,,2020-12-28 00:00:00,True,Assam
f855f1e7-ca43-47f2-9ab1-82048efeecd0,531,antara.rajkhowa@doordash.com,Antara Rajkhowa,guest,,2020-04-06 00:00:00,True,Assam
329647d3-104b-44c7-9a78-7a84cc2f39a1,531,nandita.sharma@doordash.com,Nandita Sharma,admin,,2020-04-04 00:00:00,True,Assam
0d90fe89-83be-4340-8cce-d9441f6ffbc2,531,pallavi.pujari@doordash.com,Pallavi Pujari,limited_access,,2020-04-13 00:00:00,True,Assam
2e8d019f-cf2b-41ac-818e-130051b8025f,531,pramila.bhagawati@doordash.com,Pramila Bhagawati,admin,,2020-05-28 00:00:00,True,Assam
198fcc56-44d0-4dd8-ae5e-b25eac34ccf9,531,vibha.das@doordash.com,Vibha Das,admin,,2020-12-15 00:00:00,True,Assam
e21a531e-dc8b-4174-84f0-403f2aeab2c5,531,parineeta.dihingia@doordash.com,Parineeta Dihingia,limited_access,,2020-02-13 00:00:00,True,Assam
e1af1d73-ea07-4c06-aafb-29c86a23e38f,531,khushi.borthakur@doordash.com,Khushi Borthakur,admin,,2020-04-30 00:00:00,True,Assam
81eecab7-7cf2-4e87-bc8e-c2b15a2d2cc3,531,rukmini.medhi@doordash.com,Rukmini Medhi,admin,,2020-07-11 00:00:00,True,Assam
71140271-ea49-42c1-9bad-f7d9d0040ee8,531,bithika.bhagawati@doordash.com,Bithika Bhagawati,guest,,2020-04-02 00:00:00,True,Assam
9d5002c6-cd51-4ae0-95f9-e425dba15597,531,padmini.bhagawati@doordash.com,Padmini Bhagawati,member,,2020-02-08 00:00:00,True,Assam
6746ac31-b698-4712-803a-4d1720deabad,531,neha.phukan@doordash.com,Neha Phukan,admin,,2020-10-21 00:00:00,True,Assam
03f552f4-51a2-4024-9b7c-8c6415905308,531,adrija.boro@doordash.com,Adrija Boro,member,,2020-07-26 00:00:00,True,Assam
0ced7e17-6456-4bf0-ae2c-64f262b33e18,531,gitashree.bhattacharya@doordash.com,Gitashree Bhattacharya,admin,,2020-08-18 00:00:00,True,Assam
4e22799a-4e47-4396-8c2c-3c00490d873e,531,bhakti.laskar@doordash.com,Bhakti Laskar,admin,,2020-03-28 00:00:00,True,Assam
6ec0ece7-8ebb-41b8-bad4-aef8b468e4ad,531,rajani.khanikar@doordash.com,Rajani Khanikar,guest,,2020-11-30 00:00:00,True,Assam
77bfd401-0940-456a-860a-0aefe75ad3e9,531,moushumi.pathak@doordash.com,Moushumi Pathak,limited_access,,2020-03-19 00:00:00,True,Assam
df36c640-020c-492f-944d-fbd059017130,531,malaya.kakati@doordash.com,Malaya Kakati,admin,,2020-06-07 00:00:00,True,Assam
64fd9e4e-52d9-4123-b920-eeb20fc2ef1f,531,meenal.mazumdar@doordash.com,Meenal Mazumdar,member,,2020-03-27 00:00:00,True,Assam
664e916d-8836-47d5-9d4d-3e89558bd3f7,531,pallabi.mahanta@doordash.com,Pallabi Mahanta,member,,2020-08-13 00:00:00,True,Assam
eaf3cffb-b16e-4fba-b611-6eb3421928d9,531,nanda.gogoi@doordash.com,Nanda Gogoi,admin,,2020-08-09 00:00:00,True,Assam
0fb5a405-914b-4236-ab48-2bb46e078cd3,531,dyuti.chaliha@doordash.com,Dyuti Chaliha,guest,,2020-02-26 00:00:00,True,Assam
e79eaf76-2041-42d7-9897-e81398eeb78d,531,mousami.dihingia@doordash.com,Mousami Dihingia,admin,,2020-08-24 00:00:00,True,Assam
b42c264d-0d00-4c6b-8c04-34acd0e96838,531,paramita.thakuria@doordash.com,Paramita Thakuria,limited_access,,2020-11-15 00:00:00,True,Assam
fcc09993-0e2f-488c-80de-cc2cfe836bf5,531,archana.sikdar@doordash.com,Archana Sikdar,admin,,2020-12-22 00:00:00,True,Assam
b5048672-3287-4d97-9099-58ab623fbbdf,531,anjali.mazumdar@doordash.com,Anjali Mazumdar,guest,,2020-01-08 00:00:00,True,Assam
565c6bd0-4869-4414-a5f7-5b087d3f966b,531,sukanya.barpatra@doordash.com,Sukanya Barpatra,admin,,2020-08-21 00:00:00,True,Assam
50c3dceb-5488-4c10-8874-a18f90b2f1f9,531,nipa.gayan@doordash.com,Nipa Gayan,guest,,2020-11-20 00:00:00,True,Assam
e32470e6-5ea3-40e4-8963-e73df1d12443,531,urmila.mishra@doordash.com,Urmila Mishra,limited_access,,2020-12-28 00:00:00,True,Assam
fb89210c-5c8d-46c1-b5ed-b71c648f5580,531,jayashree.bora@doordash.com,Jayashree Bora,limited_access,,2020-02-21 00:00:00,True,Assam
18b05ecc-b9d0-473a-a998-b1ac6d55e0df,531,nirmala.borthakur@doordash.com,Nirmala Borthakur,limited_access,,2020-06-13 00:00:00,True,Assam
5328ae6a-4398-4f1b-8114-62e2b75c6c2b,531,dipali.boruah@doordash.com,Dipali Boruah,guest,,2020-02-01 00:00:00,True,Assam
f543a5ce-5065-4186-8340-a05872202b4f,531,sarojini.das@doordash.com,Sarojini Das,member,,2020-07-29 00:00:00,True,Assam
1ec13f56-ff72-489a-976f-76295888b59f,531,nanita.kataki@doordash.com,Nanita Kataki,member,,2020-02-05 00:00:00,True,Assam
d9b466db-e478-4835-b856-5f89154a5893,531,radha.kataki@doordash.com,Radha Kataki,limited_access,,2020-03-10 00:00:00,True,Assam
dccb7759-0a02-4f12-a8c4-8c3105fa6c62,531,kusum.bhagawati@doordash.com,Kusum Bhagawati,limited_access,,2020-08-16 00:00:00,True,Assam
0d013449-895a-4c04-8482-364b35534f30,531,bhavya.saikiya@doordash.com,Bhavya Saikiya,admin,,2020-02-20 00:00:00,True,Assam
60729dca-69ae-45e0-b518-5d9eaa239f5f,531,bhavya.mazumdar@doordash.com,Bhavya Mazumdar,guest,,2020-09-05 00:00:00,True,Assam
dbbb636f-22e9-4b64-94a9-f7f71e456468,531,damini.bhattacharya@doordash.com,Damini Bhattacharya,member,,2020-09-30 00:00:00,True,Assam
d15e77b1-ef80-428c-8ecc-bab9a8ea0926,531,diya.chakravarty@doordash.com,Diya Chakravarty,member,,2020-05-11 00:00:00,True,Assam
ce6c6695-8846-40f5-8ffe-a14911a1b5b4,531,vandana.bordoloi@doordash.com,Vandana Bordoloi,limited_access,,2020-10-20 00:00:00,True,Assam
2873d42d-9403-4226-84fe-eaffef8465ac,531,oindrila.khound@doordash.com,Oindrila Khound,guest,,2020-10-16 00:00:00,True,Assam
a845b47b-646c-428c-af9f-07f622525b37,531,dipali.baruah@doordash.com,Dipali Baruah,guest,,2020-05-22 00:00:00,True,Assam
db36b041-de36-4f1e-bf40-c86b46d5ea5b,531,kumkum.barman@doordash.com,Kumkum Barman,limited_access,,2020-11-30 00:00:00,True,Assam
89e93be2-f052-41d7-bd6c-9736a4f69237,531,bhadra.kumar@doordash.com,Bhadra Kumar,member,,2020-06-19 00:00:00,True,Assam
0611fbab-3a7c-416e-9726-f0703dfd3909,531,rina.boruah@doordash.com,Rina Boruah,admin,,2020-11-11 00:00:00,True,Assam
4c924166-e7fc-4964-a5d3-c0950c4fe861,531,rishita.pegu@doordash.com,Rishita Pegu,guest,,2020-05-19 00:00:00,True,Assam
b8e1ed92-f8c0-4042-afee-e66404aa526d,531,kshama.sharma@doordash.com,Kshama Sharma,guest,,2020-11-20 00:00:00,True,Assam
7ca37d3f-893f-4a96-9932-d5172c102080,531,karishma.sarma@doordash.com,Karishma Sarma,member,,2020-06-27 00:00:00,True,Assam
377a242f-b041-4d42-8d89-900183270625,531,alpana.barpatragohain@doordash.com,Alpana Barpatra Gohain,guest,,2020-03-08 00:00:00,True,Assam
24279dda-7b79-42ec-bd91-4f32284fcbca,531,shruti.khound@doordash.com,Shruti Khound,guest,,2020-05-06 00:00:00,True,Assam
a93bd26d-e5b0-41a8-b035-eed410ce24b3,531,nita.konwar@doordash.com,Nita Konwar,admin,,2020-07-15 00:00:00,True,Assam
e1d466ae-2eed-4776-aa0d-9b445d436463,531,chandrima.sikdar@doordash.com,Chandrima Sikdar,member,,2020-02-20 00:00:00,True,Assam
c91a1831-c0d4-41fb-960b-ecd9dcee8086,531,dhrubaa.mazumdar@doordash.com,Dhrubaa Mazumdar,admin,,2020-07-29 00:00:00,True,Assam
4c7fb952-7786-4ac4-824e-25ca2d58837e,531,nila.laskar@doordash.com,Nila Laskar,limited_access,,2020-01-18 00:00:00,True,Assam
a289e5ac-5258-405c-97b3-951958510826,531,neeta.saikiya@doordash.com,Neeta Saikiya,member,,2020-06-21 00:00:00,True,Assam
971f4ca7-211b-47bf-978e-2f801e64e990,531,kasturi.barpatra@doordash.com,Kasturi Barpatra,guest,,2020-02-18 00:00:00,True,Assam
05974a20-2980-4f76-9b24-f6ddaa3323f0,531,sandhya.pathak@doordash.com,Sandhya Pathak,member,,2020-10-29 00:00:00,True,Assam
eea44193-1aa5-4331-b2c4-079d0c3d7402,531,jayanti.borah@doordash.com,Jayanti Borah,guest,,2020-07-13 00:00:00,True,Assam
c9f24631-5446-4393-ae8e-5e7e5d4b4053,531,sabita.kalita@doordash.com,Sabita Kalita,member,,2020-12-26 00:00:00,True,Assam
c0fee5de-67ed-4da2-bb07-ff5b5d828a80,531,deepshikha.pradhani@doordash.com,Deepshikha Pradhani,admin,,2020-09-02 00:00:00,True,Assam
891df02f-15dc-4b98-bad0-9e6801e43f38,531,atasi.borthakur@doordash.com,Atasi Borthakur,limited_access,,2020-05-15 00:00:00,True,Assam
f044753e-c20a-495d-9871-e30dcd6e893d,531,eshita.hazarika@doordash.com,Eshita Hazarika,member,,2020-05-19 00:00:00,True,Assam
3f140fee-4cbf-42fd-9579-32400aed48d3,531,payel.dutta@doordash.com,Payel Dutta,limited_access,,2020-08-06 00:00:00,True,Assam
762abadf-8fe9-45ec-9fd7-102b4c189b77,531,tapasi.choudhury@doordash.com,Tapasi Choudhury,guest,,2020-06-25 00:00:00,True,Assam
f3214df5-21af-4a57-8b18-0d279c17539b,531,dipika.nath@doordash.com,Dipika Nath,limited_access,,2020-12-21 00:00:00,True,Assam
aa1f77c1-9769-4d9a-832f-1d118e3d7c9f,531,vaidehi.sikdar@doordash.com,Vaidehi Sikdar,member,,2020-07-06 00:00:00,True,Assam
65e0cbb8-50b0-4356-b389-9a8ba656de86,531,amala.pegu@doordash.com,Amala Pegu,guest,,2020-09-13 00:00:00,True,Assam
2e532cb9-87fe-44b4-8ee1-e409cbbd7199,531,alaka.bhagawati@doordash.com,Alaka Bhagawati,admin,,2020-11-20 00:00:00,True,Assam
a01076ee-cc97-4cfd-81d2-34b030e6ea72,531,aparajita.borah@doordash.com,Aparajita Borah,member,,2020-02-27 00:00:00,True,Assam
598d2e34-4b2b-4642-aade-27e526867a2a,531,kumkum.bezbaruah@doordash.com,Kumkum Bezbaruah,admin,,2020-03-15 00:00:00,True,Assam
e2ef2fef-7b49-4058-aad9-ab634fc03eeb,531,dyuti.kumar@doordash.com,Dyuti Kumar,admin,,2020-05-25 00:00:00,True,Assam
500f5fda-f6d8-44f2-8642-120ce563148b,531,priya.sarania@doordash.com,Priya Sarania,guest,,2020-09-22 00:00:00,True,Assam
020b8ee2-3d86-4c12-934d-13b355e4eb49,531,shreelata.mishra@doordash.com,Shreelata Mishra,guest,,2020-07-31 00:00:00,True,Assam
d3fb1a1d-da0f-43a9-89d6-903ef72a7ec5,531,dipa.singh@doordash.com,Dipa Singh,guest,,2020-02-23 00:00:00,True,Assam
5ecbd719-bb9f-434d-894e-82d0344e2476,531,deeksha.rajkhowa@doordash.com,Deeksha Rajkhowa,admin,,2020-10-02 00:00:00,True,Assam
9b47bc28-7a98-445b-a7b1-bf60207b2bea,531,riddhi.barpatra@doordash.com,Riddhi Barpatra,admin,,2020-09-07 00:00:00,True,Assam
efc33f6a-9c2c-4b52-8dc6-c77d3fedd047,531,bhakti.dihingia@doordash.com,Bhakti Dihingia,limited_access,,2020-05-04 00:00:00,True,Assam
39ce558e-87fc-49cc-b2e7-fd05e0c5b39c,531,sneha.bordoloi@doordash.com,Sneha Bordoloi,limited_access,,2020-01-05 00:00:00,True,Assam
601a1cdb-8506-4cae-b585-02fa6e5ad850,531,purba.doley@doordash.com,Purba Doley,limited_access,,2020-02-03 00:00:00,True,Assam
332182c2-1944-4e22-9159-bf9c92dc86d9,531,ekta.deka@doordash.com,Ekta Deka,admin,,2020-05-10 00:00:00,True,Assam
45880cc3-e840-4550-94c1-e2ae9f28a571,531,rewati.bhattacharya@doordash.com,Rewati Bhattacharya,admin,,2020-08-08 00:00:00,True,Assam
4b5aae3e-9dec-4735-999a-649dcdd772e9,531,sabita.sikdar@doordash.com,Sabita Sikdar,admin,,2020-09-14 00:00:00,True,Assam
a34589b7-e371-43f5-95bd-e9b20ef08a44,531,vidya.nath@doordash.com,Vidya Nath,member,,2020-07-15 00:00:00,True,Assam
19032791-4feb-4550-b702-cd0f905ab59e,531,parbati.baroowa@doordash.com,Parbati Baroowa,member,,2020-09-09 00:00:00,True,Assam
4fe2fa35-0ac5-42bb-9fcf-237aab6ce538,531,nirmala.tamuli@doordash.com,Nirmala Tamuli,limited_access,,2020-01-31 00:00:00,True,Assam
0c53ce28-eb99-452e-8f97-5386011374e6,531,parbati.sikdar@doordash.com,Parbati Sikdar,member,,2020-01-30 00:00:00,True,Assam
eb71e50f-d819-4aa1-b450-0ac9590873d2,531,mithila.barua@doordash.com,Mithila Barua,guest,,2020-07-14 00:00:00,True,Assam
5a312d1a-39a6-47b2-8aa4-47049ab4d944,531,anuradha.thakuria@doordash.com,Anuradha Thakuria,member,,2020-01-16 00:00:00,True,Assam
363c8edc-44f5-4713-bbaf-99e466e0b71c,531,ratna.borah@doordash.com,Ratna Borah,member,,2020-03-14 00:00:00,True,Assam
e93b1821-9780-470c-a376-96b87a3c9edb,531,anima.barman@doordash.com,Anima Barman,admin,,2020-07-11 00:00:00,True,Assam
89ffcf35-2b1c-4463-a2f3-e8596e373e40,531,madhura.bhattacharya@doordash.com,Madhura Bhattacharya,admin,,2020-01-09 00:00:00,True,Assam
9f4e528a-81e4-47f4-8b32-dccd00d9ffe6,531,pranati.dasgupta@doordash.com,Pranati Dasgupta,guest,,2020-11-21 00:00:00,True,Assam
717ac816-472d-4c71-b0f6-4c3565cddcd9,531,sarmila.chakravarty@doordash.com,Sarmila Chakravarty,admin,,2020-08-03 00:00:00,True,Assam
193e7e17-c1e9-4b34-8281-83f4c660e30b,531,gitashree.laskar@doordash.com,Gitashree Laskar,member,,2020-07-24 00:00:00,True,Assam
63acb0e7-3a95-4cf3-829c-7ae3bf427524,531,aadrita.sarmah@doordash.com,Aadrita Sarmah,admin,,2020-02-15 00:00:00,True,Assam
a463b9fa-7b91-4c5d-8657-e99d852bda33,531,anamika.bishwas@doordash.com,Anamika Bishwas,guest,,2020-05-19 00:00:00,True,Assam
539aed26-95ee-46da-bccf-1211f63f558c,531,kokila.purkayastha@doordash.com,Kokila Purkayastha,limited_access,,2020-02-19 00:00:00,True,Assam
931b2c1c-9733-46dc-81fd-c6bc330a294e,531,madhavi.borthakur@doordash.com,Madhavi Borthakur,guest,,2020-08-08 00:00:00,True,Assam
a8d0bde5-fb83-4c62-be3e-b57464598ad5,531,shanta.sikdar@doordash.com,Shanta Sikdar,guest,,2020-05-21 00:00:00,True,Assam
17701c14-a715-4de5-9ebd-90db21e83957,531,hemanti.phukan@doordash.com,Hemanti Phukan,guest,,2020-03-15 00:00:00,True,Assam
a49bae5f-55e3-41dc-a6ec-491ef63a832d,531,indrani.thakuria@doordash.com,Indrani Thakuria,limited_access,,2020-02-17 00:00:00,True,Assam
a63d9d6d-2923-4101-a434-0bd9adef7c27,531,hemlata.khound@doordash.com,Hemlata Khound,guest,,2020-07-07 00:00:00,True,Assam
c0c4e839-85bc-43a0-9b09-95bdb7bc236f,531,komal.chakravarty@doordash.com,Komal Chakravarty,admin,,2020-10-10 00:00:00,True,Assam
cf7c0760-5406-42c8-aac4-1769dade6066,531,sumati.sikdar@doordash.com,Sumati Sikdar,member,,2020-12-26 00:00:00,True,Assam
24c07e84-a79f-42ae-a96b-7eec66d22c67,531,binita.morang@doordash.com,Binita Morang,limited_access,,2020-01-26 00:00:00,True,Assam
608341ed-bb1a-4a27-8bcd-390b52aad966,531,anindini.boruah@doordash.com,Anindini Boruah,guest,,2020-11-16 00:00:00,True,Assam
c5af0bf3-0888-4901-8310-1aca23661465,531,malati.bora@doordash.com,Malati Bora,member,,2020-05-17 00:00:00,True,Assam
17ac60ce-379b-49af-b360-d442403b5c1a,531,simran.kakati@doordash.com,Simran Kakati,guest,,2020-05-14 00:00:00,True,Assam
359feb6c-39fc-48d9-8d5b-cfc4c0fc4911,531,shila.bora@doordash.com,Shila Bora,admin,,2020-05-12 00:00:00,True,Assam
e2a332cd-d223-4781-88d5-05f27d932fe1,531,leela.mahanta@doordash.com,Leela Mahanta,limited_access,,2020-03-18 00:00:00,True,Assam
16ddca7e-a1c7-45bb-a744-ff46b8068e30,531,giribala.bhuyan@doordash.com,Giribala Bhuyan,admin,,2020-01-23 00:00:00,True,Assam
c76519a3-00a3-4cc0-b530-c2fe167c5d24,531,sabita.choudhury@doordash.com,Sabita Choudhury,guest,,2020-10-25 00:00:00,True,Assam
a9b04f83-ae0e-4097-a678-a3b7db8961ef,531,pallavi.bishwas@doordash.com,Pallavi Bishwas,limited_access,,2020-02-06 00:00:00,True,Assam
c4ce169d-d85f-48cf-a883-36d4003685e2,531,anindita.chakravarty@doordash.com,Anindita Chakravarty,admin,,2020-02-06 00:00:00,True,Assam
531f050a-a401-4b4d-9379-bd07ea658702,531,piya.borah@doordash.com,Piya Borah,limited_access,,2020-12-18 00:00:00,True,Assam
438bf126-7126-43c2-b136-8d8a0d7ade1e,531,ambika.parashar@doordash.com,Ambika Parashar,admin,,2020-12-07 00:00:00,True,Assam
c19ea2f8-6298-4012-8d11-f6e9038145b5,531,lajja.hazarika@doordash.com,Lajja Hazarika,guest,,2020-06-03 00:00:00,True,Assam
b13ddf95-a04a-474b-997e-797c9c59d399,531,girija.sarania@doordash.com,Girija Sarania,member,,2020-12-28 00:00:00,True,Assam
30f9ccb2-d7cc-4268-8c7b-1945e1db58aa,531,bhavna.morang@doordash.com,Bhavna Morang,guest,,2020-09-13 00:00:00,True,Assam
1627f52c-80c1-4992-964b-57ca9a39ced2,531,lalana.dihingia@doordash.com,Lalana Dihingia,guest,,2020-12-25 00:00:00,True,Assam
ed2f0a7c-ac9d-4110-aa9c-2506cb88be3b,531,ayantika.bharali@doordash.com,Ayantika Bharali,guest,,2020-04-23 00:00:00,True,Assam
fbe73fbc-f2da-48bd-89d3-da010a5f490b,531,giribala.gogoi@doordash.com,Giribala Gogoi,admin,,2020-12-12 00:00:00,True,Assam
e37bf633-f27e-4253-b24f-4a964122ecac,531,vibha.pradhani@doordash.com,Vibha Pradhani,admin,,2020-01-05 00:00:00,True,Assam
2361d66e-98b8-4214-9699-58a930ee907f,531,phoolmoni.morang@doordash.com,Phoolmoni Morang,member,,2020-06-17 00:00:00,True,Assam
5269d5b5-f4f5-4839-bf9d-ebc957aa56bd,531,snehalata.tamuli@doordash.com,Snehalata Tamuli,guest,,2020-07-26 00:00:00,True,Assam
64fbd24c-ad2d-4f0a-b744-bcd903d49246,531,deeksha.saikia@doordash.com,Deeksha Saikia,guest,,2020-02-29 00:00:00,True,Assam
ba06f32d-003b-4a53-b2fb-973b259312a1,531,nabaneeta.chaliha@doordash.com,Nabaneeta Chaliha,guest,,2020-12-05 00:00:00,True,Assam
a7c691f9-62d2-438e-8216-3b8ee8ef0289,531,shobha.bishwas@doordash.com,Shobha Bishwas,limited_access,,2020-02-29 00:00:00,True,Assam
240e138d-2de6-4a53-aaf5-52d4c8a6914d,531,shanti.thakuria@doordash.com,Shanti Thakuria,guest,,2020-11-07 00:00:00,True,Assam
dc74b3cb-0481-4c12-a149-83e888dabd61,531,richa.purkayastha@doordash.com,Richa Purkayastha,guest,,2020-03-14 00:00:00,True,Assam
ba10f3bd-3498-489b-a3ec-45ebce4479b1,531,atmaram.bhatti@doordash.com,Atmaram Bhatti,member,,2020-10-06 00:00:00,True,Uttar Pradesh
4d2556af-a2c8-4b59-b46e-00bd3aba8d21,531,sona.pande@doordash.com,Sona Pande,limited_access,,2020-06-19 00:00:00,True,Uttar Pradesh
a5ad8dc8-95cb-47d0-aee4-b2d8bc19911b,531,ramgopal.kaul@doordash.com,Ramgopal Kaul,limited_access,,2020-09-05 00:00:00,True,Uttar Pradesh
a92069f6-2faf-4f70-b1d4-acde063d27b4,531,nidhi.maurya1@doordash.com,Nidhi Maurya,guest,,2020-02-17 00:00:00,True,Uttar Pradesh
a51f120c-4a99-46da-8421-7180cd2840af,531,atul.sahai@doordash.com,Atul Sahai,admin,,2020-08-18 00:00:00,True,Uttar Pradesh
6ce12a19-db63-4a85-8db4-259cbe9e4ac7,531,sugandha.agarwal@doordash.com,Sugandha Agarwal,admin,,2020-03-21 00:00:00,True,Uttar Pradesh
c667450d-0add-4cda-8eaf-c3b60d908984,531,gulab.bais@doordash.com,Gulab Bais,guest,,2020-01-03 00:00:00,True,Uttar Pradesh
f7181386-1c43-4899-a92e-28afdf13bbd5,531,yashoda.sisodia@doordash.com,Yashoda Sisodia,limited_access,,2020-02-17 00:00:00,True,Uttar Pradesh
d874b0b0-3041-41e3-9102-8cf9992ddc0f,531,pradeep.rathore@doordash.com,Pradeep Rathore,guest,,2020-11-23 00:00:00,True,Uttar Pradesh
c2f04335-7b0a-43b8-b489-c50af8b3bb4f,531,suman.dixit@doordash.com,Suman Dixit,member,,2020-08-05 00:00:00,True,Uttar Pradesh
f85403e2-8ba1-4fbf-9001-7fbf2f0ee945,531,mukesh.awasthi@doordash.com,Mukesh Awasthi,guest,,2020-02-15 00:00:00,True,Uttar Pradesh
c27a2b3e-426e-497e-bc32-2c4ace0f3467,531,tanvi.chaubey@doordash.com,Tanvi Chaubey,guest,,2020-11-27 00:00:00,True,Uttar Pradesh
4dc31108-4c17-4dae-8522-cb3d8fd7ca0a,531,ramkishan.goyal@doordash.com,Ramkishan Goyal,guest,,2020-04-14 00:00:00,True,Uttar Pradesh
5e5dab81-50cc-4fea-96b5-e25000937e9c,531,narmada.bakshi@doordash.com,Narmada Bakshi,limited_access,,2020-04-07 00:00:00,True,Uttar Pradesh
587f25b8-fcff-423e-8784-16b30799e9bf,531,lokesh.dwivedi@doordash.com,Lokesh Dwivedi,limited_access,,2020-12-26 00:00:00,True,Uttar Pradesh
74e5e796-787e-4bcc-8e7b-91d40d94ac06,531,anuradha.shukla@doordash.com,Anuradha Shukla,member,,2020-01-30 00:00:00,True,Uttar Pradesh
2f671912-c756-46cc-8c1a-f6453740cd8e,531,dhanraj.nag@doordash.com,Dhanraj Nag,limited_access,,2020-05-17 00:00:00,True,Uttar Pradesh
714d02b9-c6d2-49d0-81cd-4daae57b9b1e,531,arpita.verma@doordash.com,Arpita Verma,guest,,2020-11-27 00:00:00,True,Uttar Pradesh
3510f441-b459-408d-b547-bdf245d23215,531,gopal.baghel@doordash.com,Gopal Baghel,member,,2020-05-24 00:00:00,True,Uttar Pradesh
ab1a4d91-6722-47dd-a2c9-2709b62d8917,531,yashoda.rathore@doordash.com,Yashoda Rathore,member,,2020-06-14 00:00:00,True,Uttar Pradesh
4f4d626a-9f94-4f02-9e49-4ad0ae226812,531,ravi.pathak@doordash.com,Ravi Pathak,member,,2020-10-05 00:00:00,True,Uttar Pradesh
71249395-5523-44f2-9ae7-3cafa1e0b9f9,531,suman.awasthi@doordash.com,Suman Awasthi,admin,,2020-05-16 00:00:00,True,Uttar Pradesh
25319eff-d160-4fe9-b868-b7602ad4c37d,531,yash.kesarwani@doordash.com,Yash Kesarwani,admin,,2020-06-22 00:00:00,True,Uttar Pradesh
a9087acc-c7b7-4486-8c72-b62fa6968fad,531,vishakha.kesari@doordash.com,Vishakha Kesari,limited_access,,2020-10-08 00:00:00,True,Uttar Pradesh
e20c749d-92e4-492c-b05d-81dad9daeb21,531,vijay.tewari@doordash.com,Vijay Tewari,limited_access,,2020-10-10 00:00:00,True,Uttar Pradesh
b878473e-06f5-4ec3-a8e1-5acc05cda82f,531,dipali.pareek@doordash.com,Dipali Pareek,member,,2020-05-08 00:00:00,True,Uttar Pradesh
ba30157a-1444-4b84-a16e-20de23ce0b73,531,akhilesh.ahuja@doordash.com,Akhilesh Ahuja,member,,2020-06-30 00:00:00,True,Uttar Pradesh
2f051887-68c1-4f7c-abf9-fd4ab962b772,531,jyotsna.pathak@doordash.com,Jyotsna Pathak,limited_access,,2020-07-03 00:00:00,True,Uttar Pradesh
ad15d41d-95d7-4c59-a8d1-f5e7d1cb17ac,531,ramu.maurya@doordash.com,Ramu Maurya,limited_access,,2020-07-17 00:00:00,True,Uttar Pradesh
44745789-5d63-4421-bf22-0590170f0927,531,nikita.baranwal@doordash.com,Nikita Baranwal,guest,,2020-06-09 00:00:00,True,Uttar Pradesh
9c4a6d34-7932-4fd9-9a1b-6a3874b7bb51,531,dinesh.parikh@doordash.com,Dinesh Parikh,admin,,2020-12-21 00:00:00,True,Uttar Pradesh
addc2fcd-3ad4-4631-97d4-9169350a203a,531,chandra.jain@doordash.com,Chandra Jain,member,,2020-02-13 00:00:00,True,Uttar Pradesh
65860464-9c9e-4512-bb12-7ae1727f01b0,531,ritesh.nayyar@doordash.com,Ritesh Nayyar,guest,,2020-02-16 00:00:00,True,Uttar Pradesh
6d994aee-8852-4b18-9d0e-c4bdbd048e65,531,madhu.harish@doordash.com,Madhu Harish,guest,,2020-09-01 00:00:00,True,Uttar Pradesh
4bc9ab99-fa1f-41c5-8283-d0eb80862e17,531,lakshmi.kantnag@doordash.com,Lakshmi Kant Nag,guest,,2020-06-10 00:00:00,True,Uttar Pradesh
09bd301e-5048-4ed1-92d6-a6813e7265f6,531,simran.shukla@doordash.com,Simran Shukla,admin,,2020-01-11 00:00:00,True,Uttar Pradesh
c25ab97c-7ef4-47ba-b807-d86715cbc038,531,vishal.bhardwaj@doordash.com,Vishal Bhardwaj,limited_access,,2020-11-05 00:00:00,True,Uttar Pradesh
7ca27914-5a2c-4f3a-8b85-108d9d2adb52,531,megha.patwa@doordash.com,Megha Patwa,limited_access,,2020-04-29 00:00:00,True,Uttar Pradesh
30802850-877b-432c-87a9-6958bbf96efe,531,raghav.vashishta@doordash.com,Raghav Vashishta,guest,,2020-12-18 00:00:00,True,Uttar Pradesh
a0caa09a-7bc1-46ac-809e-c8c37ee8f557,531,bharati.dahiya@doordash.com,Bharati Dahiya,member,,2020-02-07 00:00:00,True,Uttar Pradesh
4f891185-5d39-4ff5-bee8-6e1355f5218f,531,jagat.deshpande@doordash.com,Jagat Deshpande,admin,,2020-06-06 00:00:00,True,Uttar Pradesh
b41f87da-2406-451d-b363-f4d1aff3f022,531,aasha.lal@doordash.com,Aasha Lal,admin,,2020-03-26 00:00:00,True,Uttar Pradesh
79b91cf7-530a-4956-bdb2-609705f1a163,531,atul.rawat@doordash.com,Atul Rawat,member,,2020-01-04 00:00:00,True,Uttar Pradesh
3c0df2a2-0109-4c71-af6f-0f8dd46e4048,531,mukta.maurya@doordash.com,Mukta Maurya,member,,2020-05-20 00:00:00,True,Uttar Pradesh
14f6e575-c194-4568-9b91-6b6615ac9158,531,radheshyam.vashishta@doordash.com,Radheshyam Vashishta,admin,,2020-01-14 00:00:00,True,Uttar Pradesh
4884db93-090e-4c87-a7a1-9329e4550286,531,kumari.upasani@doordash.com,Kumari Upasani,admin,,2020-04-22 00:00:00,True,Uttar Pradesh
c5f759f2-fe22-4d40-a4df-065c22353935,531,kishore.kulshreshtha@doordash.com,Kishore Kulshreshtha,member,,2020-12-16 00:00:00,True,Uttar Pradesh
9ead85b2-1c73-4b42-b62f-981629bd8176,531,rajeshwari.saini@doordash.com,Rajeshwari Saini,member,,2020-03-17 00:00:00,True,Uttar Pradesh
43daa49e-3275-4f95-beb7-a9c3e5766fff,531,rajesh.gautam@doordash.com,Rajesh Gautam,guest,,2020-03-04 00:00:00,True,Uttar Pradesh
ccc8a944-9212-421d-ba8d-176c3e9509ae,531,sunaina.datta@doordash.com,Sunaina Datta,guest,,2020-04-13 00:00:00,True,Uttar Pradesh
69ddfe97-7c23-4e91-91c4-2c97c0729c53,531,prashant.garg@doordash.com,Prashant Garg,limited_access,,2020-01-13 00:00:00,True,Uttar Pradesh
52ef5edc-e90a-4e5c-a8bf-be2cd94cbdc9,531,kalpana.mathur@doordash.com,Kalpana Mathur,guest,,2020-10-15 00:00:00,True,Uttar Pradesh
b2716a11-1a24-4ea2-8341-6cc4b6f817e8,531,mukund.garg@doordash.com,Mukund Garg,guest,,2020-09-25 00:00:00,True,Uttar Pradesh
bab086bd-64a8-461e-9a37-f4db9ad27f70,531,shweta.dwivedi@doordash.com,Shweta Dwivedi,member,,2020-08-29 00:00:00,True,Uttar Pradesh
3bb3cd7a-1e51-4922-abdb-2213e382a329,531,sachin.tomar@doordash.com,Sachin Tomar,member,,2020-12-19 00:00:00,True,Uttar Pradesh
8521f924-8660-478c-b344-2c5f767afc4b,531,aarti.vajpayee@doordash.com,Aarti Vajpayee,member,,2020-02-06 00:00:00,True,Uttar Pradesh
682bb10f-767f-41d3-93fb-b804d268d666,531,sarvesh.johar@doordash.com,Sarvesh Johar,admin,,2020-03-28 00:00:00,True,Uttar Pradesh
382c0fff-1974-43c9-a359-8270797787d9,531,sritama.sood@doordash.com,Sritama Sood,admin,,2020-12-27 00:00:00,True,Uttar Pradesh
da89f08b-3086-40e3-a2f0-73c70e5bd7ce,531,shankar.chaturvedi@doordash.com,Shankar Chaturvedi,limited_access,,2020-04-14 00:00:00,True,Uttar Pradesh
47ecd668-42e1-4bac-897f-b2a9d4ac18a1,531,sarita.vishwakarma@doordash.com,Sarita Vishwakarma,member,,2020-05-09 00:00:00,True,Uttar Pradesh
37b2d783-fa19-4262-96d4-dfa378dc2414,531,narendra.chaurasia@doordash.com,Narendra Chaurasia,guest,,2020-11-18 00:00:00,True,Uttar Pradesh
6e642729-8b71-4bca-9cc8-530e5db3fb7d,531,lata.saxena@doordash.com,Lata Saxena,limited_access,,2020-05-05 00:00:00,True,Uttar Pradesh
63e6df96-d57d-4460-9338-c9b35219f560,531,hari.khatik@doordash.com,Hari Khatik,guest,,2020-05-22 00:00:00,True,Uttar Pradesh
0e023a91-9340-46a7-be2d-7fc681dca757,531,devaki.bhatnagar@doordash.com,Devaki Bhatnagar,admin,,2020-01-30 00:00:00,True,Uttar Pradesh
a2ec9599-fd2a-450e-b76d-7f4a147c6930,531,sudhir.gautam@doordash.com,Sudhir Gautam,limited_access,,2020-06-09 00:00:00,True,Uttar Pradesh
017460a7-f741-464d-a419-9087f9f9fbdf,531,samridhi.jaiswal@doordash.com,Samridhi Jaiswal,member,,2020-12-01 00:00:00,True,Uttar Pradesh
b8522847-d85e-4904-bf6d-4d86abfdbbe2,531,himmat.mandal@doordash.com,Himmat Mandal,guest,,2020-09-01 00:00:00,True,Uttar Pradesh
a2e73b58-ffbc-4c9e-a24e-49c234945de5,531,tejal.tomar@doordash.com,Tejal Tomar,guest,,2020-05-29 00:00:00,True,Uttar Pradesh
aea8b6cb-b2e2-49aa-ab82-df6ef2971976,531,anil.sharma@doordash.com,Anil Sharma,limited_access,,2020-09-26 00:00:00,True,Uttar Pradesh
32cf1595-1057-4e88-ad96-68589ac9c58f,531,dipali.nautiyal@doordash.com,Dipali Nautiyal,guest,,2020-03-11 00:00:00,True,Uttar Pradesh
fd197a14-f2f4-44e4-ba31-5e6dc6d9aede,531,uday.datta@doordash.com,Uday Datta,member,,2020-03-04 00:00:00,True,Uttar Pradesh
94998387-07e8-405d-bd49-e1b47e08ffa0,531,parvati.sharma@doordash.com,Parvati Sharma,limited_access,,2020-12-12 00:00:00,True,Uttar Pradesh
53f40586-93ea-482c-91c8-c81e81e1b577,531,rakesh.baghel@doordash.com,Rakesh Baghel,limited_access,,2020-08-06 00:00:00,True,Uttar Pradesh
834ff52f-8865-4f4e-8a57-f8d22248a9cc,531,vidya.tandon@doordash.com,Vidya Tandon,admin,,2020-04-08 00:00:00,True,Uttar Pradesh
e984dcbc-6f4c-48d4-94e4-05fe868eeda9,531,ishwar.vishwakarma@doordash.com,Ishwar Vishwakarma,guest,,2020-02-08 00:00:00,True,Uttar Pradesh
49d1ed92-e70f-4be5-94e8-3088e56f56d2,531,megha.upadhyay@doordash.com,Megha Upadhyay,limited_access,,2020-07-04 00:00:00,True,Uttar Pradesh
76a419e3-cfc8-4ef2-9291-126827c768af,531,rohit.nautiyal@doordash.com,Rohit Nautiyal,member,,2020-09-11 00:00:00,True,Uttar Pradesh
05afa0a6-83c8-4515-aee4-b0bc16b450f7,531,meena.upadhyay@doordash.com,Meena Upadhyay,member,,2020-05-12 00:00:00,True,Uttar Pradesh
484e2101-c139-4950-b9a6-c93d15a9136f,531,harish.chauhary@doordash.com,Harish Chauhary,limited_access,,2020-08-01 00:00:00,True,Uttar Pradesh
4b93b333-b9aa-497b-8d18-8ac6009dba66,531,usha.goyal@doordash.com,Usha Goyal,guest,,2020-07-13 00:00:00,True,Uttar Pradesh
fb174216-b967-4185-a919-8e76f198ed3a,531,vallabh.vajpayee@doordash.com,Vallabh Vajpayee,member,,2020-01-06 00:00:00,True,Uttar Pradesh
81c301c7-6fe6-413c-bf68-2b9b1ad34cde,531,sharda.pal@doordash.com,Sharda Pal,guest,,2020-05-07 00:00:00,True,Uttar Pradesh
f58032ea-d6af-44ee-a50c-5cfa4bcd1dbb,531,dipesh.kaushik@doordash.com,Dipesh Kaushik,limited_access,,2020-09-28 00:00:00,True,Uttar Pradesh
522e7a22-3859-488c-957e-2d81d1d8b19c,531,ambika.rathore@doordash.com,Ambika Rathore,member,,2020-11-30 00:00:00,True,Uttar Pradesh
d49090f0-a7d0-4cf2-8e8d-30b87b369bbe,531,harish.garg@doordash.com,Harish Garg,admin,,2020-10-27 00:00:00,True,Uttar Pradesh
d0a23ef1-f639-4f91-a95f-2cf5cfb8d2cc,531,ambika.bajpai@doordash.com,Ambika Bajpai,member,,2020-08-10 00:00:00,True,Uttar Pradesh
8385beb1-170f-4c3c-8bbd-20ba4d955d7b,531,shravan.awasthi@doordash.com,Shravan Awasthi,limited_access,,2020-11-23 00:00:00,True,Uttar Pradesh
f63467aa-6b81-47bd-8f7b-3c22a06611a0,531,kanika.tandon@doordash.com,Kanika Tandon,guest,,2020-09-10 00:00:00,True,Uttar Pradesh
e1e01742-7bee-440c-89ac-4f0cc29716de,531,devendra.gaur@doordash.com,Devendra Gaur,limited_access,,2020-08-27 00:00:00,True,Uttar Pradesh
5b9b7e90-b6f5-49be-8db6-0c6b0105a18b,531,surya.bisht@doordash.com,Surya Bisht,admin,,2020-07-11 00:00:00,True,Uttar Pradesh
a022b4e1-3ff7-4bc3-ad64-8df75ba0540d,531,sharad.awasthi@doordash.com,Sharad Awasthi,member,,2020-03-19 00:00:00,True,Uttar Pradesh
17aacda7-a222-4a99-b2db-b09b3f2a2f5d,531,surya.patwa@doordash.com,Surya Patwa,guest,,2020-06-04 00:00:00,True,Uttar Pradesh
bb0200df-295d-4758-8733-c95eb56bced4,531,krishnendu.prasad@doordash.com,Krishnendu Prasad,admin,,2020-04-08 00:00:00,True,Uttar Pradesh
45ed0c89-2168-425d-846f-189131116a9a,531,aditi.patwa@doordash.com,Aditi Patwa,admin,,2020-01-29 00:00:00,True,Uttar Pradesh
e15f0ed1-1bec-478b-8b10-4e4b3c9e0583,531,uday.jaiswal@doordash.com,Uday Jaiswal,guest,,2020-08-02 00:00:00,True,Uttar Pradesh
55feb0d7-192d-4870-bf45-64715ab359eb,531,gulab.bhandari@doordash.com,Gulab Bhandari,member,,2020-12-19 00:00:00,True,Uttar Pradesh
a884a973-8e25-4274-8fd0-66df9da4fe51,531,tarun.kesari@doordash.com,Tarun Kesari,guest,,2020-02-20 00:00:00,True,Uttar Pradesh
56540bad-4c41-42b1-b926-7d9180a21fdc,531,lalita.deshpande@doordash.com,Lalita Deshpande,admin,,2020-11-26 00:00:00,True,Uttar Pradesh
6dbc02e3-c7b4-47b0-9b65-7cfeec409294,531,vishnu.tripathi@doordash.com,Vishnu Tripathi,guest,,2020-10-05 00:00:00,True,Uttar Pradesh
2a23f8aa-1786-4d9f-b5d8-f5124981ac6d,531,jagriti.bhatti@doordash.com,Jagriti Bhatti,limited_access,,2020-05-01 00:00:00,True,Uttar Pradesh
ad06e9f5-b8fe-41a0-9fdf-2b78b378dbfc,531,santosh.vishwakarma@doordash.com,Santosh Vishwakarma,admin,,2020-09-27 00:00:00,True,Uttar Pradesh
82da2e3c-cedd-429b-b930-7d453f1d7265,531,neerja.sehgal@doordash.com,Neerja Sehgal,guest,,2020-12-04 00:00:00,True,Uttar Pradesh
d15aba88-efef-485a-8a7c-24501640efcb,531,sarvesh.babu@doordash.com,Sarvesh Babu,limited_access,,2020-02-22 00:00:00,True,Uttar Pradesh
477a68dc-4707-438c-862c-db45fa5f3748,531,indira.nath@doordash.com,Indira Nath,guest,,2020-06-13 00:00:00,True,Uttar Pradesh
8863faf8-4142-4bfa-b059-c068252ac630,531,prem.tyagi@doordash.com,Prem Tyagi,guest,,2020-02-07 00:00:00,True,Uttar Pradesh
32850325-d7ce-4b49-922b-0fc77540fe2d,531,shilpa.bhandari@doordash.com,Shilpa Bhandari,member,,2020-09-21 00:00:00,True,Uttar Pradesh
d665f47e-35ea-48d8-a988-225320e4a724,531,ganesh.kaul@doordash.com,Ganesh Kaul,guest,,2020-07-14 00:00:00,True,Uttar Pradesh
b0d98985-e8e3-40c9-a001-e7e88a3129aa,531,bhanumati.madan@doordash.com,Bhanumati Madan,limited_access,,2020-03-17 00:00:00,True,Uttar Pradesh
79ee6323-cb6c-49f7-a5da-369b576770a8,531,padmanabh.bajaj@doordash.com,Padmanabh Bajaj,guest,,2020-10-28 00:00:00,True,Uttar Pradesh
cb9e0df5-6be6-40c8-bfc2-b35bb8b2ec8f,531,tulsi.dahiya@doordash.com,Tulsi Dahiya,member,,2020-06-08 00:00:00,True,Uttar Pradesh
e42cbb6e-a62e-4199-b43a-51ef353a9d20,531,amarnath.khatik@doordash.com,Amarnath Khatik,admin,,2020-07-30 00:00:00,True,Uttar Pradesh
46a9783a-27d4-4ba3-a7df-71219f01c204,531,kavita.nagar@doordash.com,Kavita Nagar,guest,,2020-09-03 00:00:00,True,Uttar Pradesh
7fb49100-dd8b-420e-9308-f72886694a36,531,raghavendra.dubey@doordash.com,Raghavendra Dubey,guest,,2020-01-20 00:00:00,True,Uttar Pradesh
b58220c9-2bad-4c65-92a4-3b202bfd367a,531,arpita.kaushik@doordash.com,Arpita Kaushik,admin,,2020-04-03 00:00:00,True,Uttar Pradesh
1bfd4ace-db43-45a4-9c59-9f490f5b718a,531,karan.sehgal@doordash.com,Karan Sehgal,admin,,2020-05-21 00:00:00,True,Uttar Pradesh
da91bb18-4503-4106-89c8-5fe5d5137652,531,shivani.sehgal@doordash.com,Shivani Sehgal,member,,2020-01-25 00:00:00,True,Uttar Pradesh
49d80d0b-c632-41eb-8e91-d4dcbf0d82c5,531,jagat.jain@doordash.com,Jagat Jain,limited_access,,2020-06-02 00:00:00,True,Uttar Pradesh
78e93e6b-9333-498b-bd84-3a34a9993063,531,sahana.tomar@doordash.com,Sahana Tomar,limited_access,,2020-01-27 00:00:00,True,Uttar Pradesh
7d8a8fb8-edbe-4480-bf4f-fd83e20e20e7,531,trilok.kesari@doordash.com,Trilok Kesari,guest,,2020-11-06 00:00:00,True,Uttar Pradesh
de941c3a-3595-442b-aa26-d20b6b205bb3,531,jayalakshmi.goyal@doordash.com,Jayalakshmi Goyal,member,,2020-08-09 00:00:00,True,Uttar Pradesh
6131138f-32aa-4c27-9092-ab11c32b9dbe,531,sameer.datta@doordash.com,Sameer Datta,limited_access,,2020-01-04 00:00:00,True,Uttar Pradesh
43df9627-097a-477b-8d42-7284f26f14a2,531,shubha.gulati@doordash.com,Shubha Gulati,member,,2020-08-04 00:00:00,True,Uttar Pradesh
eead7632-6c11-4b50-8ac2-4363914bdfba,531,veerbhadra.goswami@doordash.com,Veerbhadra Goswami,guest,,2020-10-04 00:00:00,True,Uttar Pradesh
454abd16-714d-4a0e-9abf-92d9a67be937,531,kamakshi.rawat@doordash.com,Kamakshi Rawat,limited_access,,2020-06-05 00:00:00,True,Uttar Pradesh
9eb9750f-dbde-4d7b-9c26-4e978cba7a97,531,aditya.gupta@doordash.com,Aditya Gupta,limited_access,,2020-02-08 00:00:00,True,Uttar Pradesh
ec699186-5567-43f9-ae8c-ee65bac0dee5,531,shweta.devi@doordash.com,Shweta Devi,guest,,2020-08-14 00:00:00,True,Uttar Pradesh
4e0619e3-4bf7-4887-87fe-2dcad2494321,531,kashinath.lal@doordash.com,Kashinath Lal,guest,,2020-06-11 00:00:00,True,Uttar Pradesh
84f9e945-630b-4dac-895c-8f7b51ebed31,531,shailaja.nautiyal@doordash.com,Shailaja Nautiyal,limited_access,,2020-10-25 00:00:00,True,Uttar Pradesh
3fa85648-77b9-4761-a7ff-612f8410d164,531,rajan.khatik@doordash.com,Rajan Khatik,member,,2020-09-16 00:00:00,True,Uttar Pradesh
13e49898-0a9d-4659-9287-e2b4c43639d2,531,bharti.mani@doordash.com,Bharti Mani,admin,,2020-03-28 00:00:00,True,Uttar Pradesh
41694b2a-d51c-4bca-bc71-d65a3dad0e82,531,pradeep.kesari@doordash.com,Pradeep Kesari,member,,2020-06-24 00:00:00,True,Uttar Pradesh
a74b99a6-a290-4bca-8738-17f109816db8,531,hemlata.kashyap@doordash.com,Hemlata Kashyap,member,,2020-07-04 00:00:00,True,Uttar Pradesh
20c85b28-fd55-4a19-bef4-f01e42c403a2,531,devendra.sisodia@doordash.com,Devendra Sisodia,member,,2020-07-31 00:00:00,True,Uttar Pradesh
4db882c3-2a67-4041-b1da-9f8a6ac3092e,531,nirupama.ahuja@doordash.com,Nirupama Ahuja,guest,,2020-08-14 00:00:00,True,Uttar Pradesh
89621f36-4fe0-4a0b-9759-0cce5749c126,531,sharad.bhadauria@doordash.com,Sharad Bhadauria,limited_access,,2020-11-11 00:00:00,True,Uttar Pradesh
a72fb922-e3e3-4e83-b716-80c6bd43991d,531,anjali.baghel@doordash.com,Anjali Baghel,guest,,2020-08-21 00:00:00,True,Uttar Pradesh
b6f610b8-db25-4597-b6d5-a9641aa30f6c,531,narendra.garg@doordash.com,Narendra Garg,guest,,2020-11-02 00:00:00,True,Uttar Pradesh
8b460c70-7451-4662-919c-3e2a53e612a1,531,bhuvana.lohia@doordash.com,Bhuvana Lohia,limited_access,,2020-01-25 00:00:00,True,Uttar Pradesh
8a4d4b59-890d-4a4e-8426-88201920447a,531,pradyumna.sood@doordash.com,Pradyumna Sood,admin,,2020-03-26 00:00:00,True,Uttar Pradesh
0771cbb8-4dae-498f-95da-5a595a1c6114,531,chanda.nagar@doordash.com,Chanda Nagar,member,,2020-08-22 00:00:00,True,Uttar Pradesh
48e32769-d1b0-46fb-8fb3-ac4b2716d3ad,531,shekhar.tomar@doordash.com,Shekhar Tomar,limited_access,,2020-11-11 00:00:00,True,Uttar Pradesh
b8e51d13-f353-4e17-abae-a88654745722,531,prabha.malhotra1@doordash.com,Prabha Malhotra,admin,,2020-08-01 00:00:00,True,Uttar Pradesh
106f9b1c-7d32-416d-b747-9a95023e664e,531,rahul.sharma@doordash.com,Rahul Sharma,guest,,2020-04-13 00:00:00,True,Uttar Pradesh
7bbb7047-cbe3-4ce4-a2f7-9512ca604b0b,531,chandi.mandal@doordash.com,Chandi Mandal,limited_access,,2020-01-11 00:00:00,True,Uttar Pradesh
c2a44560-d11a-46fd-a716-38cb2acac2fe,531,sarvesh.sehgal@doordash.com,Sarvesh Sehgal,limited_access,,2020-04-23 00:00:00,True,Uttar Pradesh
1f46b284-a036-4cc8-bd2d-efaa88364af0,531,supriya.agrawal@doordash.com,Supriya Agrawal,admin,,2020-09-08 00:00:00,True,Uttar Pradesh
6b6b8520-6707-4841-ad63-8a7c21661589,531,madan.varma@doordash.com,Madan Varma,limited_access,,2020-07-26 00:00:00,True,Uttar Pradesh
2ff916ff-a664-4db6-b3c1-b53f74b51546,531,sohini.rathore@doordash.com,Sohini Rathore,guest,,2020-09-08 00:00:00,True,Uttar Pradesh
241c742b-0f8b-4fd5-aa1b-9969243bbe01,531,krishna.mathur@doordash.com,Krishna Mathur,admin,,2020-09-29 00:00:00,True,Uttar Pradesh
87d87b7c-e9ae-453a-903a-b43466781253,531,neha.sahai@doordash.com,Neha Sahai,guest,,2020-03-22 00:00:00,True,Uttar Pradesh
4175d68e-6f23-447b-a904-1b317c2b90e7,531,gopal.narang@doordash.com,Gopal Narang,guest,,2020-08-21 00:00:00,True,Uttar Pradesh
2680ac43-548e-4ab5-80d7-4449b115940a,531,gauri.pathak@doordash.com,Gauri Pathak,member,,2020-04-17 00:00:00,True,Uttar Pradesh
83eca13a-14b3-4bfb-8bfb-965d9944711f,531,nirmal.khare@doordash.com,Nirmal Khare,admin,,2020-01-23 00:00:00,True,Uttar Pradesh
6c20c67e-67fd-4f5d-a183-4d4807231da2,531,jyotsna.thakur@doordash.com,Jyotsna Thakur,admin,,2020-04-15 00:00:00,True,Uttar Pradesh
5c14eb1d-d791-4a4e-a633-9ff9bb62f719,531,rambir.dubey@doordash.com,Rambir Dubey,member,,2020-02-19 00:00:00,True,Uttar Pradesh
cbffb8d5-31ff-4021-89ed-c338a989bd19,531,sajal.goswami@doordash.com,Sajal Goswami,member,,2020-11-13 00:00:00,True,Uttar Pradesh
22be33b3-2dc8-4ea0-b21c-ffdbf4ae8339,531,avinash.upasani@doordash.com,Avinash Upasani,admin,,2020-10-19 00:00:00,True,Uttar Pradesh
7aab9ea4-7625-4224-8c2c-22acadf388be,531,shakti.khandelwal@doordash.com,Shakti Khandelwal,guest,,2020-10-01 00:00:00,True,Uttar Pradesh
dd81153c-a2da-4d76-9589-e3f244b4852e,531,vishal.seth@doordash.com,Vishal Seth,admin,,2020-09-16 00:00:00,True,Uttar Pradesh
136f068b-3882-4332-a0c0-b435d1d7c602,531,alka.sehgal@doordash.com,Alka Sehgal,guest,,2020-05-05 00:00:00,True,Uttar Pradesh
48a7f8e0-0a29-466a-b964-288400e24695,531,gaurav.pandey@doordash.com,Gaurav Pandey,member,,2020-01-18 00:00:00,True,Uttar Pradesh
c112d761-5284-4dcc-8909-9599c0c37135,531,aparajita.bhadauria@doordash.com,Aparajita Bhadauria,admin,,2020-03-30 00:00:00,True,Uttar Pradesh
f3549dce-34ef-483c-8462-78f48fad74f4,531,gulab.vyas@doordash.com,Gulab Vyas,admin,,2020-05-23 00:00:00,True,Uttar Pradesh
59aab583-722f-46b5-a228-969fd9411dbe,531,rupali.namdev@doordash.com,Rupali Namdev,admin,,2020-06-09 00:00:00,True,Uttar Pradesh
f003bd89-f190-4050-b808-792620c611ec,531,vimal.katiyar@doordash.com,Vimal Katiyar,member,,2020-02-18 00:00:00,True,Uttar Pradesh
0a8b3151-b7d6-4100-8fec-98939faaba12,531,kanika.mishra@doordash.com,Kanika Mishra,guest,,2020-10-17 00:00:00,True,Uttar Pradesh
c7611258-98ce-4192-b0a9-02a808c9431d,531,rajendra.dubey@doordash.com,Rajendra Dubey,limited_access,,2020-01-28 00:00:00,True,Uttar Pradesh
cb95de71-2d62-4eb7-9150-399c0cf031cb,531,uma.prasad@doordash.com,Uma Prasad,admin,,2020-06-19 00:00:00,True,Uttar Pradesh
0b4be4a9-e3dd-4c74-9f1e-d83f38d9c8dc,531,ishaan.srivastava@doordash.com,Ishaan Srivastava,member,,2020-10-01 00:00:00,True,Uttar Pradesh
8f21cc99-8677-4b21-8814-f51908f2694b,531,sangita.singh@doordash.com,Sangita Singh,guest,,2020-06-22 00:00:00,True,Uttar Pradesh
981dc180-7fee-4000-8a19-01205df8c785,531,dinesh.rawat@doordash.com,Dinesh Rawat,guest,,2020-07-04 00:00:00,True,Uttar Pradesh
ca61bf07-b5ca-439c-9c54-dab2a60145fa,531,lavanya.pandit@doordash.com,Lavanya Pandit,admin,,2020-12-31 00:00:00,True,Uttar Pradesh
4eac6762-7a17-4299-ad64-1f8ec3d69c41,531,shravan.sharma@doordash.com,Shravan Sharma,limited_access,,2020-02-19 00:00:00,True,Uttar Pradesh
a3d5b7e1-1751-4a61-8330-9fa4066681a4,531,manisha.maurya@doordash.com,Manisha Maurya,limited_access,,2020-05-07 00:00:00,True,Uttar Pradesh
0eb94ad6-aa53-4000-a505-a5868db804ae,531,sameer.shandilya@doordash.com,Sameer Shandilya,admin,,2020-04-20 00:00:00,True,Uttar Pradesh
ab0761cb-46fd-4d45-9c1d-56aadb6b1405,531,hemlata.kamboj@doordash.com,Hemlata Kamboj,guest,,2020-08-05 00:00:00,True,Uttar Pradesh
6f9def37-dcd4-4348-baf2-ba99e80372b1,531,mithilesh.sahay@doordash.com,Mithilesh Sahay,limited_access,,2020-04-17 00:00:00,True,Uttar Pradesh
ce8458de-ddc2-4ab7-a16b-78d24873ef3f,531,sandhya.bakshi@doordash.com,Sandhya Bakshi,member,,2020-05-27 00:00:00,True,Uttar Pradesh
1d028500-645b-4fb8-96ac-26e3722124a8,531,anand.suryavanshi@doordash.com,Anand Suryavanshi,guest,,2020-02-25 00:00:00,True,Uttar Pradesh
520913a0-f478-48d7-a347-891cc7b9dbb8,531,mamta.harish@doordash.com,Mamta Harish,limited_access,,2020-11-07 00:00:00,True,Uttar Pradesh
b712ca01-138e-45be-9b92-8426ab8d2829,531,parth.dubey@doordash.com,Parth Dubey,guest,,2020-06-28 00:00:00,True,Uttar Pradesh
651d7f07-df18-4a54-8332-be952038a6d0,531,aabha.khurana@doordash.com,Aabha Khurana,admin,,2020-03-11 00:00:00,True,Uttar Pradesh
40aa8bba-4791-4751-a741-b5bd96df2ef2,531,pranav.goel@doordash.com,Pranav Goel,member,,2020-04-30 00:00:00,True,Uttar Pradesh
ff16504d-1866-4e5b-b3f9-5f573114ee1e,531,savitri.sahni@doordash.com,Savitri Sahni,guest,,2020-04-13 00:00:00,True,Uttar Pradesh
e51da7e6-c3b7-4247-a43e-522a87c1e0a8,531,jyotiprakash.mathur@doordash.com,Jyotiprakash Mathur,member,,2020-12-22 00:00:00,True,Uttar Pradesh
3a7eb6f8-94c8-40c3-af72-b8c8054e94b5,531,sohini.pareek@doordash.com,Sohini Pareek,member,,2020-11-07 00:00:00,True,Uttar Pradesh
373b2f90-f5a4-40fe-9a7a-ef4f2b22aa41,531,karunesh.lal@doordash.com,Karunesh Lal,limited_access,,2020-02-29 00:00:00,True,Uttar Pradesh
9e0c457e-477d-4cbf-9576-23d489116e93,531,deepa.goyal@doordash.com,Deepa Goyal,guest,,2020-11-27 00:00:00,True,Uttar Pradesh
76ad6852-a850-4fdf-99d6-84f6c7054bd2,531,santosh.deshpande@doordash.com,Santosh Deshpande,guest,,2020-05-04 00:00:00,True,Uttar Pradesh
1ab9c04f-1664-4bcf-85ed-2de6d81c96fb,531,ushas.khandelwal@doordash.com,Ushas Khandelwal,guest,,2020-03-31 00:00:00,True,Uttar Pradesh
f026c05f-b36b-441c-ab39-7ea164f537e4,531,balram.tiwari@doordash.com,Balram Tiwari,limited_access,,2020-10-18 00:00:00,True,Uttar Pradesh
0f948a25-fe78-4fcb-8280-b0eda0380e7c,531,sharda.bhargava@doordash.com,Sharda Bhargava,admin,,2020-04-24 00:00:00,True,Uttar Pradesh
90f5e8e0-ce57-499c-8fb6-302a8846489a,531,tarun.shandilya@doordash.com,Tarun Shandilya,guest,,2020-03-08 00:00:00,True,Uttar Pradesh
c34847d8-143b-4136-a669-7b9a723aaddb,531,pooja.singh@doordash.com,Pooja Singh,limited_access,,2020-12-26 00:00:00,True,Uttar Pradesh
234ca3b6-ff03-4a59-923a-f68e9cd60465,531,avinash.rathore@doordash.com,Avinash Rathore,member,,2020-08-03 00:00:00,True,Uttar Pradesh
212e44f5-226d-4888-80b3-55a345fe4e8c,531,manorama.namdev@doordash.com,Manorama Namdev,member,,2020-09-18 00:00:00,True,Uttar Pradesh
c3fe9334-adc2-479b-b225-412b34daeff9,531,padmanabh.bharadwaj@doordash.com,Padmanabh Bharadwaj,member,,2020-07-16 00:00:00,True,Uttar Pradesh
860398e4-4f33-4496-b652-e14c32a2d79b,531,anuradha.babu@doordash.com,Anuradha Babu,member,,2020-11-08 00:00:00,True,Uttar Pradesh
c67f76da-3eb3-479a-853e-d0d5dc6aa31c,531,jagat.bhatti@doordash.com,Jagat Bhatti,guest,,2020-09-17 00:00:00,True,Uttar Pradesh
566e23df-811f-4700-886b-d7253867c9a1,531,chandra.khare@doordash.com,Chandra Khare,guest,,2020-03-18 00:00:00,True,Uttar Pradesh
05110f47-adfd-4ca0-947c-980c25143567,531,lakshmi.kanttyagi@doordash.com,Lakshmi Kant Tyagi,guest,,2020-10-15 00:00:00,True,Uttar Pradesh
5ac1a663-4718-4cc7-add3-a3e2bb198068,531,vinodini.saraswat@doordash.com,Vinodini Saraswat,guest,,2020-07-01 00:00:00,True,Uttar Pradesh
7f85ac57-cf44-4ade-a835-baf0cd8ca390,531,raghuveer.kesarwani@doordash.com,Raghuveer Kesarwani,member,,2020-09-06 00:00:00,True,Uttar Pradesh
3f290675-de72-4e68-8b5a-95399b12b0b2,531,anandi.gaur@doordash.com,Anandi Gaur,limited_access,,2020-01-31 00:00:00,True,Uttar Pradesh
0ebf5c15-ee98-4a45-8b8e-e7be26f88757,531,rajendra.saini@doordash.com,Rajendra Saini,limited_access,,2020-01-31 00:00:00,True,Uttar Pradesh
ab059c1d-e727-4586-9e91-84a03f8106f3,531,amba.rathore@doordash.com,Amba Rathore,limited_access,,2020-11-16 00:00:00,True,Uttar Pradesh
b18902df-040c-4c1a-97f3-8fe097422f07,531,rakesh.maheshwari@doordash.com,Rakesh Maheshwari,member,,2020-04-15 00:00:00,True,Uttar Pradesh
ccfea6bd-b54d-4d51-9a5f-fd0641a3b46d,531,vinita.kesarwani@doordash.com,Vinita Kesarwani,limited_access,,2020-12-23 00:00:00,True,Uttar Pradesh
b8d6d6c0-678a-4fc2-9e08-728034868eea,531,badrinath.pande@doordash.com,Badrinath Pande,member,,2020-01-20 00:00:00,True,Uttar Pradesh
cf176eea-05d5-4ab5-82ad-d6b646497a2c,531,alka.khare@doordash.com,Alka Khare,admin,,2020-10-24 00:00:00,True,Uttar Pradesh
b5c5506b-2dc4-4168-b70d-90ff7af26cf2,531,keshav.bisht@doordash.com,Keshav Bisht,member,,2020-03-10 00:00:00,True,Uttar Pradesh
6f4085fc-6be4-4cb7-a2f4-3688c1941c2a,531,rajeshwari.bhatnagar@doordash.com,Rajeshwari Bhatnagar,limited_access,,2020-08-19 00:00:00,True,Uttar Pradesh
7bb00e14-15b6-4ed3-8d58-a13c569c388a,531,dharmendra.bharadwaj@doordash.com,Dharmendra Bharadwaj,limited_access,,2020-01-23 00:00:00,True,Uttar Pradesh
70599a6c-b01d-43ce-bad0-ba02bd06e6da,531,vandana.shahi@doordash.com,Vandana Shahi,member,,2020-11-21 00:00:00,True,Uttar Pradesh
e128729d-4e6a-4110-9cc6-03700bae8e85,531,yashpal.paliwal@doordash.com,Yashpal Paliwal,admin,,2020-10-25 00:00:00,True,Uttar Pradesh
6d821c65-c5e1-49ae-ab8c-a621bbbe6ec0,531,ashwini.ahuja@doordash.com,Ashwini Ahuja,limited_access,,2020-06-11 00:00:00,True,Uttar Pradesh
f1923900-6892-4653-9525-196b332bd902,531,jagannath.khandelwal@doordash.com,Jagannath Khandelwal,limited_access,,2020-12-11 00:00:00,True,Uttar Pradesh
d72ff222-c56c-477c-9735-1c89f78c9b8f,531,parvati.pande@doordash.com,Parvati Pande,guest,,2020-08-29 00:00:00,True,Uttar Pradesh
5ea54724-9a61-436c-8da7-0b25228ce29e,531,param.datta@doordash.com,Param Datta,guest,,2020-10-18 00:00:00,True,Uttar Pradesh
2c73a208-e122-44b5-9243-e9edc16fd7fb,531,sakshi.kaushik@doordash.com,Sakshi Kaushik,limited_access,,2020-01-19 00:00:00,True,Uttar Pradesh
c525ee32-f97d-40f2-8bef-70cd3f19d2b8,531,chandrabhanu.rastogi@doordash.com,Chandrabhanu Rastogi,limited_access,,2020-12-20 00:00:00,True,Uttar Pradesh
67c04d80-8645-43cf-b0b1-5c55aaecf9b4,531,anandi.anand@doordash.com,Anandi Anand,guest,,2020-09-08 00:00:00,True,Uttar Pradesh
67096d59-3caa-4182-aa00-23fd64abbf43,531,raghuveer.goel@doordash.com,Raghuveer Goel,admin,,2020-02-28 00:00:00,True,Uttar Pradesh
9621a191-3c70-4aec-a3c4-f9f422c59f0d,531,bharati.tyagi@doordash.com,Bharati Tyagi,admin,,2020-03-18 00:00:00,True,Uttar Pradesh
355bee14-2d8c-44a1-9c53-67ebb1195c0f,531,sharad.madan@doordash.com,Sharad Madan,member,,2020-04-17 00:00:00,True,Uttar Pradesh
c975e7b7-58c9-4a5f-95e2-f280b7f219ba,531,hiral.nag@doordash.com,Hiral Nag,guest,,2020-01-16 00:00:00,True,Uttar Pradesh
bc9db5ba-df33-42de-82c9-35aa4e171220,531,mohan.bais@doordash.com,Mohan Bais,guest,,2020-01-20 00:00:00,True,Uttar Pradesh
ce2c8ecf-daf9-4d5e-b63e-a00d1311462e,531,sundari.sisodia@doordash.com,Sundari Sisodia,member,,2020-09-29 00:00:00,True,Uttar Pradesh
8fb0646d-cf7c-4f8f-9769-d136d970d3db,531,badrinath.kumarmodi@doordash.com,Badrinath KumarModi,member,,2020-03-06 00:00:00,True,Uttar Pradesh
5fac5256-7288-4eaa-a3ab-590b7044a140,531,surya.bhardwaj@doordash.com,Surya Bhardwaj,admin,,2020-03-13 00:00:00,True,Uttar Pradesh
ff63a3ee-8953-494a-85fd-4b8310ab90b3,531,pradeep.gaur@doordash.com,Pradeep Gaur,limited_access,,2020-03-04 00:00:00,True,Uttar Pradesh
948147d8-39a4-4925-996d-8cbfbe4f8e00,531,sunaina.johar@doordash.com,Sunaina Johar,guest,,2020-08-19 00:00:00,True,Uttar Pradesh
96f1946f-5af5-4151-8059-898a2698fd0e,531,ramgopal.saraswat@doordash.com,Ramgopal Saraswat,limited_access,,2020-12-21 00:00:00,True,Uttar Pradesh
d563cae2-d0d1-4a3d-adc6-1351fe7d63e8,531,hema.pathak@doordash.com,Hema Pathak,member,,2020-09-18 00:00:00,True,Uttar Pradesh
9402762f-c564-4533-8175-63082253221f,531,pradeep.dubey@doordash.com,Pradeep Dubey,guest,,2020-10-23 00:00:00,True,Chhattisgarh
bdf50af4-0091-4546-be37-de6d748cd326,531,aarti.sain@doordash.com,Aarti Sain,member,,2020-05-24 00:00:00,True,Chhattisgarh
57aa6615-2fc6-4d99-9232-de23b36eaa77,531,chandra.dubey@doordash.com,Chandra Dubey,admin,,2020-01-17 00:00:00,True,Chhattisgarh
eaba8dda-2762-48fe-bbe7-ef63d5d43628,531,durga.sardarkumari@doordash.com,Durga Sardar kumari,admin,,2020-12-16 00:00:00,True,Chhattisgarh
5c3a6719-ccee-46e9-ae7f-4ce81d852a43,531,vijay.sarin@doordash.com,Vijay Sarin,member,,2020-05-25 00:00:00,True,Chhattisgarh
71676bf5-b695-4bb0-b676-5b03ba5a7993,531,chandana.dewanganamma@doordash.com,Chandana Dewangan amma,admin,,2020-08-31 00:00:00,True,Chhattisgarh
2b65a742-9fc1-4727-856e-005e733d6956,531,gangaadhar.nand@doordash.com,Gangaadhar Nand,member,,2020-01-27 00:00:00,True,Chhattisgarh
beb9c8fd-12f9-45d4-9dc7-b4fc181d2586,531,dhanashree.bansal@doordash.com,Dhanashree Bansal,admin,,2020-08-15 00:00:00,True,Chhattisgarh
5d4780a8-4c3a-472a-acbe-aa6281fe6e60,531,vijay.das@doordash.com,Vijay Das,limited_access,,2020-07-03 00:00:00,True,Chhattisgarh
92b293c3-3f48-4ce6-8269-847b395078b3,531,rekha.gurjardevi@doordash.com,Rekha Gurjar devi,limited_access,,2020-06-14 00:00:00,True,Chhattisgarh
0f7440db-0038-4305-aa65-f291e2195e68,531,balram.gupta@doordash.com,Balram Gupta,admin,,2020-12-22 00:00:00,True,Chhattisgarh
d4a3b3b6-a43e-42d6-a79b-d7b38942b257,531,neha.wadhwa@doordash.com,Neha Wadhwa,admin,,2020-08-20 00:00:00,True,Chhattisgarh
a42afc57-8273-4354-805f-8841b6d8a2fb,531,pranjal.malik@doordash.com,Pranjal Malik,guest,,2020-04-11 00:00:00,True,Chhattisgarh
edb7955e-bf6d-4b0a-904b-3989c3e4479b,531,savitri.arvind@doordash.com,Savitri Arvind,guest,,2020-02-28 00:00:00,True,Chhattisgarh
278dcaef-3932-4798-9ec1-5641005da814,531,vijay.rishav@doordash.com,Vijay Rishav,admin,,2020-12-25 00:00:00,True,Chhattisgarh
26948b4d-f4a3-4208-976b-1eeea73d3abb,531,preeti.puwar@doordash.com,Preeti Puwar,member,,2020-12-11 00:00:00,True,Chhattisgarh
b43cdc8f-561c-4277-bd7b-71d650d6d0cb,531,prashant.shinde@doordash.com,Prashant Shinde,limited_access,,2020-09-19 00:00:00,True,Chhattisgarh
ae66b127-ed06-4ee2-a761-6ea47ccfba42,531,sangeeta.ranadevi@doordash.com,Sangeeta Rana devi,member,,2020-12-08 00:00:00,True,Chhattisgarh
783b6ff7-1b59-4fee-8740-ce3ca25204c2,531,chandrapal.mahale@doordash.com,Chandrapal Mahale,limited_access,,2020-12-26 00:00:00,True,Chhattisgarh
9a43097e-d019-4ae1-b810-d77e76150dab,531,vandana.jadhav@doordash.com,Vandana Jadhav,member,,2020-08-29 00:00:00,True,Chhattisgarh
c92f0086-4df7-4bf4-b8b7-2f300270cb91,531,kalyan.sain@doordash.com,Kalyan Sain,member,,2020-12-11 00:00:00,True,Chhattisgarh
3857eaac-cac6-44fd-b0d6-158954201d59,531,chitralekha.sundrani@doordash.com,Chitralekha Sundrani,guest,,2020-06-03 00:00:00,True,Chhattisgarh
0510d495-972f-41d6-b07b-c62f90a7295d,531,harbhajan.gurjar@doordash.com,Harbhajan Gurjar,member,,2020-08-01 00:00:00,True,Chhattisgarh
87e4b84a-78c8-4403-aa5c-cb47d03ffbe6,531,ishwari.das@doordash.com,Ishwari Das,guest,,2020-06-07 00:00:00,True,Chhattisgarh
abacaae1-d794-4990-b3aa-e41725340303,531,suman.ojh@doordash.com,Suman Ojh,admin,,2020-04-11 00:00:00,True,Chhattisgarh
a6befe37-283f-401c-9371-2a148c937fab,531,kajal.sonidevi@doordash.com,Kajal Soni devi,member,,2020-11-15 00:00:00,True,Chhattisgarh
76068880-ea7c-41ac-8029-2c66820fee02,531,tejendra.dewange@doordash.com,Tejendra Dewange,admin,,2020-06-14 00:00:00,True,Chhattisgarh
b69e1408-ec05-423d-9e53-538d341bf3b2,531,mansi.patwari@doordash.com,Mansi Patwari,member,,2020-04-21 00:00:00,True,Chhattisgarh
b51940da-aeb8-4bb7-ad4e-270a1cf52d9d,531,manoj.bhuriya@doordash.com,Manoj Bhuriya,admin,,2020-09-17 00:00:00,True,Chhattisgarh
f246c5b8-fff1-459a-8044-37e81420c844,531,pooja.sanghvi@doordash.com,Pooja Sanghvi,admin,,2020-03-21 00:00:00,True,Chhattisgarh
70f614a1-beb7-4713-9bab-3388cac5782e,531,shyam.sundarmahindra@doordash.com,Shyam Sundar Mahindra,admin,,2020-06-07 00:00:00,True,Chhattisgarh
33908d14-73de-4ac2-8a7c-7afb1704ce30,531,kumud.chaudhary@doordash.com,Kumud Chaudhary,member,,2020-04-23 00:00:00,True,Chhattisgarh
cd68d7a7-418f-4230-b54f-1b921987d56a,531,vikramjeet.ojh@doordash.com,Vikramjeet Ojh,admin,,2020-01-30 00:00:00,True,Chhattisgarh
868101af-2812-4031-8a25-ef202d550fd5,531,snehal.kumari@doordash.com,Snehal Kumari,admin,,2020-11-05 00:00:00,True,Chhattisgarh
31c25010-bc56-40f0-b8ff-9ea7f3f3b75c,531,harishchandra.koshik@doordash.com,Harishchandra Koshik,guest,,2020-08-31 00:00:00,True,Chhattisgarh
a4cb33fa-13d6-43b5-b97c-2b55fb87a087,531,swarnima.rishav@doordash.com,Swarnima Rishav,guest,,2020-04-20 00:00:00,True,Chhattisgarh
8a959f17-01ee-4172-93b0-3186fa981e75,531,ravi.rishav@doordash.com,Ravi Rishav,member,,2020-07-17 00:00:00,True,Chhattisgarh
263bebfd-ec60-4fa0-ab3d-b19db72bad69,531,anjali.khuntia@doordash.com,Anjali Khuntia,limited_access,,2020-04-08 00:00:00,True,Chhattisgarh
b7b48998-d648-401d-bf0a-6432da966b49,531,dharmendra.mandavi@doordash.com,Dharmendra Mandavi,member,,2020-12-14 00:00:00,True,Chhattisgarh
188514d4-bcec-4ec3-8dda-df184131553f,531,aanchal.girela@doordash.com,Aanchal Girela,member,,2020-12-11 00:00:00,True,Chhattisgarh
4f597aee-6c9d-45b6-9758-f397d3d99da7,531,sanjay.sharma@doordash.com,Sanjay Sharma,guest,,2020-05-22 00:00:00,True,Chhattisgarh
76e63d79-3fed-4058-a71c-b8d05a3d89ad,531,dhanashree.tomaramma@doordash.com,Dhanashree Tomar amma,limited_access,,2020-11-10 00:00:00,True,Chhattisgarh
fb1e30af-d3f2-40a2-92c3-68ce43085187,531,shashank.pahuja@doordash.com,Shashank Pahuja,admin,,2020-07-25 00:00:00,True,Chhattisgarh
8f7bb5bd-4efa-40dd-ad09-bc55a7831871,531,asha.radheshyamkumari@doordash.com,Asha Radheshyam kumari,guest,,2020-01-02 00:00:00,True,Chhattisgarh
20289b2c-99af-4f9f-9b87-1c63d76bf0da,531,shivraj.mandavi@doordash.com,Shivraj Mandavi,guest,,2020-10-25 00:00:00,True,Chhattisgarh
abf38a63-dce1-4acc-930b-a0845425b3ce,531,kanak.khalidamma@doordash.com,Kanak Khalid amma,limited_access,,2020-06-08 00:00:00,True,Chhattisgarh
4e6c4ee8-fe3a-4b8d-af3e-ace4e6fd24ef,531,krishan.waghmare@doordash.com,Krishan Waghmare,admin,,2020-08-29 00:00:00,True,Chhattisgarh
8af699f8-1e0b-4cf6-9f6a-91cb991603ba,531,priti.shrivastava@doordash.com,Priti Shrivastava,guest,,2020-10-18 00:00:00,True,Chhattisgarh
3a7fc003-77e9-450b-b8f9-baaa46a48976,531,vishwajeet.gandhi@doordash.com,Vishwajeet Gandhi,limited_access,,2020-06-01 00:00:00,True,Chhattisgarh
9e9d5d7b-315f-4cd4-a21d-6bd13ad95922,531,gayatri.kansara@doordash.com,Gayatri Kansara,member,,2020-10-04 00:00:00,True,Chhattisgarh
865688ee-ad7a-49ff-9079-b01ad5575c11,531,ravindra.khalid@doordash.com,Ravindra Khalid,member,,2020-09-18 00:00:00,True,Chhattisgarh
1e550745-a3ac-4006-aacc-f2f7872f236f,531,ishita.tandelkumari@doordash.com,Ishita Tandel kumari,guest,,2020-01-04 00:00:00,True,Chhattisgarh
f6bcab2f-b5ae-4dd3-a74f-2ee8b3c3997a,531,chandran.kale@doordash.com,Chandran Kale,guest,,2020-11-03 00:00:00,True,Chhattisgarh
dcf8105a-c84c-41d9-98f7-1f8902b503c8,531,suman.girelaamma@doordash.com,Suman Girela amma,admin,,2020-01-06 00:00:00,True,Chhattisgarh
4caa8605-a77f-4170-97f4-ef6fe91367ff,531,bhavesh.panwar@doordash.com,Bhavesh Panwar,member,,2020-12-20 00:00:00,True,Chhattisgarh
4be4a587-6c8c-44d9-90c8-92d001bd09a6,531,chitralekha.rawatdevi@doordash.com,Chitralekha Rawat devi,member,,2020-04-25 00:00:00,True,Chhattisgarh
82e764dd-0bba-457d-a7a2-29f3cbe9a4ac,531,rakesh.maravi@doordash.com,Rakesh Maravi,member,,2020-11-08 00:00:00,True,Chhattisgarh
43472bba-f79f-4d15-9930-1aff51e7f267,531,ishwari.pillai@doordash.com,Ishwari Pillai,admin,,2020-03-03 00:00:00,True,Chhattisgarh
c27ba062-31d4-4a82-a370-1b4e6b1ea09f,531,shankar.dewan@doordash.com,Shankar Dewan,limited_access,,2020-03-18 00:00:00,True,Chhattisgarh
012cd846-77b1-4ce1-900f-56cb1a7426d0,531,shobha.kailash@doordash.com,Shobha Kailash,limited_access,,2020-12-02 00:00:00,True,Chhattisgarh
5e91797c-736f-4017-8478-0ab072f9490c,531,manojendra.thakur@doordash.com,Manojendra Thakur,admin,,2020-02-24 00:00:00,True,Chhattisgarh
665e352c-ee74-466f-a373-0ece27926f6e,531,jaya.vermadevi@doordash.com,Jaya Verma devi,limited_access,,2020-08-10 00:00:00,True,Chhattisgarh
6b89fcb3-544b-4e51-8852-ab18e6eda9e8,531,girish.gope@doordash.com,Girish Gope,limited_access,,2020-03-03 00:00:00,True,Chhattisgarh
d1ad0536-9818-4d8e-ac77-42af2aad0dd3,531,ujjwala.dandekar@doordash.com,Ujjwala Dandekar,admin,,2020-02-04 00:00:00,True,Chhattisgarh
40f80bf2-93b7-4ee6-9cdb-fe6e1d38c361,531,ravindra.singhtomar@doordash.com,Ravindra Singh Tomar,admin,,2020-02-07 00:00:00,True,Chhattisgarh
52c2f77e-3f17-40f2-b143-4dd07f157b32,531,shruti.shinde@doordash.com,Shruti Shinde,guest,,2020-08-12 00:00:00,True,Chhattisgarh
367070aa-25c9-463f-a3b4-1e238455eee4,531,gulzar.pahuja@doordash.com,Gulzar Pahuja,member,,2020-07-26 00:00:00,True,Chhattisgarh
866dca3e-b35d-48db-b7ea-be9dbe2881a9,531,shubhi.mathewsamma@doordash.com,Shubhi Mathews amma,guest,,2020-07-03 00:00:00,True,Chhattisgarh
68145217-3465-4e41-9bc8-81e92394a0e2,531,lalit.kumarpatwardhan@doordash.com,Lalit Kumar Patwardhan,guest,,2020-12-12 00:00:00,True,Chhattisgarh
2ff8bace-a30d-4c89-bc5e-b1ddb99d3a7a,531,alpana.gulzar@doordash.com,Alpana Gulzar,guest,,2020-06-01 00:00:00,True,Chhattisgarh
83eb1a1d-acd1-4428-a8b4-f72fd82ca025,531,lakshman.gavandi@doordash.com,Lakshman Gavandi,guest,,2020-07-27 00:00:00,True,Chhattisgarh
6d9c653a-18d0-4a8e-ab04-bc29136f5994,531,ananya.prajapati@doordash.com,Ananya Prajapati,admin,,2020-06-25 00:00:00,True,Chhattisgarh
d5a23e84-6add-4e6d-ad53-e49d7b1594bb,531,punit.nayak@doordash.com,Punit Nayak,member,,2020-02-26 00:00:00,True,Chhattisgarh
4991dc44-1e05-4d4c-bdaa-31eaee0a7594,531,rupali.rathore@doordash.com,Rupali Rathore,guest,,2020-12-25 00:00:00,True,Chhattisgarh
b0fac18a-7f32-4e7c-b80b-5e0903985971,531,bhojraj.dudhva@doordash.com,Bhojraj Dudhva,limited_access,,2020-02-09 00:00:00,True,Chhattisgarh
6322e1d2-a574-4ee2-8b4a-07a30f9c2cc1,531,alpana.ratan@doordash.com,Alpana Ratan,member,,2020-01-28 00:00:00,True,Chhattisgarh
70a48d29-9704-4769-951e-1399e7b6ee62,531,uday.suresh@doordash.com,Uday Suresh,guest,,2020-09-27 00:00:00,True,Chhattisgarh
c54e8474-65c4-4dd6-a6e2-f0ff5c2f5017,531,chitrani.shindedevi@doordash.com,Chitrani Shinde devi,admin,,2020-10-10 00:00:00,True,Chhattisgarh
55a490c5-9e2d-46f0-97db-3c0db52c15b4,531,raghavendra.chaurasia@doordash.com,Raghavendra Chaurasia,member,,2020-07-27 00:00:00,True,Chhattisgarh
685ef269-4911-4c5a-be34-6108635f2207,531,isha.devpura@doordash.com,Isha Devpura,limited_access,,2020-06-14 00:00:00,True,Chhattisgarh
0151f740-a168-4d58-acff-0e2099654517,531,pushkar.chandran@doordash.com,Pushkar Chandran,admin,,2020-02-15 00:00:00,True,Chhattisgarh
86f63c78-ea49-4236-b836-bf6a66bfab2b,531,ravi.kansari@doordash.com,Ravi Kansari,admin,,2020-04-13 00:00:00,True,Chhattisgarh
adbcb8eb-fc9e-4fb7-b7a9-7299c0c2a2ac,531,krishandev.sarin@doordash.com,Krishandev Sarin,admin,,2020-04-10 00:00:00,True,Chhattisgarh
ab017f2f-ae8a-4c8e-9745-17f243d16240,531,rama.gautam@doordash.com,Rama Gautam,admin,,2020-08-09 00:00:00,True,Chhattisgarh
0227ca61-7447-43be-b5a2-dc4c484a8f0d,531,deepankar.bodh@doordash.com,Deepankar Bodh,limited_access,,2020-07-02 00:00:00,True,Chhattisgarh
159ca172-f253-49ec-87f7-3ba44fdf7ed4,531,alpana.jogidevi@doordash.com,Alpana Jogi devi,member,,2020-02-21 00:00:00,True,Chhattisgarh
dffb004c-6ea5-41cf-8fac-676b52c9d6c1,531,avinash.hirpara@doordash.com,Avinash Hirpara,limited_access,,2020-08-25 00:00:00,True,Chhattisgarh
d46ea7f7-4f38-400f-8359-dd6d1c15f08b,531,manju.chaudhary@doordash.com,Manju Chaudhary,member,,2020-07-02 00:00:00,True,Chhattisgarh
018fd678-907b-49bc-aca9-01b9b45e2a4c,531,sumanth.agrawal@doordash.com,Sumanth Agrawal,admin,,2020-07-21 00:00:00,True,Chhattisgarh
23b576d3-c6a7-41f5-85ba-b204f3bcb4fd,531,bela.dudhva@doordash.com,Bela Dudhva,member,,2020-05-30 00:00:00,True,Chhattisgarh
3e333246-52d0-4c78-9a1d-cf5dedba7169,531,anil.gond@doordash.com,Anil Gond,admin,,2020-10-21 00:00:00,True,Chhattisgarh
5c26a5c4-15e7-4ec0-b99d-56d9553722e1,531,lakshmi.jadhavpuri@doordash.com,Lakshmi Jadhavpuri,guest,,2020-02-10 00:00:00,True,Chhattisgarh
8fe42ab3-3298-4673-bb34-bc494cdc555e,531,dharmendra.bhil@doordash.com,Dharmendra Bhil,member,,2020-08-08 00:00:00,True,Chhattisgarh
ee54e763-48f8-4836-a41f-d2d17025a3c7,531,shivani.kharwaramma@doordash.com,Shivani Kharwar amma,admin,,2020-11-19 00:00:00,True,Chhattisgarh
9bdc3025-691f-4866-82ba-6a0d19b67d6d,531,nandkishore.kansari@doordash.com,Nandkishore Kansari,member,,2020-01-06 00:00:00,True,Chhattisgarh
c9c8143a-c3c8-4aff-81ae-9e5993713b1d,531,vasundhara.tandel@doordash.com,Vasundhara Tandel,admin,,2020-04-20 00:00:00,True,Chhattisgarh
6d2ceec7-a114-4058-9bf7-863a5b0fca3b,531,rohan.kumaryadava@doordash.com,Rohan Kumar Yadava,member,,2020-04-21 00:00:00,True,Chhattisgarh
3602d7c4-83ba-4717-bbfd-4431681d570b,531,vandita.jadhavpurikumari@doordash.com,Vandita Jadhavpuri kumari,member,,2020-05-12 00:00:00,True,Chhattisgarh
ccb906a8-f07d-475d-b404-435e28bb442a,531,vikramjeet.teg@doordash.com,Vikramjeet Teg,admin,,2020-01-04 00:00:00,True,Chhattisgarh
f94b0ef1-a54a-48bd-a93d-f469a1f0cb74,531,shilpa.mahindra@doordash.com,Shilpa Mahindra,limited_access,,2020-10-11 00:00:00,True,Chhattisgarh
b9a53b6a-ec34-44f7-b902-e66cc7e6eba5,531,aaditya.malik@doordash.com,Aaditya Malik,guest,,2020-06-19 00:00:00,True,Chhattisgarh
535b8a08-fc7e-44b8-bd07-17124abb03e9,531,ravi.pasi@doordash.com,Ravi Pasi,guest,,2020-08-25 00:00:00,True,Chhattisgarh
1c583eb6-0a62-4b1e-8c9c-9a77ccd67d86,531,vijay.goswami@doordash.com,Vijay Goswami,guest,,2020-07-17 00:00:00,True,Chhattisgarh
dd5fe116-2ee9-442b-8b4e-f1cc0e0b9bfd,531,chandni.pasidevi@doordash.com,Chandni Pasi devi,admin,,2020-10-16 00:00:00,True,Chhattisgarh
23c68a57-5fe3-47fc-a132-dfaa8e9c7021,531,shashank.mehta@doordash.com,Shashank Mehta,member,,2020-02-05 00:00:00,True,Chhattisgarh
0e5b492e-fa60-4a75-90ec-03ea299683a7,531,kashish.sutardevi@doordash.com,Kashish Sutar devi,member,,2020-11-11 00:00:00,True,Chhattisgarh
27ebae3b-16d1-4304-a09c-1c4600ec53f2,531,laxminarayan.sareen@doordash.com,Laxminarayan Sareen,admin,,2020-04-17 00:00:00,True,Chhattisgarh
909edd08-695f-4d7e-8838-cbe351c1950f,531,bansari.thakur@doordash.com,Bansari Thakur,guest,,2020-08-15 00:00:00,True,Chhattisgarh
4909e1ea-1781-499c-9f90-62ff0535694f,531,harish.gavandi@doordash.com,Harish Gavandi,admin,,2020-12-27 00:00:00,True,Chhattisgarh
0faebdc6-7354-4867-919a-5bc6e8a0b6a0,531,champa.mathur@doordash.com,Champa Mathur,admin,,2020-12-03 00:00:00,True,Chhattisgarh
4c3e6c50-a3f0-4f8c-99a6-b5da8f48fef2,531,rohan.vaghela@doordash.com,Rohan Vaghela,limited_access,,2020-04-18 00:00:00,True,Chhattisgarh
a989fd06-3544-4665-a42d-a2aee52d69b3,531,ananya.khalifa@doordash.com,Ananya Khalifa,guest,,2020-10-08 00:00:00,True,Chhattisgarh
4e3ba9d2-4137-4fb1-b189-95ddb8a2bad3,531,rajender.kumarshrivastava@doordash.com,Rajender Kumar Shrivastava,guest,,2020-12-20 00:00:00,True,Chhattisgarh
3f302815-47fc-4f3e-b052-46ebf6dd722d,531,ishita.baiga@doordash.com,Ishita Baiga,limited_access,,2020-12-04 00:00:00,True,Chhattisgarh
84254029-4bf2-49e7-a451-31c63eb7def1,531,nandan.radheshyam@doordash.com,Nandan Radheshyam,limited_access,,2020-06-05 00:00:00,True,Chhattisgarh
ae18ffe2-b00b-401b-aac3-8e37247cc12f,531,rani.raut@doordash.com,Rani Raut,member,,2020-01-04 00:00:00,True,Chhattisgarh
a647320c-32df-4e23-8510-da8c2b40da1f,531,harishankar.garg@doordash.com,Harishankar Garg,admin,,2020-09-09 00:00:00,True,Chhattisgarh
396fd385-ad81-48f0-a917-776fee8c936c,531,sushma.baigadevi@doordash.com,Sushma Baiga devi,guest,,2020-04-24 00:00:00,True,Chhattisgarh
c683e6f8-87b2-4ce7-afe2-c2648453c8d9,531,kundan.pandey@doordash.com,Kundan Pandey,limited_access,,2020-05-07 00:00:00,True,Chhattisgarh
c45b0009-17a7-47e2-a33e-e0c953c73012,531,gulika.singh@doordash.com,Gulika Singh,guest,,2020-06-08 00:00:00,True,Chhattisgarh
13113fb9-6528-4605-bc8f-d0bb1cc9a935,531,tanu.mahana@doordash.com,Tanu Mahana,guest,,2020-12-09 00:00:00,True,Chhattisgarh
b02cb12a-0e69-4736-a069-d981ae94790f,531,poonam.pratap@doordash.com,Poonam Pratap,admin,,2020-10-27 00:00:00,True,Chhattisgarh
c7f43114-17f5-4008-a121-bc99e8b636aa,531,rohan.santhia@doordash.com,Rohan Santhia,admin,,2020-10-17 00:00:00,True,Chhattisgarh
6361c766-f80e-45d2-8728-2d9818771cb4,531,bina.mote@doordash.com,Bina Mote,member,,2020-12-03 00:00:00,True,Chhattisgarh
37599d08-d004-4e8d-ae45-23035476d278,531,babu.suryakant@doordash.com,Babu Suryakant,limited_access,,2020-06-17 00:00:00,True,Chhattisgarh
0f0e32e4-7ab1-4f8c-b961-d62eeb4d173b,531,ishwari.bhotia@doordash.com,Ishwari Bhotia,guest,,2020-11-13 00:00:00,True,Chhattisgarh
21772ced-a412-4913-8306-b824e970ba12,531,yogesh.agarwal@doordash.com,Yogesh Agarwal,limited_access,,2020-06-15 00:00:00,True,Chhattisgarh
f09be456-5973-4901-b1d5-eb805581fe27,531,jagrati.kheda@doordash.com,Jagrati Kheda,member,,2020-11-08 00:00:00,True,Chhattisgarh
df88ddec-f03e-400d-958b-f5347b49b364,531,raghav.dubey@doordash.com,Raghav Dubey,guest,,2020-10-20 00:00:00,True,Chhattisgarh
b349979d-57fa-4e64-bf6c-3b8eb5a3908b,531,bhavya.hirwani@doordash.com,Bhavya Hirwani,limited_access,,2020-04-21 00:00:00,True,Chhattisgarh
b4f21148-0281-49a9-b208-e03e247f1513,531,harish.sanghvi@doordash.com,Harish Sanghvi,guest,,2020-01-08 00:00:00,True,Chhattisgarh
9c9ca834-9616-4773-83a7-809cedb15440,531,parul.vermadevi@doordash.com,Parul Verma devi,admin,,2020-01-24 00:00:00,True,Chhattisgarh
2380e201-d74b-460d-b9f0-d5f84aa4ef9d,531,ashok.bhagat@doordash.com,Ashok Bhagat,member,,2020-07-07 00:00:00,True,Chhattisgarh
24fc5a86-249b-43e6-a364-797b1f6682f3,531,tulsi.panwaramma@doordash.com,Tulsi Panwar amma,admin,,2020-10-07 00:00:00,True,Chhattisgarh
cdd0ece8-0980-4c09-bb91-18552c2177dd,531,ganesh.dhruv@doordash.com,Ganesh Dhruv,limited_access,,2020-01-05 00:00:00,True,Chhattisgarh
67c4647f-258d-408b-bbd5-be7fcb7c7a53,531,mansi.tiwari@doordash.com,Mansi Tiwari,member,,2020-05-21 00:00:00,True,Chhattisgarh
fc04fe57-bace-4c44-bb91-b1de71693b28,531,krishan.chawan@doordash.com,Krishan Chawan,guest,,2020-12-17 00:00:00,True,Chhattisgarh
5ac4262e-c37c-494c-96a7-5fc2989ca9dd,531,savita.bastiadevi@doordash.com,Savita Bastia devi,limited_access,,2020-07-04 00:00:00,True,Chhattisgarh
1eace012-55ed-42a4-9029-0bddb08e5bde,531,ashwin.mundra@doordash.com,Ashwin Mundra,member,,2020-09-30 00:00:00,True,Chhattisgarh
fd025deb-763e-43a6-904c-7641a503bced,531,rama.mandavikumari@doordash.com,Rama Mandavi kumari,guest,,2020-02-05 00:00:00,True,Chhattisgarh
ecfc7e8e-d9a0-42e7-958f-faf459837fa2,531,manish.chaurasiya@doordash.com,Manish Chaurasiya,admin,,2020-08-15 00:00:00,True,Chhattisgarh
c7c9f79d-68a5-413b-9f68-486660befd1e,531,gauri.bairagidevi@doordash.com,Gauri Bairagi devi,guest,,2020-10-15 00:00:00,True,Chhattisgarh
048fc245-8dc6-467e-8dee-39fb48df13d8,531,navin.gandhi@doordash.com,Navin Gandhi,admin,,2020-03-22 00:00:00,True,Chhattisgarh
83d574a1-8336-4757-894c-620cf63fe159,531,manju.prajapati@doordash.com,Manju Prajapati,member,,2020-02-13 00:00:00,True,Chhattisgarh
54db4f9c-bff0-4012-b483-1de09b290277,531,rohan.chitariya@doordash.com,Rohan Chitariya,limited_access,,2020-02-03 00:00:00,True,Chhattisgarh
3dc65b67-759d-41e6-93ce-269ab4e6237d,531,charulata.bhujel@doordash.com,Charulata Bhujel,admin,,2020-02-11 00:00:00,True,Chhattisgarh
151605e4-78ef-43b8-be14-475f8c81ebc1,531,kishore.dubey@doordash.com,Kishore Dubey,guest,,2020-01-12 00:00:00,True,Chhattisgarh
419a0af4-fc4e-45dc-be18-715f0dcd7586,531,vasudha.malik@doordash.com,Vasudha Malik,member,,2020-03-27 00:00:00,True,Chhattisgarh
eaed70d4-41f6-4357-b8d0-09ce87525ff4,531,mahesh.mundra@doordash.com,Mahesh Mundra,guest,,2020-07-04 00:00:00,True,Chhattisgarh
6db1089c-5f5b-437c-90db-808f3897714c,531,anshika.wadhwa@doordash.com,Anshika Wadhwa,limited_access,,2020-12-29 00:00:00,True,Chhattisgarh
bd53c0cb-7a5d-4840-96f3-fb8d303125bf,531,abhishek.shekhar@doordash.com,Abhishek Shekhar,member,,2020-10-06 00:00:00,True,Chhattisgarh
152b9b05-e3e8-4213-9f1a-c71ef48176ec,531,mansi.mathurkumari@doordash.com,Mansi Mathur kumari,admin,,2020-12-19 00:00:00,True,Chhattisgarh
63db9ee6-2857-48c6-9ecc-1d1abdcefbd5,531,kailashchandra.bhil@doordash.com,Kailashchandra Bhil,member,,2020-01-10 00:00:00,True,Chhattisgarh
be3ee464-bb0d-41ca-98dc-6b403f4dbffb,531,seema.kshatriya@doordash.com,Seema Kshatriya,limited_access,,2020-08-29 00:00:00,True,Chhattisgarh
68b6345b-7e42-411d-a160-355aa395dd05,531,raghuraj.girela@doordash.com,Raghuraj Girela,guest,,2020-05-11 00:00:00,True,Chhattisgarh
5602894e-60f1-496c-a3a1-5d46ed290a06,531,sushma.gurjardevi@doordash.com,Sushma Gurjar devi,admin,,2020-02-10 00:00:00,True,Chhattisgarh
3108ac12-b20a-45c9-92a4-33f2d6b3dd09,531,naveen.bhagat@doordash.com,Naveen Bhagat,guest,,2020-06-20 00:00:00,True,Chhattisgarh
1fbfa82b-e9ec-4e6a-b562-c6351ba50424,531,meera.kandalakumari@doordash.com,Meera Kandala kumari,guest,,2020-01-23 00:00:00,True,Chhattisgarh
b1f3c0e3-7639-439f-800c-1bf302508a83,531,vikash.kadam@doordash.com,Vikash Kadam,member,,2020-05-21 00:00:00,True,Chhattisgarh
8488bdab-4b83-4e59-945d-140781978944,531,rukmini.sonkar@doordash.com,Rukmini Sonkar,member,,2020-11-14 00:00:00,True,Chhattisgarh
fedba2e0-11be-4679-b2d3-4c76a04d313b,531,girish.dangi@doordash.com,Girish Dangi,guest,,2020-11-11 00:00:00,True,Chhattisgarh
be0ba22e-6e57-4f2e-8db5-1acb9dadd15d,531,ravi.gargamma@doordash.com,Ravi Garg amma,guest,,2020-04-24 00:00:00,True,Chhattisgarh
13a3b542-f882-4e2e-841a-dcf38cec2119,531,piyush.nadkarni@doordash.com,Piyush Nadkarni,guest,,2020-07-17 00:00:00,True,Chhattisgarh
598c13a4-ebc9-447b-b8e1-c95226c14ee7,531,kalpana.pandey@doordash.com,Kalpana Pandey,member,,2020-04-03 00:00:00,True,Chhattisgarh
040e6e58-c1db-4951-a580-b42ea9070f2b,531,umesh.kumarbhotia@doordash.com,Umesh Kumar Bhotia,limited_access,,2020-06-25 00:00:00,True,Chhattisgarh
0faacff4-56be-44af-8a18-765ce28d89ec,531,sakhi.banjaradevi@doordash.com,Sakhi Banjara devi,limited_access,,2020-04-02 00:00:00,True,Chhattisgarh
e7f14d34-a9f2-46e5-9fcc-0a4d0bb1b032,531,ashok.chitariya@doordash.com,Ashok Chitariya,member,,2020-12-31 00:00:00,True,Chhattisgarh
731f9c09-760c-4ec2-a0c3-822121f4a378,531,chitralekha.chaudhary@doordash.com,Chitralekha Chaudhary,admin,,2020-07-18 00:00:00,True,Chhattisgarh
0f9c57ec-50af-46da-97f0-14893c6e9f80,531,naveen.chouhan@doordash.com,Naveen Chouhan,admin,,2020-11-28 00:00:00,True,Chhattisgarh
bff4f5d3-f628-48b9-bdbb-b725c25bd202,531,anju.chandok@doordash.com,Anju Chandok,admin,,2020-12-10 00:00:00,True,Chhattisgarh
23e94a1e-2fa5-4a21-90dd-3aee4c21c449,531,tejas.suryakant@doordash.com,Tejas Suryakant,member,,2020-08-29 00:00:00,True,Chhattisgarh
77a8e710-526a-468f-8852-aee6e7e32277,531,alka.mahajan@doordash.com,Alka Mahajan,guest,,2020-04-14 00:00:00,True,Chhattisgarh
54798f64-39e1-4ab4-a1e1-dc5ecd47a1da,531,laxman.singhsah@doordash.com,Laxman Singh Sah,admin,,2020-07-24 00:00:00,True,Chhattisgarh
adb17d6c-cd77-4d0d-b413-318a14ad7d7d,531,kamala.nayakdevi@doordash.com,Kamala Nayak devi,admin,,2020-02-29 00:00:00,True,Chhattisgarh
6dc099ee-bf9b-4aa0-83d3-45caa5289621,531,rajendra.nayak@doordash.com,Rajendra Nayak,admin,,2020-07-10 00:00:00,True,Chhattisgarh
cf415bed-62df-40cf-9888-e8b307564830,531,mukti.pasi@doordash.com,Mukti Pasi,admin,,2020-06-29 00:00:00,True,Chhattisgarh
19cb3549-7a9f-404d-9fca-7be09ba55529,531,raghuraj.hirwani@doordash.com,Raghuraj Hirwani,member,,2020-04-20 00:00:00,True,Chhattisgarh
67ab0fd6-7b87-4e52-a0d7-9e45c96261be,531,charul.kishore@doordash.com,Charul Kishore,admin,,2020-05-13 00:00:00,True,Chhattisgarh
f8896fb0-c163-4e94-938d-d313708a193f,531,lakhan.sahai@doordash.com,Lakhan Sahai,admin,,2020-10-19 00:00:00,True,Chhattisgarh
a88b3d29-2bd0-484b-b7f3-76cf30d8f359,531,abha.yadava@doordash.com,Abha Yadava,member,,2020-03-14 00:00:00,True,Chhattisgarh
3f5ef399-6aa6-422c-b36a-7dc928beeab8,531,vikash.rai@doordash.com,Vikash Rai,limited_access,,2020-05-21 00:00:00,True,Chhattisgarh
519bdd3d-bf11-4186-97b1-3c167c07ef35,531,chitra.rajwaramma@doordash.com,Chitra Rajwar amma,member,,2020-06-22 00:00:00,True,Chhattisgarh
5b0d05a9-0134-4aba-9892-26afe7be296a,531,balaram.gurjar@doordash.com,Balaram Gurjar,member,,2020-04-11 00:00:00,True,Chhattisgarh
97244d0b-4f36-4429-9cea-e09f5afaebf3,531,nita.verma@doordash.com,Nita Verma,guest,,2020-02-09 00:00:00,True,Chhattisgarh
4da93677-331c-44f2-88e3-932f8daabbc1,531,kishen.shekhar@doordash.com,Kishen Shekhar,guest,,2020-11-25 00:00:00,True,Chhattisgarh
68547fd0-f47f-4211-94cd-b01343bb7023,531,indira.jadhavpuridevi@doordash.com,Indira Jadhavpuri devi,limited_access,,2020-07-03 00:00:00,True,Chhattisgarh
a32028b4-5462-4230-a4af-dd3cae4c97d1,531,chandra.santhia@doordash.com,Chandra Santhia,limited_access,,2020-05-26 00:00:00,True,Chhattisgarh
c829b43f-9bf3-4d52-b439-ab6558c22e9a,531,bela.agrawal@doordash.com,Bela Agrawal,member,,2020-11-10 00:00:00,True,Chhattisgarh
f69d21e8-9329-4646-b5bb-a03304bcf68c,531,jai.kishanrajwar@doordash.com,Jai Kishan Rajwar,admin,,2020-10-26 00:00:00,True,Chhattisgarh
97ad239a-7815-471d-a4e2-4aa93d841224,531,kirti.kachroo@doordash.com,Kirti Kachroo,member,,2020-05-31 00:00:00,True,Chhattisgarh
cb094fd3-daba-4a2e-b69a-ab79e7bf1bef,531,chandran.pahuja@doordash.com,Chandran Pahuja,admin,,2020-12-10 00:00:00,True,Chhattisgarh
19970319-83ff-4204-962c-02a6faf15955,531,tanuja.puwar@doordash.com,Tanuja Puwar,guest,,2020-04-10 00:00:00,True,Chhattisgarh
a25295b1-20d2-4107-bd93-f80f5fbd1644,531,siddhesh.disha@doordash.com,Siddhesh Disha,guest,,2020-03-23 00:00:00,True,Chhattisgarh
cee70428-a69d-46a2-987d-b0e56217586f,531,sangeeta.thokarkumari@doordash.com,Sangeeta Thokar kumari,limited_access,,2020-10-26 00:00:00,True,Chhattisgarh
6ec13de0-bdf0-4274-8800-4386652fe944,531,nayan.patwardhan@doordash.com,Nayan Patwardhan,guest,,2020-07-11 00:00:00,True,Chhattisgarh
82269b34-ba90-4e1b-97e5-dec9c652cbfa,531,madhurima.thakur@doordash.com,Madhurima Thakur,guest,,2020-11-11 00:00:00,True,Chhattisgarh
d6368017-840f-47bd-838b-668f9b959a73,531,harbhajan.baghel@doordash.com,Harbhajan Baghel,member,,2020-08-20 00:00:00,True,Chhattisgarh
d4a2c99f-7539-4cf3-8073-22a8a7537fbf,531,yashika.puwar@doordash.com,Yashika Puwar,guest,,2020-09-17 00:00:00,True,Chhattisgarh
fff3602b-11b5-421c-9aa0-b89f2b1c8855,531,ravindra.dewani@doordash.com,Ravindra Dewani,guest,,2020-09-15 00:00:00,True,Chhattisgarh
bcff0406-7402-441e-9765-d489d3d05fdb,531,narmada.gondkumari@doordash.com,Narmada Gond kumari,guest,,2020-03-13 00:00:00,True,Chhattisgarh
83971f10-19ef-4932-a92f-49339e179028,531,brijesh.pasi@doordash.com,Brijesh Pasi,member,,2020-05-21 00:00:00,True,Chhattisgarh
b77826cd-1955-4b20-88ed-16fc23dcd905,531,bindu.kothari@doordash.com,Bindu Kothari,member,,2020-10-24 00:00:00,True,Chhattisgarh
c5cc831f-fa4c-4764-9e40-cb666ea1016e,531,manojendra.khuntia@doordash.com,Manojendra Khuntia,member,,2020-01-04 00:00:00,True,Chhattisgarh
9728c6b3-175f-47c1-8721-4c1bb2d1f944,531,sarika.pahuja@doordash.com,Sarika Pahuja,limited_access,,2020-08-18 00:00:00,True,Chhattisgarh
e0201f5d-2aca-4327-bb31-37a261d83c48,531,madhav.poddar@doordash.com,Madhav Poddar,member,,2020-07-12 00:00:00,True,Chhattisgarh
1e2e9087-f7d5-4cd7-a4f7-c9166538ed2b,531,madhavi.dhruvkumari@doordash.com,Madhavi Dhruv kumari,member,,2020-07-12 00:00:00,True,Chhattisgarh
18f484ad-740d-4f93-bdbf-4262195fbceb,531,shankar.singhmishra@doordash.com,Shankar Singh Mishra,limited_access,,2020-03-05 00:00:00,True,Chhattisgarh
ce29f138-9389-419c-a9e1-4e2a1a1c58ba,531,meenal.dandekardevi@doordash.com,Meenal Dandekar devi,limited_access,,2020-09-11 00:00:00,True,Chhattisgarh
a431f037-effb-427b-b05f-6918675fb31c,531,rohan.kumarkumbhakarna@doordash.com,Rohan Kumar Kumbhakarna,admin,,2020-02-16 00:00:00,True,Chhattisgarh
b80e8810-6781-4b9d-a6a5-31e5c9a6c330,531,yashoda.mahaleamma@doordash.com,Yashoda Mahale amma,guest,,2020-06-04 00:00:00,True,Chhattisgarh
3aed715a-b378-43c8-bd2c-6f2334f98a1f,531,pritam.kansara@doordash.com,Pritam Kansara,limited_access,,2020-09-03 00:00:00,True,Chhattisgarh
1a977475-6347-424d-a42b-0c35a6d383ff,531,nandini.panchaldevi@doordash.com,Nandini Panchal devi,limited_access,,2020-06-27 00:00:00,True,Chhattisgarh
07d12470-cb2c-403d-8084-7ec98de07a9c,531,nandu.dewan@doordash.com,Nandu Dewan,member,,2020-08-24 00:00:00,True,Chhattisgarh
bc598b9e-4bb0-4825-9fbc-e98acbeaef3d,531,nikita.kishore1@doordash.com,Nikita Kishore,admin,,2020-08-29 00:00:00,True,Chhattisgarh
87899f10-c195-4927-817a-2709f9157f6a,531,lakshman.rishav@doordash.com,Lakshman Rishav,admin,,2020-11-13 00:00:00,True,Chhattisgarh
5e4000a8-39d4-4fe3-ba4c-8cf784d90f2f,531,sangeeta.hirwani@doordash.com,Sangeeta Hirwani,limited_access,,2020-09-30 00:00:00,True,Chhattisgarh
c126ff3e-17ef-4d55-8af2-07675410a64d,531,sanjiv.brahman@doordash.com,Sanjiv Brahman,limited_access,,2020-05-13 00:00:00,True,Chhattisgarh
6479ee77-3bb3-416f-ba65-1f24ee12a433,531,manju.rathorekumari@doordash.com,Manju Rathore kumari,admin,,2020-02-17 00:00:00,True,Chhattisgarh
630aade3-3500-4186-83d0-84432910635f,531,madhav.mahindra@doordash.com,Madhav Mahindra,member,,2020-09-27 00:00:00,True,Chhattisgarh
0540d493-9b8f-4318-a955-35494d5cfdd5,531,geetanjali.chitariya@doordash.com,Geetanjali Chitariya,member,,2020-07-09 00:00:00,True,Chhattisgarh
3212394c-3ea4-498c-9be7-ed55dcfc666f,531,pravin.chandrawanshi@doordash.com,Pravin Chandrawanshi,admin,,2020-01-11 00:00:00,True,Chhattisgarh
2c650554-8553-4ebf-a4e4-0e43cfc94148,531,bela.goswami@doordash.com,Bela Goswami,admin,,2020-07-27 00:00:00,True,Chhattisgarh
cfd11f94-e06f-44eb-bff7-913533ffee67,531,kushal.rishav@doordash.com,Kushal Rishav,guest,,2020-11-05 00:00:00,True,Chhattisgarh
1c4181b4-1718-42bf-9102-d161e828306f,531,vasudha.kshatriyadevi@doordash.com,Vasudha Kshatriya devi,member,,2020-11-21 00:00:00,True,Chhattisgarh
3910cb34-8abc-4e5b-b950-1a7d64155e8c,531,suresh.kansara@doordash.com,Suresh Kansara,guest,,2020-11-26 00:00:00,True,Chhattisgarh
8a669de1-5d53-4244-8634-e16bece1a390,531,lalitha.kuswahakumari@doordash.com,Lalitha Kuswaha kumari,member,,2020-09-17 00:00:00,True,Chhattisgarh
3622ddb8-e1db-48c7-b161-775d733d1ffd,531,balveer.bhandari@doordash.com,Balveer Bhandari,admin,,2020-07-13 00:00:00,True,Chhattisgarh
edb27715-5285-43e0-baec-38c792b8239f,531,rishika.gond@doordash.com,Rishika Gond,member,,2020-09-12 00:00:00,True,Chhattisgarh
84a8a56a-0854-4c24-86c4-859e16190fae,531,kailas.dhakad@doordash.com,Kailas Dhakad,guest,,2020-08-08 00:00:00,True,Chhattisgarh
c07ca9b3-0285-46bd-9f73-3eff643a720b,531,dayita.tegamma@doordash.com,Dayita Teg amma,member,,2020-05-25 00:00:00,True,Chhattisgarh
bcad95d3-5161-4af5-8acb-704d6e0faa13,531,madhur.gautam@doordash.com,Madhur Gautam,guest,,2020-03-28 00:00:00,True,Chhattisgarh
d7e24c64-12ce-48af-8266-6ea3f82b7490,531,vandana.chitariyadevi@doordash.com,Vandana Chitariya devi,admin,,2020-08-24 00:00:00,True,Chhattisgarh
7fb37e98-542f-4af1-9a27-4604e8127daf,531,sudhir.kalia@doordash.com,Sudhir Kalia,member,,2020-05-05 00:00:00,True,Chhattisgarh
aeee020b-6286-43ca-8edc-549401c22d31,531,yashoda.sonkaramma@doordash.com,Yashoda Sonkar amma,member,,2020-10-20 00:00:00,True,Chhattisgarh
f91afe99-da25-4c96-bc5a-9b9fd78d5043,531,niranjan.jogi@doordash.com,Niranjan Jogi,guest,,2020-09-13 00:00:00,True,Chhattisgarh
a605fc5b-6c19-473e-8a71-1263e975643b,531,nirmala.kailash@doordash.com,Nirmala Kailash,guest,,2020-02-21 00:00:00,True,Chhattisgarh
7e3a485f-18cb-4ce0-9d6a-8bf43629f662,531,lakshman.varma@doordash.com,Lakshman Varma,admin,,2020-05-25 00:00:00,True,Chhattisgarh
add4df06-d8af-4d4c-8ba1-89a050204da4,531,lata.vermaamma@doordash.com,Lata Verma amma,limited_access,,2020-01-08 00:00:00,True,Chhattisgarh
e97d2796-641e-493f-8a32-1e9c8864c332,531,sushant.suryawanshi@doordash.com,Sushant Suryawanshi,limited_access,,2020-06-03 00:00:00,True,Chhattisgarh
ce72858a-26d4-41f1-838c-fb0e0bfb4b40,531,barkha.shubhamamma@doordash.com,Barkha Shubham amma,admin,,2020-10-22 00:00:00,True,Chhattisgarh
def17b80-ee4c-4b33-89cd-a17020b53f57,531,shashank.chawan@doordash.com,Shashank Chawan,limited_access,,2020-09-04 00:00:00,True,Chhattisgarh
8003a076-0242-4ce1-8839-e1ec8a834a70,531,mukti.gautam@doordash.com,Mukti Gautam,member,,2020-08-18 00:00:00,True,Chhattisgarh
e0d9fbee-2003-4d48-916f-9c4938787e4a,531,rohit.pahuja@doordash.com,Rohit Pahuja,guest,,2020-06-23 00:00:00,True,Chhattisgarh
fc531bd0-f8a9-403e-9792-67a36c01e31a,531,anju.goreamma@doordash.com,Anju Gore amma,member,,2020-04-13 00:00:00,True,Chhattisgarh
dfe9d305-1e8e-4614-a06e-90421175e176,531,rohan.kheda@doordash.com,Rohan Kheda,admin,,2020-03-17 00:00:00,True,Chhattisgarh
722f5478-0d7a-42fc-8d98-771bfa87bcaf,531,sushila.kachroo@doordash.com,Sushila Kachroo,guest,,2020-09-09 00:00:00,True,Chhattisgarh
0cd3c310-2250-45f1-b16a-fc9db6066fcf,531,parmeshwar.shekhar@doordash.com,Parmeshwar Shekhar,admin,,2020-04-27 00:00:00,True,Chhattisgarh
75f40083-43f5-4e43-93a2-bfa83ba914c7,531,gauri.singhamma@doordash.com,Gauri Singh amma,admin,,2020-12-21 00:00:00,True,Chhattisgarh
99d6edc8-9cb0-4515-9e7f-18bd340e3e50,531,raj.rajput@doordash.com,Raj Rajput,admin,,2020-01-27 00:00:00,True,Chhattisgarh
2bde7a41-b501-4c82-866a-5f1a737f1425,531,bina.gond@doordash.com,Bina Gond,limited_access,,2020-02-18 00:00:00,True,Chhattisgarh
737572b8-be48-4372-bfac-77304e250b51,531,vikash.bhaure@doordash.com,Vikash Bhaure,limited_access,,2020-06-23 00:00:00,True,Chhattisgarh
75444625-ba21-4fbd-9b1e-8bc0d4bb7e3e,531,mukti.sardar@doordash.com,Mukti Sardar,member,,2020-02-24 00:00:00,True,Chhattisgarh
776d55b8-d248-4fc7-b412-571b15b1118f,531,pushkar.thakur@doordash.com,Pushkar Thakur,admin,,2020-09-15 00:00:00,True,Chhattisgarh
ca54b77c-c02c-450c-bba7-37e082b5d841,531,aanchal.pandey@doordash.com,Aanchal Pandey,admin,,2020-09-03 00:00:00,True,Chhattisgarh
e970486b-95d1-4d26-9594-181aff3aa499,531,raghavendra.sareen@doordash.com,Raghavendra Sareen,member,,2020-07-02 00:00:00,True,Chhattisgarh
93bcc9f7-a756-42ff-b285-48440f309abc,531,seema.ahujakumari@doordash.com,Seema Ahuja kumari,admin,,2020-04-18 00:00:00,True,Chhattisgarh
d0306f71-6b5f-4b28-aa7d-e6b7e156db5e,531,ravindra.waghmare@doordash.com,Ravindra Waghmare,admin,,2020-11-08 00:00:00,True,Chhattisgarh
c28418f8-3c6e-466c-af44-aab4a901f1d0,531,yashika.chitariyakumari@doordash.com,Yashika Chitariya kumari,guest,,2020-04-15 00:00:00,True,Chhattisgarh
b637a482-1fec-45fe-9dc5-77596838f6fa,531,mithun.sundrani@doordash.com,Mithun Sundrani,member,,2020-03-25 00:00:00,True,Chhattisgarh
d5f36e36-bed8-4433-82e5-07794da39924,531,mansi.kadli@doordash.com,Mansi Kadli,member,,2020-10-10 00:00:00,True,Chhattisgarh
56022492-de74-418d-8a65-8320a6126e8f,531,manik.bhotia@doordash.com,Manik Bhotia,admin,,2020-05-11 00:00:00,True,Chhattisgarh
6efc421e-a7d1-4060-8f4a-583b9b2ce61a,531,tara.gautamkumari@doordash.com,Tara Gautam kumari,member,,2020-12-06 00:00:00,True,Chhattisgarh
edbf7e02-0431-47f6-b2b9-c1969f7fe2e4,531,pushkar.gavandi@doordash.com,Pushkar Gavandi,admin,,2020-04-18 00:00:00,True,Chhattisgarh
48c004f6-2904-4e58-a63f-084841ed2c3a,531,charul.dandekardevi@doordash.com,Charul Dandekar devi,member,,2020-01-22 00:00:00,True,Chhattisgarh
22be4cff-5ef3-4a3d-80f2-eb9df87fa0c5,531,manish.wadhwa@doordash.com,Manish Wadhwa,limited_access,,2020-08-10 00:00:00,True,Chhattisgarh
db981784-a2b6-40e3-930a-077dc3331c7e,531,bhavna.kalki@doordash.com,Bhavna Kalki,limited_access,,2020-07-28 00:00:00,True,Chhattisgarh
a62ddc16-d5bc-43f3-9922-f350d4a54b80,531,tejasvi.soni@doordash.com,Tejasvi Soni,limited_access,,2020-08-31 00:00:00,True,Chhattisgarh
5252f261-6829-476e-9837-e8dbdb7f6f16,531,nita.wadhwa@doordash.com,Nita Wadhwa,guest,,2020-11-06 00:00:00,True,Chhattisgarh
5d3c726d-4c2a-476f-af2f-e1ab7b945188,531,vikrant.jadhavpuri@doordash.com,Vikrant Jadhavpuri,admin,,2020-01-26 00:00:00,True,Chhattisgarh
9b5094f6-0133-4da5-932c-97547985782c,531,yamini.bhujel@doordash.com,Yamini Bhujel,member,,2020-03-15 00:00:00,True,Chhattisgarh
15359fc6-8a6f-408b-8caa-7c94e648c46f,531,brijesh.jogi@doordash.com,Brijesh Jogi,admin,,2020-11-05 00:00:00,True,Chhattisgarh
cdbc0fa9-7d6c-4ffa-a33b-15f5f6b2d4c9,531,nirmala.kandalakumari@doordash.com,Nirmala Kandala kumari,limited_access,,2020-01-29 00:00:00,True,Chhattisgarh
31f34d19-4c1e-4600-b97a-9506fe836459,531,balram.agarwal@doordash.com,Balram Agarwal,limited_access,,2020-03-07 00:00:00,True,Chhattisgarh
86a83bdd-e0fe-44d3-9e30-d4b52a769eac,531,alpana.kumawat@doordash.com,Alpana Kumawat,limited_access,,2020-07-19 00:00:00,True,Chhattisgarh
678dd8a6-c024-4eb7-b7ee-1e5c885277e2,531,jai.kishankhatik@doordash.com,Jai Kishan Khatik,limited_access,,2020-11-15 00:00:00,True,Chhattisgarh
2bed68dc-f0c4-478a-bfb7-915f7755633c,531,savita.khare@doordash.com,Savita Khare,guest,,2020-06-30 00:00:00,True,Chhattisgarh
5252f19f-7a51-4445-a532-2c7bf56c6847,531,avinash.dandekar@doordash.com,Avinash Dandekar,limited_access,,2020-02-14 00:00:00,True,Chhattisgarh
ca5d2666-f64e-4935-9625-28c6370d5b94,531,swati.mandavikumari@doordash.com,Swati Mandavi kumari,guest,,2020-08-15 00:00:00,True,Chhattisgarh
7601b63e-2ebe-45a6-b0a2-9233c6f70bef,531,brijesh.agarwal@doordash.com,Brijesh Agarwal,member,,2020-07-17 00:00:00,True,Chhattisgarh
4a284a39-8d9b-44c1-87f4-caafc1d4927f,531,sakhi.kumari@doordash.com,Sakhi Kumari,member,,2020-04-29 00:00:00,True,Chhattisgarh
03d797df-74dc-429e-ba96-04e3db4132a5,531,prashant.kachhap@doordash.com,Prashant Kachhap,member,,2020-04-14 00:00:00,True,Chhattisgarh
79918a03-a448-4ecc-9ec2-ae4567f8d937,531,aanchal.koshik@doordash.com,Aanchal Koshik,guest,,2020-04-06 00:00:00,True,Chhattisgarh
9d0a8fb9-64a6-4c65-b0c0-91c5f29070ab,531,ravi.kachhwa@doordash.com,Ravi Kachhwa,limited_access,,2020-04-26 00:00:00,True,Chhattisgarh
8cbcc8f7-efd1-4e58-b9fc-01d4ddc4ae4e,531,chhavi.gulzarkumari@doordash.com,Chhavi Gulzar kumari,member,,2020-07-05 00:00:00,True,Chhattisgarh
3f7451a1-0d04-4793-9ab3-acf5b44a6330,531,anil.sharma1@doordash.com,Anil Sharma,admin,,2020-06-19 00:00:00,True,Chhattisgarh
c4db786d-557a-474a-be48-21759de6915d,531,madhurima.gurjarkumari@doordash.com,Madhurima Gurjar kumari,guest,,2020-01-03 00:00:00,True,Chhattisgarh
4700b69c-04c1-4ba1-86f1-a065089fadcc,531,chirag.sushil@doordash.com,Chirag Sushil,member,,2020-11-05 00:00:00,True,Chhattisgarh
1b24c9a6-53e4-4f77-ba04-1357b63f7261,531,aarti.kansara@doordash.com,Aarti Kansara,member,,2020-11-15 00:00:00,True,Chhattisgarh
1e82c8ff-378b-4ede-9b7b-387bcba519b6,531,chhatrapal.kothari@doordash.com,Chhatrapal Kothari,member,,2020-04-27 00:00:00,True,Chhattisgarh
3dedee7f-d3ae-4ef8-af72-81513a783ee4,531,kamala.mundra@doordash.com,Kamala Mundra,limited_access,,2020-05-02 00:00:00,True,Chhattisgarh
4806add7-0b57-4906-82c0-2e1617e77452,531,shyam.teg@doordash.com,Shyam Teg,limited_access,,2020-08-21 00:00:00,True,Chhattisgarh
f755cac1-0413-4ad3-8ab3-8b6f2abe297f,531,vandana.sonkardevi@doordash.com,Vandana Sonkar devi,guest,,2020-07-15 00:00:00,True,Chhattisgarh
9f191b18-554b-43a3-8043-fdd5c55ef353,531,madhav.bodh@doordash.com,Madhav Bodh,guest,,2020-07-31 00:00:00,True,Chhattisgarh
fe5ac71b-c71f-4c50-9958-bf612e7ec9d4,531,lakshmi.poddar@doordash.com,Lakshmi Poddar,admin,,2020-04-02 00:00:00,True,Chhattisgarh
cdc803bd-940d-42da-a517-fd21b05c4e6a,531,dushyant.barman@doordash.com,Dushyant Barman,guest,,2020-12-24 00:00:00,True,Chhattisgarh
dea73d3a-ad33-47ef-9794-f21bd039f64e,531,chitrani.adhikaridevi@doordash.com,Chitrani Adhikari devi,admin,,2020-11-10 00:00:00,True,Chhattisgarh
2ea5ab32-ca9a-4e7d-ac4f-e811bb628c54,531,chandresh.agrawal@doordash.com,Chandresh Agrawal,guest,,2020-03-20 00:00:00,True,Chhattisgarh
15731080-ffc9-497b-8d45-8de385938ec4,531,kavita.gautamamma@doordash.com,Kavita Gautam amma,guest,,2020-04-28 00:00:00,True,Chhattisgarh
f049ad67-c85e-49d2-92dc-0391f21e8f36,531,ravindra.singhgarasiya@doordash.com,Ravindra Singh Garasiya,member,,2020-03-26 00:00:00,True,Chhattisgarh
333bbc5a-55ea-4e2b-b534-67ed9172a5fa,531,asha.kheda@doordash.com,Asha Kheda,guest,,2020-06-18 00:00:00,True,Chhattisgarh
4a034e8f-25df-412c-bf5d-5de4ccabcc52,531,gopal.kumawat@doordash.com,Gopal Kumawat,member,,2020-05-08 00:00:00,True,Chhattisgarh
36218961-222b-4d16-951a-28a25a017d43,531,nandini.sutarkumari@doordash.com,Nandini Sutar kumari,guest,,2020-08-01 00:00:00,True,Chhattisgarh
05437d63-6e2b-42ca-83fc-f045180a29f1,531,kishen.pal@doordash.com,Kishen Pal,limited_access,,2020-09-20 00:00:00,True,Chhattisgarh
7c096d33-79f8-4394-acb7-7866a1ff6d75,531,parvati.mahindra@doordash.com,Parvati Mahindra,guest,,2020-02-10 00:00:00,True,Chhattisgarh
c03bc6b1-b476-4e16-b33e-d14265dc9323,531,kartikay.negi@doordash.com,Kartikay Negi,admin,,2020-07-17 00:00:00,True,Chhattisgarh
3969ec01-3ed1-408d-b4c6-f039c11a1d94,531,chandana.lalkumari@doordash.com,Chandana Lal kumari,limited_access,,2020-11-03 00:00:00,True,Chhattisgarh
ab26fbf0-dbbe-4b5d-b8e4-45377c4cbe1d,531,anant.singh@doordash.com,Anant Singh,limited_access,,2020-11-21 00:00:00,True,Chhattisgarh
35f080a4-371e-407b-9eee-c213f3abed94,531,pooja.kansaraamma@doordash.com,Pooja Kansara amma,limited_access,,2020-03-15 00:00:00,True,Chhattisgarh
ed89c260-82ab-4621-b841-e5ad7853b6d9,531,inder.kishore@doordash.com,Inder Kishore,limited_access,,2020-11-08 00:00:00,True,Chhattisgarh
49e0751a-c728-4772-b423-8721dc5101d4,531,sashi.varma@doordash.com,Sashi Varma,guest,,2020-09-25 00:00:00,True,Chhattisgarh
6b312c23-1659-4ff3-aa69-95e096f73642,531,mahendra.gupta@doordash.com,Mahendra Gupta,member,,2020-10-05 00:00:00,True,Chhattisgarh
041bd899-a631-4cb7-a3b1-96fe8c7afd8a,531,narmada.chandravanshi@doordash.com,Narmada Chandravanshi,limited_access,,2020-07-09 00:00:00,True,Chhattisgarh
6ce2be49-d9c4-4633-829f-b134cfccb645,531,devendra.radheshyam@doordash.com,Devendra Radheshyam,limited_access,,2020-03-24 00:00:00,True,Chhattisgarh
ab472173-986c-4bd3-a2ba-8f729b54c975,531,kamala.ahuja@doordash.com,Kamala Ahuja,guest,,2020-01-11 00:00:00,True,Chhattisgarh
88651268-f477-4be0-850a-d3cc93926c3d,531,ravindra.singhkariya@doordash.com,Ravindra Singh Kariya,member,,2020-11-13 00:00:00,True,Chhattisgarh
c0e51bd2-af98-476a-b14e-3ac09cb0cca5,531,shruti.garasiya@doordash.com,Shruti Garasiya,guest,,2020-11-11 00:00:00,True,Chhattisgarh
b3b7332f-3c14-4bef-9a39-786787fcbe10,531,vishnu.sarin@doordash.com,Vishnu Sarin,guest,,2020-01-17 00:00:00,True,Chhattisgarh
80c41379-b648-4414-b363-2035f7044718,531,sana.sharmaamma@doordash.com,Sana Sharma amma,guest,,2020-03-28 00:00:00,True,Chhattisgarh
f8a36e35-2f14-4a78-bf82-84306818046a,531,vijender.sarin@doordash.com,Vijender Sarin,guest,,2020-05-23 00:00:00,True,Chhattisgarh
18c864c8-ec65-49d8-964a-2a21321ebec1,531,chandrika.tiwariamma@doordash.com,Chandrika Tiwari amma,guest,,2020-12-17 00:00:00,True,Chhattisgarh
25601d91-92bf-4960-9df3-3956461b88dd,531,pradeep.kuswaha@doordash.com,Pradeep Kuswaha,guest,,2020-08-17 00:00:00,True,Chhattisgarh
4c1914db-5f15-4369-b45b-84613eb2ee05,531,meenal.kamathamma@doordash.com,Meenal Kamath amma,member,,2020-09-05 00:00:00,True,Chhattisgarh
d44b7c8d-0314-4a57-b472-e1ef0a8d470f,531,krishnan.chhattisgarhiya@doordash.com,Krishnan Chhattisgarhiya,member,,2020-01-07 00:00:00,True,Chhattisgarh
1058ce51-6394-4e96-89c1-3a9dbfd1d3e2,531,tanu.bhuriya@doordash.com,Tanu Bhuriya,guest,,2020-03-14 00:00:00,True,Chhattisgarh
88790d18-e917-46e0-9168-25e4cc8adc87,531,krishandev.goswami@doordash.com,Krishandev Goswami,limited_access,,2020-11-13 00:00:00,True,Chhattisgarh
f2fdf885-117b-45f0-9e6d-bacac25ce9ee,531,savitri.koshik@doordash.com,Savitri Koshik,guest,,2020-03-21 00:00:00,True,Chhattisgarh
84096d8c-f509-4edb-bd3b-8dc350e4a592,531,kartikay.dewani@doordash.com,Kartikay Dewani,guest,,2020-01-03 00:00:00,True,Chhattisgarh
2838aa50-cbea-4ff1-a869-f62c61e2d39a,531,devika.bansaldevi@doordash.com,Devika Bansal devi,admin,,2020-05-17 00:00:00,True,Chhattisgarh
8f7359fc-8ccc-4c3d-84c6-f8ba21774a38,531,ravi.bhatt@doordash.com,Ravi Bhatt,guest,,2020-12-01 00:00:00,True,Chhattisgarh
6df1e913-7535-40ec-a060-e2966bc36cc9,531,shivani.chandelakumari@doordash.com,Shivani Chandela kumari,guest,,2020-05-09 00:00:00,True,Chhattisgarh
2c0f7c1e-68b4-4ef3-8af6-8cb92f8f1307,531,kalyan.pillai@doordash.com,Kalyan Pillai,admin,,2020-10-10 00:00:00,True,Chhattisgarh
62878eca-8f0b-4850-9587-c2053ada4128,531,chandana.manjhi@doordash.com,Chandana Manjhi,limited_access,,2020-08-04 00:00:00,True,Chhattisgarh
8dab7131-de16-4fb8-bddc-0442ba32df6e,531,jai.kishanraut@doordash.com,Jai Kishan Raut,member,,2020-12-28 00:00:00,True,Chhattisgarh
c47862c1-7aa8-4c0e-b6a8-6772d8fb1848,531,ujjwala.shindeamma@doordash.com,Ujjwala Shinde amma,admin,,2020-05-18 00:00:00,True,Chhattisgarh
8c3c993b-a801-4f13-8f8d-5806ca4c5b93,531,karan.radheshyam@doordash.com,Karan Radheshyam,admin,,2020-02-04 00:00:00,True,Chhattisgarh
85ebb792-6f08-40fd-ae61-250dab19bdba,531,asha.kishoredevi@doordash.com,Asha Kishore devi,limited_access,,2020-06-07 00:00:00,True,Chhattisgarh
cd0bfdd3-3944-4d51-9ad6-a09c830bbcc5,531,ankit.biswas@doordash.com,Ankit Biswas,member,,2020-01-06 00:00:00,True,Chhattisgarh
3c5d226b-5b35-4736-a1da-6ac4fa792525,531,bina.khuntiaamma@doordash.com,Bina Khuntia amma,limited_access,,2020-11-23 00:00:00,True,Chhattisgarh
752a50f9-f643-4f23-9a99-782e757f105a,531,jagannath.pandit@doordash.com,Jagannath Pandit,member,,2020-09-30 00:00:00,True,Chhattisgarh
48b2be56-b56d-4ac5-943e-767b0ba6a4d4,531,sushma.teg@doordash.com,Sushma Teg,limited_access,,2020-07-02 00:00:00,True,Chhattisgarh
386a7ec1-15ce-4dd0-b987-cae500612099,531,vishal.raval@doordash.com,Vishal Raval,limited_access,,2020-04-13 00:00:00,True,Chhattisgarh
3b0add13-d52d-4517-a7f3-f6b99fa8a1c4,531,shubhi.maravidevi@doordash.com,Shubhi Maravi devi,guest,,2020-05-13 00:00:00,True,Chhattisgarh
c69afa28-7939-40dd-88c2-66117d7fae0f,531,punit.poddar@doordash.com,Punit Poddar,guest,,2020-05-07 00:00:00,True,Chhattisgarh
5c0e0e5d-7c77-4986-b477-4a2b39b0e9ba,531,geeta.tiwari@doordash.com,Geeta Tiwari,limited_access,,2020-07-25 00:00:00,True,Chhattisgarh
8fdcd2b0-5b12-4068-87bf-b2a09922e419,531,aarav.pasi@doordash.com,Aarav Pasi,admin,,2020-05-24 00:00:00,True,Chhattisgarh
ec80dea1-b2a3-41c1-98c6-9f2230313f11,531,parvati.devpura@doordash.com,Parvati Devpura,member,,2020-11-19 00:00:00,True,Chhattisgarh
ffcccd5d-8611-4c1c-a2be-3c7cd6278e43,531,ashok.vishwakarma@doordash.com,Ashok Vishwakarma,admin,,2020-10-21 00:00:00,True,Chhattisgarh
60cc2be9-b37a-484e-853d-5c2f59d66208,531,vasundhara.prajapati@doordash.com,Vasundhara Prajapati,admin,,2020-01-03 00:00:00,True,Chhattisgarh
00d3a08d-1eee-47a8-a02c-c70648ec330b,531,prabhat.sarkar@doordash.com,Prabhat Sarkar,limited_access,,2020-07-20 00:00:00,True,Chhattisgarh
38d726ea-abfd-4d24-8d6e-e081f522d91d,531,krishna.dandekardevi@doordash.com,Krishna Dandekar devi,limited_access,,2020-07-31 00:00:00,True,Chhattisgarh
7a209828-e5e4-416c-a234-573b9e61911b,531,arvind.bhande@doordash.com,Arvind Bhande,admin,,2020-09-09 00:00:00,True,Chhattisgarh
2f7ed0ee-91fa-4971-8bef-ddf1a100bd27,531,parvati.hirparadevi@doordash.com,Parvati Hirpara devi,limited_access,,2020-06-19 00:00:00,True,Chhattisgarh
5c782a1e-a16d-4d74-a674-cd55031fba8f,531,chhagan.sardana@doordash.com,Chhagan Sardana,guest,,2020-11-15 00:00:00,True,Chhattisgarh
3b08378d-de49-4d20-962c-45ea0fd4ae4a,531,neha.chawan@doordash.com,Neha Chawan,guest,,2020-07-05 00:00:00,True,Chhattisgarh
96df5ab2-3f8c-4b2c-862c-5d9660da0f49,531,rajender.kumarbhatt@doordash.com,Rajender Kumar Bhatt,admin,,2020-10-24 00:00:00,True,Chhattisgarh
389ce593-a16a-47ca-bf2f-9158f408ed43,531,manju.girela@doordash.com,Manju Girela,limited_access,,2020-04-22 00:00:00,True,Chhattisgarh
54271c11-59cc-43f1-badf-0063c36c6d02,531,kartik.rathore@doordash.com,Kartik Rathore,guest,,2020-01-11 00:00:00,True,Chhattisgarh
6c87c733-a5b0-486b-8490-5630ce14a2e1,531,chitrani.mithileshdevi@doordash.com,Chitrani Mithilesh devi,member,,2020-12-11 00:00:00,True,Chhattisgarh
0bcaeac1-ba41-4dc1-86dc-b545f032de22,531,manmohan.dey@doordash.com,Manmohan Dey,member,,2020-12-04 00:00:00,True,Tripura
0b604c1b-f35a-40b1-abba-4b2d9cb8b600,531,rajbari.roy@doordash.com,Rajbari Roy,member,,2020-10-26 00:00:00,True,Tripura
da3a635f-2a01-4387-9686-d67d893e5637,531,alok.tripathi@doordash.com,Alok Tripathi,member,,2020-04-01 00:00:00,True,Tripura
925704c9-5bc2-4683-b75f-e4680e58c5c5,531,haimanti.sen@doordash.com,Haimanti Sen,admin,,2020-12-04 00:00:00,True,Tripura
094429bb-5ff8-4278-958b-5a272dd85a04,531,tridib.kar@doordash.com,Tridib Kar,admin,,2020-12-15 00:00:00,True,Tripura
95555e17-79d7-4e95-bb68-77afc9c44468,531,anima.sen@doordash.com,Anima Sen,member,,2020-05-16 00:00:00,True,Tripura
7bf541b1-6046-4a36-b7bb-3d150ff43cc8,531,brijesh.barman@doordash.com,Brijesh Barman,member,,2020-01-21 00:00:00,True,Tripura
61aa5c6f-d1bd-419c-a404-09eec8122ca1,531,rekha.noatia@doordash.com,Rekha Noatia,limited_access,,2020-06-13 00:00:00,True,Tripura
647328b0-874e-483b-98a0-db490f54604a,531,nilay.banik@doordash.com,Nilay Banik,limited_access,,2020-12-17 00:00:00,True,Tripura
1c4c3cc9-6589-4b96-9682-76852e434413,531,aabha.chowdhury@doordash.com,Aabha Chowdhury,limited_access,,2020-11-22 00:00:00,True,Tripura
21df6065-99bc-47df-aa3a-465320de9445,531,jayanta.mog@doordash.com,Jayanta Mog,limited_access,,2020-06-06 00:00:00,True,Tripura
0165d11c-a990-4205-8a34-48662a4503d6,531,chandrika.tripathi@doordash.com,Chandrika Tripathi,limited_access,,2020-02-24 00:00:00,True,Tripura
c538190f-14da-4812-ba74-989acbf0fd41,531,roshan.dutta@doordash.com,Roshan Dutta,guest,,2020-03-01 00:00:00,True,Tripura
9b1b666c-1cde-42d5-8a54-6edd90524bc2,531,lajja.roy@doordash.com,Lajja Roy,limited_access,,2020-10-18 00:00:00,True,Tripura
91f0560b-3cd9-45ba-b4c3-11765147489a,531,ishwar.saha@doordash.com,Ishwar Saha,admin,,2020-11-14 00:00:00,True,Tripura
66ea074e-e467-42e9-9993-e3c64de98afe,531,urmila.rani@doordash.com,Urmila Rani,admin,,2020-04-07 00:00:00,True,Tripura
33c9939a-5ec1-4b44-b68c-8bc1ed911614,531,ramanuj.mollah@doordash.com,Ramanuj Mollah,guest,,2020-01-21 00:00:00,True,Tripura
656458e8-8266-41f0-a8ee-f7ec50b723af,531,amita.nag@doordash.com,Amita Nag,guest,,2020-06-09 00:00:00,True,Tripura
420dbfd4-938e-4489-934b-9825d0b0cdbd,531,rajendra.bhattacharya@doordash.com,Rajendra Bhattacharya,admin,,2020-10-29 00:00:00,True,Tripura
a9060882-29fc-4405-ba13-3062821f74f9,531,ruma.manna@doordash.com,Ruma Manna,member,,2020-06-16 00:00:00,True,Tripura
021ef319-038a-45cb-a56c-2b20f101eb85,531,ranadeep.barman@doordash.com,Ranadeep Barman,limited_access,,2020-03-09 00:00:00,True,Tripura
d8b76de9-e05b-4f29-815c-07da010e1ad4,531,bibha.basak@doordash.com,Bibha Basak,admin,,2020-09-14 00:00:00,True,Tripura
522f02c1-738b-429d-830e-08d5c9533510,531,bishal.basak@doordash.com,Bishal Basak,limited_access,,2020-06-10 00:00:00,True,Tripura
ad19762d-b8fb-44c1-9438-826b998bb8ac,531,asha.shil@doordash.com,Asha Shil,member,,2020-11-20 00:00:00,True,Tripura
38be7785-fa2c-4c36-a67f-118e0a96296b,531,chintan.dasgupta@doordash.com,Chintan Dasgupta,member,,2020-05-08 00:00:00,True,Tripura
00c8493a-724a-4bfa-b5c7-0ee29f1201a1,531,renuka.chakma@doordash.com,Renuka Chakma,admin,,2020-02-08 00:00:00,True,Tripura
2f87d94f-eeec-4bcd-b89c-e3a24160b888,531,goutam.thakur@doordash.com,Goutam Thakur,guest,,2020-09-26 00:00:00,True,Tripura
f6161842-959c-4df3-8e4a-d078386ce983,531,gitali.manik@doordash.com,Gitali Manik,limited_access,,2020-04-30 00:00:00,True,Tripura
84626c1d-cec1-463f-ab8f-b8e1a8506e8b,531,krishnendu.roychoudhury@doordash.com,Krishnendu Roychoudhury,limited_access,,2020-03-15 00:00:00,True,Tripura
a839804d-9a8d-41a7-babd-ee4661293cab,531,manasi.debnath@doordash.com,Manasi Debnath,limited_access,,2020-09-15 00:00:00,True,Tripura
d90aa73d-2201-4165-b4a7-de7a9d5bb48e,531,indranath.karle@doordash.com,Indranath Karle,guest,,2020-11-17 00:00:00,True,Tripura
b7d4c725-7b22-46e1-8992-b8aadca5d4dc,531,monika.mahato@doordash.com,Monika Mahato,admin,,2020-08-26 00:00:00,True,Tripura
97a6c309-16c0-4a55-a7c7-e36cb2ec400b,531,pritam.sutradhar@doordash.com,Pritam Sutradhar,limited_access,,2020-07-02 00:00:00,True,Tripura
457fbebc-4ae5-40d1-b94a-d41141f48f3c,531,vidhatri.mahato@doordash.com,Vidhatri Mahato,guest,,2020-03-08 00:00:00,True,Tripura
2bf627f1-9519-4b0a-bf17-c1f2e506a05b,531,shyam.soren@doordash.com,Shyam Soren,member,,2020-10-02 00:00:00,True,Tripura
b46a4f59-13a6-4ecf-9040-8bda6b705c2a,531,dipali.basak@doordash.com,Dipali Basak,member,,2020-10-04 00:00:00,True,Tripura
ef4dbd81-c446-4c2d-ba09-434279fc1ab8,531,vipul.majumdar@doordash.com,Vipul Majumdar,guest,,2020-05-29 00:00:00,True,Tripura
8304f6ca-24be-4c69-a2d4-ca725abbee9b,531,padmini.sen@doordash.com,Padmini Sen,guest,,2020-12-08 00:00:00,True,Tripura
bfe5fc4f-b78e-41ab-8765-fd74eece09b8,531,gobinda.manik@doordash.com,Gobinda Manik,limited_access,,2020-03-24 00:00:00,True,Tripura
0db96204-2da9-49a3-8f1a-9a056d52ecf5,531,manju.roychoudhury@doordash.com,Manju Roychoudhury,member,,2020-10-13 00:00:00,True,Tripura
e73bedce-1c86-41a6-a8ff-7a7be3900884,531,durgesh.barman@doordash.com,Durgesh Barman,member,,2020-04-08 00:00:00,True,Tripura
b77e2ef0-207b-4c81-9f60-5ed1f0ba6323,531,bishnupriya.kar@doordash.com,Bishnupriya Kar,limited_access,,2020-05-30 00:00:00,True,Tripura
2b68afd5-1209-4396-8999-2800e807d903,531,subhayan.debbarma@doordash.com,Subhayan Debbarma,limited_access,,2020-02-18 00:00:00,True,Tripura
31038d08-cf0c-44ee-84b3-30a3543281e7,531,karuna.mog@doordash.com,Karuna Mog,guest,,2020-06-20 00:00:00,True,Tripura
28dde316-abbd-489b-a3b0-86921713c3d3,531,pankaj.reang@doordash.com,Pankaj Reang,guest,,2020-06-09 00:00:00,True,Tripura
a08a0305-ebc0-4b43-94f8-8beee9e4e518,531,shukla.basak@doordash.com,Shukla Basak,admin,,2020-02-27 00:00:00,True,Tripura
62f87107-55ae-4a8e-90ae-46de0e09adb3,531,abhijit.mog@doordash.com,Abhijit Mog,guest,,2020-04-05 00:00:00,True,Tripura
ff6acc02-8a85-439a-806b-09fd9206c316,531,chaitali.debnath@doordash.com,Chaitali Debnath,admin,,2020-01-25 00:00:00,True,Tripura
f85768e9-88a3-4fa7-82c4-65fd779c7069,531,kumar.singha@doordash.com,Kumar Singha,admin,,2020-08-17 00:00:00,True,Tripura
f6b62171-e5a0-47f1-8cf9-637685444bc4,531,kamini.barman@doordash.com,Kamini Barman,limited_access,,2020-04-11 00:00:00,True,Tripura
025f087b-bb05-4f34-8c16-9440d51ae6ca,531,banesh.nag@doordash.com,Banesh Nag,limited_access,,2020-07-13 00:00:00,True,Tripura
01e69eea-cf44-413e-bc7a-56d6d08a65e5,531,debjani.dasgupta@doordash.com,Debjani Dasgupta,limited_access,,2020-05-10 00:00:00,True,Tripura
78babebb-52c3-4823-8327-e19fcc9a53ad,531,pranab.saha@doordash.com,Pranab Saha,member,,2020-09-05 00:00:00,True,Tripura
37485ecd-7791-4841-a2d1-85430e797e26,531,asha.sutradhar@doordash.com,Asha Sutradhar,admin,,2020-07-13 00:00:00,True,Tripura
e8688958-9d2c-4da8-9628-4038d84663ee,531,abhinav.mollah@doordash.com,Abhinav Mollah,admin,,2020-06-03 00:00:00,True,Tripura
7e329826-1e6a-4e76-bf24-09b832cc9ed2,531,ratna.bhattacharjee@doordash.com,Ratna Bhattacharjee,guest,,2020-06-17 00:00:00,True,Tripura
b828ae75-c8c1-4fce-a2a0-ba372691cb27,531,budhiman.chakraborty@doordash.com,Budhiman Chakraborty,member,,2020-03-18 00:00:00,True,Tripura
1ac0857c-6b6b-4661-b1de-75947c08e09d,531,goutami.tripura@doordash.com,Goutami Tripura,guest,,2020-06-14 00:00:00,True,Tripura
df5fe1d3-0423-476b-8280-6ff94a871ca0,531,kamini.barma@doordash.com,Kamini Barma,limited_access,,2020-11-09 00:00:00,True,Tripura
f0cd06fa-925e-4eeb-a030-388934eb7556,531,malabika.bhattacharjee@doordash.com,Malabika Bhattacharjee,limited_access,,2020-05-03 00:00:00,True,Tripura
55d4eab6-d0bf-4408-bcd1-5201bb998c88,531,bipul.soren@doordash.com,Bipul Soren,limited_access,,2020-10-19 00:00:00,True,Tripura
30dd4ef7-6327-47dd-9fc1-03a62173522d,531,shubhra.kar@doordash.com,Shubhra Kar,guest,,2020-03-29 00:00:00,True,Tripura
b55fd1f5-e97e-4301-8ccd-65e417543b17,531,prashant.jamatia@doordash.com,Prashant Jamatia,limited_access,,2020-02-09 00:00:00,True,Tripura
51ba3f05-1aa2-44d3-8b60-91da62fafb2c,531,rakhi.choudhury@doordash.com,Rakhi Choudhury,admin,,2020-10-28 00:00:00,True,Tripura
8368a567-2af5-42be-8523-1db5a190deee,531,rakesh.manna@doordash.com,Rakesh Manna,guest,,2020-04-20 00:00:00,True,Tripura
e023a8b7-dadb-4d75-be84-be160ba4b5bc,531,brishti.bhattacharya@doordash.com,Brishti Bhattacharya,admin,,2020-01-13 00:00:00,True,Tripura
ac37de1a-b89c-49ab-9e3c-cd5c9dc65fba,531,utpal.mollah@doordash.com,Utpal Mollah,member,,2020-02-14 00:00:00,True,Tripura
18ab64b0-b01f-4a0e-a8ec-dfbf95b4e438,531,malini.chowdhury@doordash.com,Malini Chowdhury,admin,,2020-06-27 00:00:00,True,Tripura
51e9df73-48f5-4aec-982f-4d349fa49986,531,dhiman.manik@doordash.com,Dhiman Manik,limited_access,,2020-11-17 00:00:00,True,Tripura
d7875575-c13a-405c-908c-f37d660ceaab,531,bhaswati.nag@doordash.com,Bhaswati Nag,limited_access,,2020-03-28 00:00:00,True,Tripura
b4f71441-dc75-4ef3-8757-daebe734c04f,531,bimal.bhattacharya@doordash.com,Bimal Bhattacharya,member,,2020-05-31 00:00:00,True,Tripura
dc76bf37-38d4-4740-b2ad-b15495d24df0,531,arati.nag@doordash.com,Arati Nag,member,,2020-09-02 00:00:00,True,Tripura
f828e83c-f43b-437d-a377-7ad7aa146f58,531,brij.jamatia@doordash.com,Brij Jamatia,member,,2020-04-24 00:00:00,True,Tripura
43726b15-4b8c-4e68-b656-625643fa4899,531,aishwarya.dey@doordash.com,Aishwarya Dey,limited_access,,2020-06-07 00:00:00,True,Tripura
54c0270d-e1d3-4766-9914-d749ca05e1ca,531,sharad.karle@doordash.com,Sharad Karle,guest,,2020-01-30 00:00:00,True,Tripura
1c06e446-213f-454a-8681-c4a809ad2e97,531,sumana.dey@doordash.com,Sumana Dey,member,,2020-06-16 00:00:00,True,Tripura
7981129a-2bf1-4fad-8a57-5f0e7a760254,531,jash.saha@doordash.com,Jash Saha,guest,,2020-08-06 00:00:00,True,Tripura
3c620945-cea4-481a-8705-8de31bb9aa19,531,rima.bhattacharya@doordash.com,Rima Bhattacharya,member,,2020-03-31 00:00:00,True,Tripura
e260828e-4b47-4ab8-bf51-e5b86bafef32,531,shibnath.singha@doordash.com,Shibnath Singha,member,,2020-05-28 00:00:00,True,Tripura
6aa2ffe4-5a3f-4af6-9c39-d5f669e7d57b,531,jaya.banik@doordash.com,Jaya Banik,guest,,2020-04-15 00:00:00,True,Tripura
18a9a746-be4c-4630-bf2e-a745159e425d,531,ajay.banik@doordash.com,Ajay Banik,member,,2020-08-13 00:00:00,True,Tripura
355026dc-0a6c-405b-8c10-6d6f93ea8260,531,kiran.dutta@doordash.com,Kiran Dutta,guest,,2020-12-24 00:00:00,True,Tripura
63d8c724-150f-4299-b10e-91248ca0c5eb,531,hemant.bhattacharjee@doordash.com,Hemant Bhattacharjee,limited_access,,2020-08-04 00:00:00,True,Tripura
aae865e9-5054-4ddd-9c79-73400c856e0c,531,manju.sutradhar@doordash.com,Manju Sutradhar,guest,,2020-05-04 00:00:00,True,Tripura
90211426-24a2-4c5e-ad4f-1c910e144bc1,531,gour.jamatia@doordash.com,Gour Jamatia,admin,,2020-09-11 00:00:00,True,Tripura
88f91a03-c23f-4ef5-bc09-5953b945bc53,531,amrita.shil@doordash.com,Amrita Shil,guest,,2020-02-26 00:00:00,True,Tripura
5898e613-b22b-4b09-93aa-ec1f15a5ef92,531,gokul.debnath@doordash.com,Gokul Debnath,member,,2020-10-04 00:00:00,True,Tripura
91baa5a7-ea49-445d-b962-c3569497a2df,531,sharika.talukdar@doordash.com,Sharika Talukdar,admin,,2020-07-17 00:00:00,True,Tripura
999c53f0-066b-4750-9753-0e5dfa569ae2,531,manmohan.manna@doordash.com,Manmohan Manna,member,,2020-06-18 00:00:00,True,Tripura
83aae0ed-f394-4325-9c16-529a68ff18f7,531,rekha.bhattacharya@doordash.com,Rekha Bhattacharya,limited_access,,2020-11-14 00:00:00,True,Tripura
4083d72e-a50a-49df-8f6a-122c0201c98f,531,ashoke.bhowmick@doordash.com,Ashoke Bhowmick,member,,2020-12-06 00:00:00,True,Tripura
fb7e04d2-18f8-467e-9287-b55459a2067a,531,padmini.tripathi@doordash.com,Padmini Tripathi,limited_access,,2020-02-14 00:00:00,True,Tripura
0ffd5f2c-d239-42de-816e-087494410931,531,tapas.roychoudhury@doordash.com,Tapas Roychoudhury,limited_access,,2020-04-07 00:00:00,True,Tripura
64e6da94-f195-4959-941e-4e8284c7a1f5,531,kalpana.choudhury@doordash.com,Kalpana Choudhury,limited_access,,2020-12-29 00:00:00,True,Tripura
b35bcdc8-44b1-4ee9-bce3-8419635c59bc,531,pradeep.sutradhar@doordash.com,Pradeep Sutradhar,member,,2020-03-31 00:00:00,True,Tripura
767c18d6-85cd-4ab9-b1d7-cc720ee5fb86,531,charulata.manik@doordash.com,Charulata Manik,member,,2020-08-28 00:00:00,True,Tripura
b44343a8-30cc-4995-995c-f03dac070ede,531,haldhar.dasgupta@doordash.com,Haldhar Dasgupta,member,,2020-02-11 00:00:00,True,Tripura
3cfd97d8-f6f6-4c6e-9c29-b02fa580fe89,531,dipa.roychoudhury@doordash.com,Dipa Roychoudhury,limited_access,,2020-07-02 00:00:00,True,Tripura
4e38e4b1-a9b2-4da9-8b9a-9204e698b8a1,531,utpal.manik@doordash.com,Utpal Manik,limited_access,,2020-04-14 00:00:00,True,Tripura
213f9e46-a2bb-4972-a1e9-7ee6dd8e3c99,531,maitreyee.majumder@doordash.com,Maitreyee Majumder,member,,2020-07-01 00:00:00,True,Tripura
8b55f67f-578d-45a5-864f-32fd331be5a3,531,goutam.dasgupta@doordash.com,Goutam Dasgupta,guest,,2020-10-24 00:00:00,True,Tripura
e4b165c7-a7c1-4e54-9bf6-8b3e896b4b31,531,alpana.roy@doordash.com,Alpana Roy,member,,2020-08-09 00:00:00,True,Tripura
cad10da8-8682-4aa3-ba63-81851ee06a4a,531,mahabir.mahato@doordash.com,Mahabir Mahato,admin,,2020-01-29 00:00:00,True,Tripura
ef4a0130-469e-4ebd-8e40-7daee1de1865,531,tithi.soren@doordash.com,Tithi Soren,guest,,2020-11-02 00:00:00,True,Tripura
ba296c92-5ee5-46ec-a9ff-9ad674206d1c,531,nandini.barman@doordash.com,Nandini Barman,admin,,2020-10-11 00:00:00,True,Tripura
e1a113dd-3130-4bc7-8f82-23bbb5384b5f,531,kamini.paul@doordash.com,Kamini Paul,member,,2020-10-06 00:00:00,True,Tripura
c804ad17-34e7-4da5-996b-7ccdd0efc86c,531,shibendra.dey@doordash.com,Shibendra Dey,guest,,2020-06-24 00:00:00,True,Tripura
b30ffce5-fa0d-4015-b5bc-271ce973e406,531,parul.bhattacharya@doordash.com,Parul Bhattacharya,limited_access,,2020-05-09 00:00:00,True,Tripura
afc0281d-4340-414d-8f8d-7dd38be37b7a,531,narendra.kar@doordash.com,Narendra Kar,member,,2020-04-17 00:00:00,True,Tripura
c31f84ff-8343-45b0-a0c4-6ef7a56a40bc,531,ratna.mahato@doordash.com,Ratna Mahato,admin,,2020-09-10 00:00:00,True,Tripura
969f6f7d-8e3b-4417-95a8-6317dd127232,531,kashi.chakraborty@doordash.com,Kashi Chakraborty,member,,2020-06-18 00:00:00,True,Tripura
5e5f87e7-e119-485c-9f4a-e84eeebce45f,531,asmita.noatia@doordash.com,Asmita Noatia,limited_access,,2020-11-12 00:00:00,True,Tripura
db547d85-917f-493c-8af5-1b488b89fcf1,531,banesh.bhattacharjee@doordash.com,Banesh Bhattacharjee,guest,,2020-07-12 00:00:00,True,Tripura
b121cf81-2592-4316-8ff4-32b3698d3abb,531,mandira.barma@doordash.com,Mandira Barma,limited_access,,2020-06-19 00:00:00,True,Tripura
8acee4d5-3e7b-498a-81a2-8bdc135acae9,531,pratik.sutradhar@doordash.com,Pratik Sutradhar,guest,,2020-08-15 00:00:00,True,Tripura
d6aa461f-27d7-45f9-94c9-a91ce00ee8a2,531,rajani.saha@doordash.com,Rajani Saha,guest,,2020-04-06 00:00:00,True,Tripura
9044af96-42b0-4b20-8d7d-bf10f1577d0f,531,indranil.chakma@doordash.com,Indranil Chakma,limited_access,,2020-10-19 00:00:00,True,Tripura
a7ef7aae-4247-4cf9-9a44-0d9d634e8830,531,kamala.dutta@doordash.com,Kamala Dutta,guest,,2020-09-30 00:00:00,True,Tripura
3f80e0f6-40b2-4a71-ac37-403c4c4f54b6,531,birendra.rani@doordash.com,Birendra Rani,guest,,2020-04-14 00:00:00,True,Tripura
30f77b2e-1ef8-4ef7-8127-f8f5d1001007,531,ratna.sutradhar@doordash.com,Ratna Sutradhar,admin,,2020-01-30 00:00:00,True,Tripura
6725c3eb-e8aa-4532-9b2b-4803cf4aff00,531,atin.dasgupta@doordash.com,Atin Dasgupta,member,,2020-08-01 00:00:00,True,Tripura
e8e05ae2-1a05-47f4-8ca1-4efb1e6b0b48,531,urmila.singha@doordash.com,Urmila Singha,member,,2020-05-15 00:00:00,True,Tripura
3fb2dc88-380b-480f-9712-9069bf0c4c00,531,narinder.manna@doordash.com,Narinder Manna,limited_access,,2020-01-14 00:00:00,True,Tripura
f2e56c26-83fa-4935-aeeb-8a893bf1a29e,531,antara.das@doordash.com,Antara Das,member,,2020-12-03 00:00:00,True,Tripura
9588106e-1041-4c93-93eb-1acfa2e9244b,531,vikash.jamatia@doordash.com,Vikash Jamatia,member,,2020-06-25 00:00:00,True,Tripura
01cf28d0-59ea-424f-8a74-f6d2e03e6cc4,531,ranjana.roy@doordash.com,Ranjana Roy,member,,2020-07-18 00:00:00,True,Tripura
4a5693b7-dd36-436c-b0de-5fd036d76254,531,gajendra.pramanik@doordash.com,Gajendra Pramanik,admin,,2020-05-16 00:00:00,True,Tripura
52956159-8287-43d0-8707-1d043c12b056,531,parul.majumder@doordash.com,Parul Majumder,member,,2020-10-20 00:00:00,True,Tripura
b9f37426-32bf-4553-98bb-34e498f8377f,531,kalyan.banik@doordash.com,Kalyan Banik,limited_access,,2020-12-22 00:00:00,True,Tripura
970c807b-70b7-4a2c-97f9-ad3e4382055d,531,vidhatri.rani@doordash.com,Vidhatri Rani,guest,,2020-02-20 00:00:00,True,Tripura
e29c5803-89a0-4dfd-95bd-06932068e558,531,abhijit.noatia@doordash.com,Abhijit Noatia,member,,2020-08-01 00:00:00,True,Tripura
e6e66651-b86b-4f3b-9ca0-7aee5fc80f9c,531,jaya.talukdar@doordash.com,Jaya Talukdar,admin,,2020-02-13 00:00:00,True,Tripura
09aaca2d-4d25-40bb-b477-ff2d18720cad,531,vinay.dey@doordash.com,Vinay Dey,guest,,2020-12-05 00:00:00,True,Tripura
8726e503-beef-4d10-b099-99e76e939780,531,manjari.mollah@doordash.com,Manjari Mollah,guest,,2020-02-11 00:00:00,True,Tripura
57f46bac-733c-4936-8655-b30c08896d08,531,abhinav.bhowmick@doordash.com,Abhinav Bhowmick,member,,2020-09-05 00:00:00,True,Tripura
a4bc5ffa-a6a8-40ff-ba75-f0e1dd458f95,531,amrita.mollah@doordash.com,Amrita Mollah,member,,2020-05-16 00:00:00,True,Tripura
3ebfffca-7e41-48fb-bc53-6f452ba56db3,531,avinash.chakma@doordash.com,Avinash Chakma,member,,2020-04-10 00:00:00,True,Tripura
395610d2-bea3-40ba-8a81-0dc932a851d6,531,lopamudra.majumder@doordash.com,Lopamudra Majumder,guest,,2020-07-10 00:00:00,True,Tripura
aeddc170-dbe5-443f-b1d3-205507a0d188,531,aakash.rakhine@doordash.com,Aakash Rakhine,guest,,2020-08-02 00:00:00,True,Tripura
574da6e2-9749-4db0-ae7d-586410656d09,531,ritu.bhowmick@doordash.com,Ritu Bhowmick,admin,,2020-11-07 00:00:00,True,Tripura
1ac5323c-42f5-4dc0-ae36-d6111db294e5,531,yashoda.tripura@doordash.com,Yashoda Tripura,member,,2020-02-22 00:00:00,True,Tripura
f56811fd-e3f8-49a2-910c-6435bc3401a3,531,elina.manna@doordash.com,Elina Manna,admin,,2020-12-21 00:00:00,True,Tripura
188a6e49-9d7a-474a-a8a7-2f18725673c1,531,raghav.das@doordash.com,Raghav Das,guest,,2020-11-09 00:00:00,True,Tripura
b3b7d344-4048-4231-87e5-ac44137e14ac,531,kamala.noatia@doordash.com,Kamala Noatia,guest,,2020-02-02 00:00:00,True,Tripura
eb186c25-38d0-44e6-8c26-05ce1c5ec614,531,dipankar.das@doordash.com,Dipankar Das,limited_access,,2020-04-24 00:00:00,True,Tripura
f5552cd5-de74-4e76-af0f-9620ace79573,531,hridaya.chakraborty@doordash.com,Hridaya Chakraborty,admin,,2020-03-31 00:00:00,True,Tripura
6c261021-d3bc-4758-b396-584c59ca5410,531,uday.shil@doordash.com,Uday Shil,limited_access,,2020-03-06 00:00:00,True,Tripura
9947e5b6-2427-4afb-8ee3-0952b970cb27,531,ranjana.majumdar@doordash.com,Ranjana Majumdar,guest,,2020-08-03 00:00:00,True,Tripura
3aef2bc9-46bd-44de-8e5b-a9b6aa0a8a75,531,tapan.thakur@doordash.com,Tapan Thakur,admin,,2020-03-16 00:00:00,True,Tripura
5f1030c1-7616-4a28-8955-3cbbabca7134,531,soma.jamatia@doordash.com,Soma Jamatia,guest,,2020-03-02 00:00:00,True,Tripura
b7820c84-8cf8-4baf-aa43-6ca80a16ddd1,531,kumar.barman@doordash.com,Kumar Barman,guest,,2020-09-20 00:00:00,True,Tripura
1bd7fc48-cc87-43c1-9e59-89218fabf185,531,pritam.mollah@doordash.com,Pritam Mollah,member,,2020-04-13 00:00:00,True,Tripura
660f9bcf-9a3c-423a-95d7-52400f66de45,531,tushar.bhowmick@doordash.com,Tushar Bhowmick,limited_access,,2020-08-26 00:00:00,True,Tripura
e22a613e-6a53-485a-a4f0-2ff1a411cf5b,531,sarika.manik@doordash.com,Sarika Manik,guest,,2020-04-09 00:00:00,True,Tripura
64123d9a-cbd1-4b5b-b843-db86e2ae0523,531,ashoke.tripura@doordash.com,Ashoke Tripura,guest,,2020-11-02 00:00:00,True,Tripura
85dd363c-96eb-4e6d-a30f-7d899f71a930,531,sadhana.shil@doordash.com,Sadhana Shil,member,,2020-12-21 00:00:00,True,Tripura
413bd0f7-2469-4e33-93d1-ecfae2038e25,531,pritam.barai@doordash.com,Pritam Barai,limited_access,,2020-09-26 00:00:00,True,Tripura
c372e602-f26c-48f3-93ed-c00488c7b216,531,varsha.mahato@doordash.com,Varsha Mahato,member,,2020-01-13 00:00:00,True,Tripura
8ff7541f-3656-48be-ab5c-2c497a30bd17,531,debojit.manna@doordash.com,Debojit Manna,limited_access,,2020-09-11 00:00:00,True,Tripura
fe7a802e-b4cb-4c93-99df-5021b2b36771,531,subhra.reang@doordash.com,Subhra Reang,member,,2020-09-05 00:00:00,True,Tripura
3f4b21bb-dd78-4462-b545-7609300007c1,531,ramanuj.rakhine@doordash.com,Ramanuj Rakhine,guest,,2020-03-26 00:00:00,True,Tripura
b2636863-ef10-4877-854d-701209aa3ae5,531,nirupa.roy@doordash.com,Nirupa Roy,limited_access,,2020-08-02 00:00:00,True,Tripura
2821296b-145b-4255-a065-8451e88e1676,531,mahesh.thakur@doordash.com,Mahesh Thakur,guest,,2020-01-20 00:00:00,True,Tripura
583df1a5-bf72-43da-a39c-5840e369614e,531,yashoda.bhattacharjee@doordash.com,Yashoda Bhattacharjee,limited_access,,2020-11-27 00:00:00,True,Tripura
bfa293e6-d24b-4ee7-b3c3-34dc710c30ec,531,akash.mog@doordash.com,Akash Mog,admin,,2020-11-14 00:00:00,True,Tripura
16da316c-0cc5-44aa-82d0-8f5f988772ee,531,upasana.rakhine@doordash.com,Upasana Rakhine,member,,2020-02-20 00:00:00,True,Tripura
2746c404-ccf2-4a61-8272-4fc5ea817904,531,mohit.mollah@doordash.com,Mohit Mollah,guest,,2020-05-05 00:00:00,True,Tripura
f59a477d-3ea2-4ec2-8b5d-cb5084160aa4,531,rima.paul@doordash.com,Rima Paul,guest,,2020-07-27 00:00:00,True,Tripura
3dd3f710-f67e-4cde-9292-442da38329d7,531,bidyut.barman@doordash.com,Bidyut Barman,member,,2020-09-28 00:00:00,True,Tripura
be3b2f6c-e6af-4027-bc11-626fe4eff662,531,saraswati.debbarma@doordash.com,Saraswati Debbarma,member,,2020-02-22 00:00:00,True,Tripura
25e5e95e-f43f-4d04-aad1-ffe305d3dc8c,531,kamalkant.nag@doordash.com,Kamalkant Nag,guest,,2020-10-29 00:00:00,True,Tripura
c73a8897-339f-4acb-b842-2c4178a2f1bd,531,purnima.tripathi@doordash.com,Purnima Tripathi,limited_access,,2020-01-16 00:00:00,True,Tripura
7e19d938-904c-4b96-8f18-090498720363,531,harish.dasgupta@doordash.com,Harish Dasgupta,limited_access,,2020-07-04 00:00:00,True,Tripura
773ff9b8-a455-466e-87b0-15361b944366,531,sushma.bhowmick@doordash.com,Sushma Bhowmick,admin,,2020-11-05 00:00:00,True,Tripura
7aee1ab3-5aac-4b00-a90d-fb0f80c8f23e,531,jagadish.bhattacharjee@doordash.com,Jagadish Bhattacharjee,admin,,2020-03-05 00:00:00,True,Tripura
13fabbb9-2bbf-49c7-9237-2476e3a5d617,531,barsha.soren@doordash.com,Barsha Soren,limited_access,,2020-07-12 00:00:00,True,Tripura
7408f341-4715-4e5f-9ec3-6e7db4af9723,531,alok.basak@doordash.com,Alok Basak,member,,2020-12-19 00:00:00,True,Tripura
73eda512-05d0-4977-8ff9-e5df44faff10,531,jaya.roy@doordash.com,Jaya Roy,member,,2020-08-31 00:00:00,True,Tripura
d5370a82-4200-4ef8-be67-9cbb5ee9a08e,531,shibendra.barai@doordash.com,Shibendra Barai,guest,,2020-10-11 00:00:00,True,Tripura
4cd4a18d-d97d-4670-a9b7-0e3fbaab7efd,531,basanti.bhowmick@doordash.com,Basanti Bhowmick,guest,,2020-01-12 00:00:00,True,Tripura
59686ba5-f1e3-4b3f-870e-2181c8f4fb3d,531,indrajeet.sen@doordash.com,Indrajeet Sen,admin,,2020-05-21 00:00:00,True,Tripura
d8410886-8376-4d3f-93ff-15e47c1d3cfb,531,khyati.manna@doordash.com,Khyati Manna,member,,2020-02-13 00:00:00,True,Tripura
47a496f4-4b5a-46d2-8955-387869383f51,531,bipin.bhowmick@doordash.com,Bipin Bhowmick,limited_access,,2020-04-21 00:00:00,True,Tripura
b78265ae-551f-4645-9cf2-7ec20bf7bf52,531,chandrima.paul@doordash.com,Chandrima Paul,admin,,2020-11-24 00:00:00,True,Tripura
4eb6fa6e-355b-4c4c-8831-62bd52ca46f2,531,mukul.sen@doordash.com,Mukul Sen,member,,2020-06-05 00:00:00,True,Tripura
1e680b62-9441-4460-918d-5bd73cee1f7a,531,anita.chowdhury@doordash.com,Anita Chowdhury,admin,,2020-09-14 00:00:00,True,Tripura
f15273fc-38ee-4264-a688-88b6c85e3f00,531,tarak.choudhury@doordash.com,Tarak Choudhury,guest,,2020-02-03 00:00:00,True,Tripura
45c77280-3bde-4710-b0cf-69f2b3ec5c13,531,sarika.mahato@doordash.com,Sarika Mahato,member,,2020-04-23 00:00:00,True,Tripura
8b8ca27d-f50c-471b-b322-4e9d12ca8b02,531,nandini.thakur@doordash.com,Nandini Thakur,guest,,2020-08-08 00:00:00,True,Tripura
90c24741-d3e7-4c2c-8d13-633f73eae42d,531,karuna.debnath@doordash.com,Karuna Debnath,admin,,2020-12-19 00:00:00,True,Tripura
5ad7167c-173d-409c-9044-26954ff8ac4b,531,gouri.dey@doordash.com,Gouri Dey,guest,,2020-06-01 00:00:00,True,Tripura
6e9f6a11-1760-4470-9fbf-15edabdbba83,531,nirupa.majumder@doordash.com,Nirupa Majumder,guest,,2020-01-03 00:00:00,True,Tripura
650fa52f-a5af-40c2-8c35-a90e9b61353a,531,ujjawal.das@doordash.com,Ujjawal Das,member,,2020-08-28 00:00:00,True,Tripura
541aae65-f1d7-4c15-a795-8f8131e7f59a,531,vidhatri.reang@doordash.com,Vidhatri Reang,member,,2020-07-27 00:00:00,True,Tripura
c18e1683-d6cb-4405-ac03-a0111fe2a21d,531,ranveer.das@doordash.com,Ranveer Das,admin,,2020-06-26 00:00:00,True,Tripura
a5a6333a-d91a-4c41-bfa4-a23f80111eb6,531,arati.manik@doordash.com,Arati Manik,limited_access,,2020-06-17 00:00:00,True,Tripura
11c1f423-8944-4bba-9e04-65b4d63953a7,531,dhiman.majumdar@doordash.com,Dhiman Majumdar,member,,2020-07-23 00:00:00,True,Tripura
b31715ed-ec11-454b-9e7c-d80433b6974d,531,madhubala.manna@doordash.com,Madhubala Manna,guest,,2020-10-13 00:00:00,True,Tripura
499f8a06-7548-4ca0-8c4c-a1b9aa370beb,531,tushar.debnath@doordash.com,Tushar Debnath,member,,2020-11-02 00:00:00,True,Tripura
12d2d432-0c5b-4253-8119-e77380191162,531,tanvi.shil@doordash.com,Tanvi Shil,member,,2020-12-05 00:00:00,True,Tripura
25615286-d9eb-4db9-be31-4c7561d5b809,531,bikash.sutradhar@doordash.com,Bikash Sutradhar,member,,2020-10-22 00:00:00,True,Tripura
6779061b-5ff2-4661-86f9-32cc4f3da3fa,531,chintana.roychoudhury@doordash.com,Chintana Roychoudhury,limited_access,,2020-04-12 00:00:00,True,Tripura
8c8d17a6-b8b9-46b3-b563-a8a9686ebf28,531,animesh.sen@doordash.com,Animesh Sen,admin,,2020-10-16 00:00:00,True,Tripura
2c2a7621-38c4-4b68-97fa-4e54c7816340,531,indrani.chowdhury@doordash.com,Indrani Chowdhury,admin,,2020-12-16 00:00:00,True,Tripura
b6211e45-8fd5-4831-8584-a6a2a1ed058b,531,mantu.das@doordash.com,Mantu Das,admin,,2020-06-16 00:00:00,True,Tripura
66094444-4adc-41bd-bab5-761021ebd3dd,531,bina.das@doordash.com,Bina Das,admin,,2020-02-11 00:00:00,True,Tripura
7afda42f-b1e0-4874-ad60-1a3c8769676f,531,gaurav.tripura@doordash.com,Gaurav Tripura,admin,,2020-06-16 00:00:00,True,Tripura
22b1a0fe-a698-4f43-aa0d-2b52b56f6030,531,shubhra.mog@doordash.com,Shubhra Mog,guest,,2020-10-30 00:00:00,True,Tripura
75a0b902-c6fd-41c1-990a-ca0245eb352d,531,purnendu.tripura@doordash.com,Purnendu Tripura,guest,,2020-03-16 00:00:00,True,Tripura
11c01618-8812-43ce-acc3-9442ac450680,531,sadhana.tripathi@doordash.com,Sadhana Tripathi,guest,,2020-07-12 00:00:00,True,Tripura
f1479cc0-7088-4914-a770-b45a07596fdd,531,shibendra.manna@doordash.com,Shibendra Manna,member,,2020-05-28 00:00:00,True,Tripura
de403897-75f7-4775-9cfc-7aaf9e583e04,531,arpita.barman@doordash.com,Arpita Barman,guest,,2020-12-26 00:00:00,True,Tripura
1374c264-9285-44ce-a211-c68c4e197b5e,531,nitai.majumder@doordash.com,Nitai Majumder,guest,,2020-12-02 00:00:00,True,Tripura
c14b4dc9-cc8a-4d4e-916a-b7b5cda6f2ab,531,sarika.sutradhar@doordash.com,Sarika Sutradhar,admin,,2020-09-05 00:00:00,True,Tripura
f032044d-bb03-437e-80a4-0cf18ebc4ec5,531,bipul.rakhine@doordash.com,Bipul Rakhine,guest,,2020-05-10 00:00:00,True,Tripura
a6509172-e5d3-4320-9bb0-5af21806ad89,531,parvati.rani@doordash.com,Parvati Rani,guest,,2020-03-18 00:00:00,True,Tripura
cf511934-8ca7-4292-8c54-db018e4e7ab0,531,indrajit.paul@doordash.com,Indrajit Paul,guest,,2020-08-10 00:00:00,True,Tripura
0614f771-d5b3-472e-baa8-92f9ef86159e,531,shanti.tripura@doordash.com,Shanti Tripura,guest,,2020-02-22 00:00:00,True,Tripura
34b0d9a7-896d-4e3f-ba58-8d1fa5aa86a4,531,somnath.mog@doordash.com,Somnath Mog,limited_access,,2020-07-02 00:00:00,True,Tripura
e96cc2f3-dfea-4200-94e5-4e6bb394c43a,531,rakhi.thakur@doordash.com,Rakhi Thakur,member,,2020-07-24 00:00:00,True,Tripura
8e23c1d1-c323-4335-a211-057b64ed45b2,531,chandrakanta.manik@doordash.com,Chandrakanta Manik,member,,2020-12-18 00:00:00,True,Tripura
464edfff-3972-4b7e-84af-64c32b1be115,531,tanuja.basak@doordash.com,Tanuja Basak,limited_access,,2020-09-16 00:00:00,True,Tripura
69c56d1b-cb65-4895-b355-c1288758e5a2,531,indrajit.chowdhury@doordash.com,Indrajit Chowdhury,admin,,2020-05-20 00:00:00,True,Tripura
049e2cab-7ccd-416f-9a12-59ce2d4c160d,531,jaya.rani@doordash.com,Jaya Rani,limited_access,,2020-10-02 00:00:00,True,Tripura
c54e1fac-47a0-4540-a16b-c21c19d57d82,531,santosh.paul@doordash.com,Santosh Paul,admin,,2020-12-26 00:00:00,True,Tripura
dfa9a8c6-ce59-4ae4-9d55-3bc1cbd39f09,531,jyotika.bhattacharjee@doordash.com,Jyotika Bhattacharjee,admin,,2020-11-23 00:00:00,True,Tripura
f3098d72-efb6-45c0-a165-724642de275c,531,sumant.dasgupta@doordash.com,Sumant Dasgupta,member,,2020-05-26 00:00:00,True,Tripura
5ec3d72b-e35f-4205-9b04-81c9e5154d9a,531,dipali.chakma@doordash.com,Dipali Chakma,limited_access,,2020-07-06 00:00:00,True,Tripura
4e94caf3-e3fc-4d9e-861b-4464c1d09b1b,531,vinay.majumdar@doordash.com,Vinay Majumdar,guest,,2020-12-13 00:00:00,True,Tripura
94ba4028-cd57-40e1-8cfc-30343387187e,531,purnima.manna@doordash.com,Purnima Manna,member,,2020-06-11 00:00:00,True,Tripura
51c09db4-6e50-49e9-ab86-f1bc625c1cb0,531,dinesh.noatia@doordash.com,Dinesh Noatia,guest,,2020-02-22 00:00:00,True,Tripura
b18f5ee2-833a-4d0a-8f9f-9d7fee17be21,531,ratna.barman@doordash.com,Ratna Barman,member,,2020-07-13 00:00:00,True,Tripura
96a8ff0b-1ba4-4e13-952e-a17832e2b4f0,531,dushyant.banik@doordash.com,Dushyant Banik,member,,2020-05-04 00:00:00,True,Tripura
f65323ea-f320-4264-b463-ab478fb4940d,531,kanti.saha@doordash.com,Kanti Saha,admin,,2020-02-04 00:00:00,True,Tripura
69536d0c-10ee-4611-a48e-3c2855ceb893,531,ratan.karle@doordash.com,Ratan Karle,guest,,2020-08-10 00:00:00,True,Tripura
1283544c-e413-4341-b7f9-6f1560799670,531,vina.kar@doordash.com,Vina Kar,member,,2020-05-22 00:00:00,True,Tripura
fd0ef953-80a9-4686-9de2-0da1a44d3764,531,vidyut.bhowmick@doordash.com,Vidyut Bhowmick,guest,,2020-01-03 00:00:00,True,Tripura
2645681d-ce8d-4d7a-9a7c-5082ff5926c9,531,trishala.roychoudhury@doordash.com,Trishala Roychoudhury,guest,,2020-02-22 00:00:00,True,Tripura
ad3796d9-9ad0-4a99-9d55-7b20a7e4dd44,531,aakash.roy@doordash.com,Aakash Roy,admin,,2020-06-18 00:00:00,True,Tripura
8a051383-168d-45b7-96af-acb0549749b3,531,aparna.chowdhury@doordash.com,Aparna Chowdhury,member,,2020-03-18 00:00:00,True,Tripura
b19d7484-e458-4a2a-9ef5-607eb2b39520,531,subrata.chowdhury@doordash.com,Subrata Chowdhury,admin,,2020-04-04 00:00:00,True,Tripura
4ecc711f-29c7-41ad-a537-756a97171910,531,titi.paul@doordash.com,Titi Paul,limited_access,,2020-11-12 00:00:00,True,Tripura
923a876c-9bf2-41f3-9a5e-191bd89bff35,531,aabir.chakma@doordash.com,Aabir Chakma,admin,,2020-05-05 00:00:00,True,Tripura
608bebc7-2726-4e57-a6b7-6b6cc08314a1,531,aabha.roy@doordash.com,Aabha Roy,admin,,2020-01-03 00:00:00,True,Tripura
ef818854-744f-48f7-8349-9d1d330f85f0,531,diptanshu.dey@doordash.com,Diptanshu Dey,limited_access,,2020-12-21 00:00:00,True,Tripura
1c9cfb67-8b00-4f4b-aa60-029b01194321,531,shilpi.bhowmick@doordash.com,Shilpi Bhowmick,guest,,2020-04-22 00:00:00,True,Tripura
4c303997-2e1b-4a25-9254-94b65daad6d4,531,avinash.banik@doordash.com,Avinash Banik,limited_access,,2020-01-06 00:00:00,True,Tripura
e68aed41-f18c-4455-820a-8065e39bbe13,531,bhaswati.sen@doordash.com,Bhaswati Sen,admin,,2020-03-06 00:00:00,True,Tripura
90c19847-288c-49e5-b6ae-db0a366e9207,531,chandrakant.pramanik@doordash.com,Chandrakant Pramanik,member,,2020-05-06 00:00:00,True,Tripura
e6c78cde-d4a8-4b47-b43d-f6e20e390ada,531,sumita.dutta@doordash.com,Sumita Dutta,guest,,2020-01-22 00:00:00,True,Tripura
390d064a-c654-46fe-b532-3c20b2ea0fd1,531,abhinav.saha@doordash.com,Abhinav Saha,member,,2020-07-17 00:00:00,True,Tripura
4677d269-7c75-4b45-8c41-6ff558e11173,531,manisha.saha@doordash.com,Manisha Saha,limited_access,,2020-07-11 00:00:00,True,Tripura
52af7164-d605-40c1-9279-bc0ffbac62b4,531,mahendra.majumder@doordash.com,Mahendra Majumder,limited_access,,2020-07-02 00:00:00,True,Tripura
1400eaa7-ecb9-4cae-8792-0bdd13a5f0ad,531,jibonika.soren@doordash.com,Jibonika Soren,limited_access,,2020-10-26 00:00:00,True,Tripura
defff2d8-603f-4fbc-9ac3-b7928f58f8e3,531,sumit.barai@doordash.com,Sumit Barai,admin,,2020-10-25 00:00:00,True,Tripura
14a51217-2f39-4b32-805a-ae227fc6273c,531,tithi.barman@doordash.com,Tithi Barman,guest,,2020-11-22 00:00:00,True,Tripura
650122f5-ea19-4ef0-8562-bc5d442a79ed,531,vivek.thakur@doordash.com,Vivek Thakur,admin,,2020-12-30 00:00:00,True,Tripura
5370db48-a3d0-46ae-a474-c3bc801a2c52,531,upasana.singha@doordash.com,Upasana Singha,limited_access,,2020-08-26 00:00:00,True,Tripura
a189ac4d-8d75-4239-859b-f40bf288eb2c,531,gopal.tripathi@doordash.com,Gopal Tripathi,member,,2020-08-19 00:00:00,True,Tripura
aac4cd35-3817-4458-8671-4d51f1da688e,531,pritam.jamatia@doordash.com,Pritam Jamatia,member,,2020-12-18 00:00:00,True,Tripura
5fef6082-37bd-49db-871c-a0cd848c955a,531,jivendra.saha@doordash.com,Jivendra Saha,member,,2020-07-27 00:00:00,True,Tripura
abdca213-b59e-48de-914b-f0b78c5742a3,531,tripti.karle@doordash.com,Tripti Karle,admin,,2020-06-14 00:00:00,True,Tripura
f9b950e3-a95e-4dd0-99a0-a142de1ec1f5,531,rakhal.soren@doordash.com,Rakhal Soren,guest,,2020-02-05 00:00:00,True,Tripura
6d6a9336-71b3-4794-9d54-61d23f10b452,531,barsha.noatia@doordash.com,Barsha Noatia,admin,,2020-09-28 00:00:00,True,Tripura
d337aea6-fe6f-421c-82a0-3e35798c7ac4,531,kanishk.roychoudhury@doordash.com,Kanishk Roychoudhury,member,,2020-06-29 00:00:00,True,Tripura
6d92cc19-4856-49e6-9249-dd2c13320f02,531,sudha.roychoudhury@doordash.com,Sudha Roychoudhury,guest,,2020-11-14 00:00:00,True,Tripura
c7e124aa-7063-41f5-9a02-34e2ca5cf4f3,531,shouvik.mahato@doordash.com,Shouvik Mahato,admin,,2020-05-18 00:00:00,True,Tripura
d27cc85e-2aa7-48a5-8a11-6d496ca6bea0,531,kusum.manna@doordash.com,Kusum Manna,limited_access,,2020-06-07 00:00:00,True,Tripura
476d7ec0-088c-4878-8f3a-a0a6255c2ba9,531,adhir.jamatia@doordash.com,Adhir Jamatia,limited_access,,2020-01-17 00:00:00,True,Tripura
b80befd2-d955-4209-b66e-6faa1abdce15,531,jahnavi.bhowmick@doordash.com,Jahnavi Bhowmick,guest,,2020-03-26 00:00:00,True,Tripura
58e36507-7093-462b-be30-aec7c6d3f5c1,531,nimai.kar@doordash.com,Nimai Kar,member,,2020-08-20 00:00:00,True,Tripura
556f2513-d9e5-401e-8e0c-c972e9f45afd,531,maitreyee.sen@doordash.com,Maitreyee Sen,admin,,2020-01-13 00:00:00,True,Tripura
36233b55-46c4-4848-81fe-7184fafb590c,531,gaurav.bhattacharya@doordash.com,Gaurav Bhattacharya,member,,2020-05-01 00:00:00,True,Tripura
a86210b2-3ab6-44f2-80f3-29b54d2c28ee,531,pratima.jamatia@doordash.com,Pratima Jamatia,limited_access,,2020-05-07 00:00:00,True,Tripura
4770d6ef-d247-4667-a891-35044d476741,531,sandeep.soren@doordash.com,Sandeep Soren,limited_access,,2020-08-20 00:00:00,True,Tripura
40684746-7e09-49b0-96e1-5d65fe1bd54a,531,utpalini.tripura@doordash.com,Utpalini Tripura,admin,,2020-08-20 00:00:00,True,Tripura
d8f3e3da-22f5-473e-929d-64628c2dab07,531,sumit.bhattacharya@doordash.com,Sumit Bhattacharya,admin,,2020-12-05 00:00:00,True,Tripura
d17c66cb-799b-4f1b-90a6-2fa75baa3c33,531,anjali.majumder@doordash.com,Anjali Majumder,guest,,2020-10-16 00:00:00,True,Tripura
c8373f65-9960-4958-be1d-b64431c5df1a,531,manik.chowdhury@doordash.com,Manik Chowdhury,member,,2020-10-23 00:00:00,True,Tripura
34b4c1d1-e046-428b-bf72-1ff8c7aab6ee,531,ranjana.thakur@doordash.com,Ranjana Thakur,guest,,2020-04-25 00:00:00,True,Tripura
0654d89f-68f5-4aeb-aa61-f2aa378054db,531,santosh.dutta@doordash.com,Santosh Dutta,admin,,2020-02-07 00:00:00,True,Tripura
41dfc28c-12b1-4601-bef3-8f9377f3fac6,531,arati.dasgupta@doordash.com,Arati Dasgupta,limited_access,,2020-08-09 00:00:00,True,Tripura
688a60f0-bd0a-4261-907d-ce4fdc3bc563,531,vishal.jamatia@doordash.com,Vishal Jamatia,limited_access,,2020-01-30 00:00:00,True,Tripura
588f10a7-510a-466c-b6cd-b6a8c36ad987,531,swapna.bhattacharya@doordash.com,Swapna Bhattacharya,guest,,2020-05-14 00:00:00,True,Tripura
78fb296e-2d04-40df-8c82-31825721e8f1,531,rakhal.barai@doordash.com,Rakhal Barai,limited_access,,2020-01-29 00:00:00,True,Tripura
60b29401-302e-472b-9956-3e541dbd139a,531,ruma.rani@doordash.com,Ruma Rani,guest,,2020-06-27 00:00:00,True,Tripura
b846c1bb-0ccc-4585-b355-69c8b246b8dd,531,gouri.dasgupta@doordash.com,Gouri Dasgupta,member,,2020-10-30 00:00:00,True,Tripura
183f0c1d-4179-441b-862c-c3afc91b6f9d,531,bishnupriya.debnath@doordash.com,Bishnupriya Debnath,admin,,2020-10-12 00:00:00,True,Tripura
08b9f6e2-a0f1-462b-ba30-f75efc9f99b2,531,birendra.jamatia@doordash.com,Birendra Jamatia,member,,2020-11-18 00:00:00,True,Tripura
2816f43f-0124-47bf-86c5-544cf3ad9bd8,531,arati.thakur@doordash.com,Arati Thakur,member,,2020-09-24 00:00:00,True,Tripura
532807b6-23c7-4a7a-8641-80eedba2bb30,531,piyush.noatia@doordash.com,Piyush Noatia,guest,,2020-03-26 00:00:00,True,Tripura
66dbce62-6cda-4b2a-a7d0-c76d739db566,531,bhavani.jamatia@doordash.com,Bhavani Jamatia,limited_access,,2020-06-14 00:00:00,True,Tripura
6b739c9f-93c2-423a-88ba-32393b5f15b7,531,swarup.roychoudhury@doordash.com,Swarup Roychoudhury,admin,,2020-03-21 00:00:00,True,Tripura
4477a818-b4ce-44af-a070-215e77364343,531,rupa.rani@doordash.com,Rupa Rani,member,,2020-02-26 00:00:00,True,Tripura
0330727a-99f8-4c20-bd87-8b8009549800,531,purna.saha@doordash.com,Purna Saha,guest,,2020-08-05 00:00:00,True,Tripura
729820bc-87ef-498c-b383-3283e5c5af7a,531,chandini.dasgupta@doordash.com,Chandini Dasgupta,guest,,2020-04-11 00:00:00,True,Tripura
e795a667-75f1-42d3-9d7c-bcee6a6ad6fd,531,gobinda.thakur@doordash.com,Gobinda Thakur,limited_access,,2020-03-07 00:00:00,True,Tripura
85db4c82-4c20-4803-8ee2-ff6f8248b1f5,531,shashi.dasgupta@doordash.com,Shashi Dasgupta,limited_access,,2020-04-17 00:00:00,True,Tripura
a6dbc7e8-afae-493a-98e0-c7b8787a985a,531,nilay.singha@doordash.com,Nilay Singha,admin,,2020-01-24 00:00:00,True,Tripura
c592be6f-c27f-4a27-b852-52cc0033fd40,531,renuka.roy@doordash.com,Renuka Roy,member,,2020-06-28 00:00:00,True,Tripura
35bfc6d9-ea98-4a96-90f8-c3b3e7defa5f,531,praful.chowdhury@doordash.com,Praful Chowdhury,guest,,2020-01-12 00:00:00,True,Tripura
f434e4b9-9153-45a0-8096-52fdbffe06a1,531,trishna.mog@doordash.com,Trishna Mog,admin,,2020-02-09 00:00:00,True,Tripura
e9827046-b849-44bd-87a7-517c448e5911,531,surendra.tripathi@doordash.com,Surendra Tripathi,guest,,2020-11-15 00:00:00,True,Tripura
05b43585-2150-42fd-b6d3-e249165177ca,531,amita.das@doordash.com,Amita Das,limited_access,,2020-08-11 00:00:00,True,Tripura
3ca0424a-8cfc-4132-8154-b9ebfad93d9b,531,harendra.reang@doordash.com,Harendra Reang,member,,2020-11-10 00:00:00,True,Tripura
1cfe3c0a-5f8c-4d6d-b80d-1992adcab997,531,swati.karle@doordash.com,Swati Karle,admin,,2020-09-07 00:00:00,True,Tripura
9e727848-a054-4d7d-acec-995e3c88ad1b,531,tushar.basak@doordash.com,Tushar Basak,limited_access,,2020-07-19 00:00:00,True,Tripura
0fef9a77-ef12-4f60-85f6-6882a92d224b,531,vijaya.basak@doordash.com,Vijaya Basak,admin,,2020-05-09 00:00:00,True,Tripura
23007029-d49a-4198-8270-9336a7e29365,531,tushar.verma@doordash.com,Tushar Verma,limited_access,,2020-07-18 00:00:00,True,Jharkhand
5a8fc0a2-4505-4f01-ad2c-06115ff14857,531,hira.savant@doordash.com,Hira Savant,member,,2020-11-05 00:00:00,True,Jharkhand
ad84180f-45b9-4476-8a1d-e3424c05a2e0,531,sikram.thakur@doordash.com,Sikram Thakur,limited_access,,2020-02-23 00:00:00,True,Jharkhand
f5484902-ebfe-4ee4-a17c-5bdfb4495999,531,sonali.lal@doordash.com,Sonali Lal,guest,,2020-03-25 00:00:00,True,Jharkhand
2f6a4bed-3e04-4b7c-a240-53e28b88b185,531,rajesh.roya@doordash.com,Rajesh Roya,limited_access,,2020-05-29 00:00:00,True,Jharkhand
0244d620-dc82-4287-92e1-0dec771ec8cc,531,barkha.rajakrani@doordash.com,Barkha Rajak rani,guest,,2020-12-22 00:00:00,True,Jharkhand
7cf9d5ba-6f2b-4adb-8de7-fdd77c1c1349,531,alok.jha@doordash.com,Alok Jha,member,,2020-03-29 00:00:00,True,Jharkhand
b95c6ea9-5ce2-482e-827b-6567f2074ab1,531,aloka.singhvi@doordash.com,Aloka Singhvi,member,,2020-01-13 00:00:00,True,Jharkhand
ec2ec483-b9a1-4754-9037-917538a1f6cd,531,girish.prasad@doordash.com,Girish Prasad,member,,2020-12-31 00:00:00,True,Jharkhand
36f83b80-d0cb-44a2-a632-907806f1e16f,531,gauri.tudu@doordash.com,Gauri Tudu,limited_access,,2020-10-06 00:00:00,True,Jharkhand
5b043b70-474d-45fd-8cb6-a38ae3c1c790,531,ujjwal.biru@doordash.com,Ujjwal Biru,guest,,2020-08-13 00:00:00,True,Jharkhand
37a35faf-74b8-4278-844f-753a13e6a386,531,barkha.jhariarani@doordash.com,Barkha Jharia rani,member,,2020-09-06 00:00:00,True,Jharkhand
4d56aaae-77da-4134-a7c6-df04b17257b6,531,vasudev.jha@doordash.com,Vasudev Jha,guest,,2020-06-28 00:00:00,True,Jharkhand
9091f28d-5b6b-4b8f-8def-58eb37d7f41b,531,deepali.dewri@doordash.com,Deepali Dewri,limited_access,,2020-03-17 00:00:00,True,Jharkhand
336282fc-210f-4ede-9267-ae9a7529b6d0,531,pavan.prasad@doordash.com,Pavan Prasad,limited_access,,2020-08-06 00:00:00,True,Jharkhand
856f8091-0db9-4d30-ad65-cee3947a570e,531,aanya.murmu@doordash.com,Aanya Murmu,limited_access,,2020-08-12 00:00:00,True,Jharkhand
fdb88185-c2f3-4c50-9ab2-ae93c262dc0b,531,dinesh.ranchi@doordash.com,Dinesh Ranchi,guest,,2020-12-10 00:00:00,True,Jharkhand
ac6a32b8-208a-4c65-a73f-e9955595c115,531,aadya.horokumari@doordash.com,Aadya Horo kumari,guest,,2020-10-28 00:00:00,True,Jharkhand
fb4f1b21-7b47-4bfc-afda-245513b4a1f3,531,kamlesh.jalim@doordash.com,Kamlesh Jalim,guest,,2020-04-02 00:00:00,True,Jharkhand
13f520e6-70a7-4dbc-bbd1-4bfeb23fbf22,531,sushmita.jharia@doordash.com,Sushmita Jharia,admin,,2020-10-20 00:00:00,True,Jharkhand
d08c621f-0516-4233-8d2d-23da8152de62,531,krishna.kisku@doordash.com,Krishna Kisku,limited_access,,2020-03-11 00:00:00,True,Jharkhand
9bf78c98-38a0-47a2-8f73-addce10c3b62,531,kunti.sah@doordash.com,Kunti Sah,member,,2020-11-18 00:00:00,True,Jharkhand
03b23443-a6f0-45eb-aba9-5cf925871ffe,531,balraj.ranjan@doordash.com,Balraj Ranjan,member,,2020-01-21 00:00:00,True,Jharkhand
12e20879-184f-4826-b62d-b303a537982a,531,vandini.bedia@doordash.com,Vandini Bedia,limited_access,,2020-09-20 00:00:00,True,Jharkhand
d9e8eaa6-1bed-421f-b03a-58769100e8fb,531,kherwar.jaiswal@doordash.com,Kherwar Jaiswal,admin,,2020-12-06 00:00:00,True,Jharkhand
1aed53a9-30f8-4939-b3f4-6c48706f3a97,531,roshni.siddharthkumari@doordash.com,Roshni Siddharth kumari,member,,2020-04-26 00:00:00,True,Jharkhand
8fda0857-d44f-4b62-91c3-c58fbbb60281,531,vishwajeet.karma@doordash.com,Vishwajeet Karma,limited_access,,2020-05-17 00:00:00,True,Jharkhand
82642ac0-1900-4c7c-8a73-62beef6a2304,531,dulari.manki@doordash.com,Dulari Manki,member,,2020-09-08 00:00:00,True,Jharkhand
5d98df23-140a-498d-9dd8-f0b992396e17,531,chinmay.kessari@doordash.com,Chinmay Kessari,guest,,2020-08-13 00:00:00,True,Jharkhand
61e9cc4a-93d4-4b2f-8615-5b90454e6341,531,sridevi.jharia@doordash.com,Sridevi Jharia,guest,,2020-02-11 00:00:00,True,Jharkhand
406eeca1-09f2-4e11-bfa2-5ef71521ad20,531,sumeet.bhumij@doordash.com,Sumeet Bhumij,guest,,2020-01-28 00:00:00,True,Jharkhand
53662e02-4835-470c-a8ef-6fd82c9e7b1f,531,ishwari.rajakkumari@doordash.com,Ishwari Rajak kumari,limited_access,,2020-12-27 00:00:00,True,Jharkhand
441a05b7-61e4-4168-a6a4-c7c6b54a3728,531,ramu.godi@doordash.com,Ramu Godi,admin,,2020-02-28 00:00:00,True,Jharkhand
a4b7d8a6-be30-4d19-b5e0-3d29b90678ac,531,ruthri.lalkumari@doordash.com,Ruthri Lal kumari,guest,,2020-01-30 00:00:00,True,Jharkhand
00f9cdd3-2e79-4b9e-ba81-c303a1528a7c,531,ravindra.kerketta@doordash.com,Ravindra Kerketta,admin,,2020-10-10 00:00:00,True,Jharkhand
be662e54-1201-44a9-acd1-314dd39e857b,531,nandini.bhumijrani@doordash.com,Nandini Bhumij rani,limited_access,,2020-02-26 00:00:00,True,Jharkhand
6930959e-64f3-46d1-aeb9-962d4c02a0dc,531,sanjay.birsamunda@doordash.com,Sanjay Birsamunda,member,,2020-09-08 00:00:00,True,Jharkhand
57147df6-cb1d-4e20-bc25-7c9d288193ab,531,jalpa.toppo@doordash.com,Jalpa Toppo,admin,,2020-08-18 00:00:00,True,Jharkhand
acf8fd18-1a56-4dd9-8e72-fb226c064b38,531,vinod.kisku@doordash.com,Vinod Kisku,limited_access,,2020-10-11 00:00:00,True,Jharkhand
0d3b300e-46f8-4ef4-8360-abb5bc0c852a,531,jhalak.chaudhary@doordash.com,Jhalak Chaudhary,member,,2020-05-28 00:00:00,True,Jharkhand
ae8e852b-615f-4bcb-a2e7-84be850c6ae7,531,birendra.bhumij@doordash.com,Birendra Bhumij,admin,,2020-07-31 00:00:00,True,Jharkhand
6feac37c-6a79-470b-9ca8-1f8f45e875a4,531,adiya.patel@doordash.com,Adiya Patel,guest,,2020-06-28 00:00:00,True,Jharkhand
31d164ba-e9cc-405f-ab68-8de15178df33,531,suryakant.tudu@doordash.com,Suryakant Tudu,admin,,2020-07-15 00:00:00,True,Jharkhand
492ebf22-8372-4fc8-a22a-78b16db5fba3,531,chandini.bedia@doordash.com,Chandini Bedia,limited_access,,2020-04-11 00:00:00,True,Jharkhand
840755fb-188a-4ada-a5b2-8fe96c5e4b35,531,ritesh.kandul@doordash.com,Ritesh Kandul,limited_access,,2020-06-16 00:00:00,True,Jharkhand
11f7d8c6-a430-42fc-8369-85a25c73b1be,531,diksha.rani@doordash.com,Diksha Rani,admin,,2020-10-25 00:00:00,True,Jharkhand
15fc8c36-0768-456b-a830-a5178d2afbf5,531,arvind.bhumij@doordash.com,Arvind Bhumij,member,,2020-05-01 00:00:00,True,Jharkhand
01e84e04-856f-4964-bcb2-be4f3470779e,531,tilu.dhanwar@doordash.com,Tilu Dhanwar,admin,,2020-07-04 00:00:00,True,Jharkhand
0d931915-909f-40e9-8e0a-0196d0805863,531,nitin.kerketta@doordash.com,Nitin Kerketta,guest,,2020-03-11 00:00:00,True,Jharkhand
83612313-1704-4c79-9872-a3324750913b,531,sharika.mankirani@doordash.com,Sharika Manki rani,admin,,2020-08-14 00:00:00,True,Jharkhand
0322c990-dbcf-47f6-9eaf-cd05a92d92d0,531,sumeet.kisku@doordash.com,Sumeet Kisku,limited_access,,2020-11-20 00:00:00,True,Jharkhand
75765f29-afaa-427b-abc5-019b83ab12e5,531,shalini.bairagidevi@doordash.com,Shalini Bairagi devi,member,,2020-07-11 00:00:00,True,Jharkhand
18220183-f535-4ccb-823e-61de1f8bc9a0,531,rakesh.sharma@doordash.com,Rakesh Sharma,guest,,2020-07-01 00:00:00,True,Jharkhand
c10ff9c8-ae17-49e5-a302-54325bebc43b,531,gauri.soren@doordash.com,Gauri Soren,admin,,2020-09-18 00:00:00,True,Jharkhand
93ed16b9-05a1-467c-b23d-3da02ab5cfc7,531,sandeep.tila@doordash.com,Sandeep Tila,admin,,2020-12-04 00:00:00,True,Jharkhand
ea7c7171-6cbf-48f3-9238-35802dd5e876,531,jalpa.jharia@doordash.com,Jalpa Jharia,limited_access,,2020-05-07 00:00:00,True,Jharkhand
34263b68-2c6c-42dd-a217-389a956c25f6,531,chhagan.kessari@doordash.com,Chhagan Kessari,guest,,2020-02-29 00:00:00,True,Jharkhand
82285108-8c3f-4863-963b-6d99d7aac1a6,531,ananya.pattanaik@doordash.com,Ananya Pattanaik,member,,2020-05-02 00:00:00,True,Jharkhand
546311fd-0793-4605-b2ce-4f4d4d84cc28,531,mukul.choudhary@doordash.com,Mukul Choudhary,admin,,2020-08-15 00:00:00,True,Jharkhand
7769ea07-bb76-4213-9d26-b120a3c27b32,531,deepti.toppo@doordash.com,Deepti Toppo,member,,2020-09-25 00:00:00,True,Jharkhand
c6a12f45-135c-463a-9452-37ef2e853b2e,531,nagesh.thakur@doordash.com,Nagesh Thakur,admin,,2020-02-02 00:00:00,True,Jharkhand
bfbcf349-a160-4460-b8e1-81dbd5a5a0ae,531,gulki.singhdevi@doordash.com,Gulki Singh devi,member,,2020-09-20 00:00:00,True,Jharkhand
11ba68b1-d1b4-4d89-841b-2ce041082ab6,531,bharat.tudu@doordash.com,Bharat Tudu,guest,,2020-09-30 00:00:00,True,Jharkhand
32759140-9ad7-4225-988d-b46590c09e12,531,chunri.pattanaikrani@doordash.com,Chunri Pattanaik rani,limited_access,,2020-07-12 00:00:00,True,Jharkhand
c52fd1ca-fe86-4d1c-a7b6-6e01eea3aff7,531,ramu.soren@doordash.com,Ramu Soren,admin,,2020-05-31 00:00:00,True,Jharkhand
bb981c14-fe9f-4c8d-bead-f819665c8b8c,531,chandni.patel@doordash.com,Chandni Patel,member,,2020-12-02 00:00:00,True,Jharkhand
30ca4ed0-813d-43eb-b55b-01f0a6919a7d,531,vijay.biru@doordash.com,Vijay Biru,limited_access,,2020-05-30 00:00:00,True,Jharkhand
5097f726-dc0e-4826-ac73-8376de4eb379,531,juni.minz@doordash.com,Juni Minz,member,,2020-01-05 00:00:00,True,Jharkhand
6f7b53a8-7ffe-40a6-8e0f-6cc6c82a9312,531,subramaniam.kerketta@doordash.com,Subramaniam Kerketta,guest,,2020-09-11 00:00:00,True,Jharkhand
a0fc9df8-5d76-482f-8302-f7e1d7aa077b,531,daksha.sahkumari@doordash.com,Daksha Sah kumari,guest,,2020-03-28 00:00:00,True,Jharkhand
bff854fd-cd9b-4958-879c-53bb12530924,531,shashi.murmu@doordash.com,Shashi Murmu,admin,,2020-03-05 00:00:00,True,Jharkhand
a277088e-be1e-4bc1-949f-5281b7816d75,531,geeta.kerkettakumari@doordash.com,Geeta Kerketta kumari,member,,2020-09-15 00:00:00,True,Jharkhand
8d7f61cb-f25b-45c0-8ca3-e8975362bea8,531,gaurav.sundar@doordash.com,Gaurav Sundar,guest,,2020-09-25 00:00:00,True,Jharkhand
1bf9b7e7-6e9a-4671-aa2e-02452a120d01,531,sonali.dhanwar@doordash.com,Sonali Dhanwar,admin,,2020-02-13 00:00:00,True,Jharkhand
a236a04d-832b-498c-8d20-00f24fd2b209,531,neeraj.tila@doordash.com,Neeraj Tila,limited_access,,2020-11-20 00:00:00,True,Jharkhand
f1a85103-fa51-4413-aa93-1cdaf3592180,531,srishti.choudhurydevi@doordash.com,Srishti Choudhury devi,member,,2020-05-09 00:00:00,True,Jharkhand
97b6b2e1-6ce3-4841-92f7-45bc038d6c3f,531,bharat.biru@doordash.com,Bharat Biru,limited_access,,2020-11-24 00:00:00,True,Jharkhand
13fead76-0212-456a-8288-870a859bb54a,531,nirupa.chaudhary@doordash.com,Nirupa Chaudhary,admin,,2020-09-09 00:00:00,True,Jharkhand
6089c7a7-774e-42f3-ab08-4d7634648304,531,yogendra.jalim@doordash.com,Yogendra Jalim,member,,2020-12-03 00:00:00,True,Jharkhand
48dc8c1f-d820-47fe-a505-13d924a6fa76,531,rupal.pattanaik@doordash.com,Rupal Pattanaik,guest,,2020-01-28 00:00:00,True,Jharkhand
b1240b5c-71bc-445a-9d24-9bb2f8cd1b3b,531,vijay.kerketta@doordash.com,Vijay Kerketta,admin,,2020-12-29 00:00:00,True,Jharkhand
93a4ab49-5689-4dc5-8776-fc1bd42139fe,531,shubhi.mahatokumari@doordash.com,Shubhi Mahato kumari,admin,,2020-03-15 00:00:00,True,Jharkhand
bf7c0f77-5fb9-4673-9a8c-552bbaa8e8cd,531,subramaniam.bhumij@doordash.com,Subramaniam Bhumij,guest,,2020-04-03 00:00:00,True,Jharkhand
fa9a19ec-7a0a-4cb7-87c2-65fac26b2775,531,vasanti.mahatokumari@doordash.com,Vasanti Mahato kumari,admin,,2020-07-05 00:00:00,True,Jharkhand
990fa357-bfe9-460f-9759-06c4a3ef097e,531,sudeep.horo@doordash.com,Sudeep Horo,member,,2020-11-30 00:00:00,True,Jharkhand
fd1c885b-ea32-405a-9dff-6a765e8055d4,531,jaya.baskeykumari@doordash.com,Jaya Baskey kumari,admin,,2020-10-27 00:00:00,True,Jharkhand
4bc9a9c7-906b-44e8-8048-27e94dbb35eb,531,gopal.kessari@doordash.com,Gopal Kessari,admin,,2020-10-27 00:00:00,True,Jharkhand
360e64c5-c025-42d4-a133-f3fc5c57486c,531,chandni.barmaniadevi@doordash.com,Chandni Barmania devi,limited_access,,2020-03-27 00:00:00,True,Jharkhand
288d88b8-7d02-4c09-a671-670a46f039ad,531,tirul.sundar@doordash.com,Tirul Sundar,limited_access,,2020-07-27 00:00:00,True,Jharkhand
b031e146-a542-419b-a5c7-936119a35f21,531,abha.bhumijkumari@doordash.com,Abha Bhumij kumari,limited_access,,2020-03-28 00:00:00,True,Jharkhand
e7d9f241-0e4d-450a-88dc-84e9c2a5de30,531,suryanarayan.kharia@doordash.com,Suryanarayan Kharia,limited_access,,2020-01-30 00:00:00,True,Jharkhand
c27b91b8-b9b4-4f0f-8bab-b38c66593670,531,pratibha.bediarani@doordash.com,Pratibha Bedia rani,guest,,2020-03-31 00:00:00,True,Jharkhand
2d7bda33-d6f5-4ac4-9b76-b1a47e58ee94,531,tejas.roya@doordash.com,Tejas Roya,guest,,2020-07-21 00:00:00,True,Jharkhand
fee1537e-4c7d-4762-a1b7-937007daea1e,531,karma.pattanaik@doordash.com,Karma Pattanaik,guest,,2020-03-17 00:00:00,True,Jharkhand
5ccc73f6-d8cd-4458-a01a-165c0b8516ab,531,umesh.thakur@doordash.com,Umesh Thakur,guest,,2020-11-23 00:00:00,True,Jharkhand
58bfa2d5-9483-44b7-b9ec-a9bf35942e91,531,gouri.sahdeodevi@doordash.com,Gouri Sahdeo devi,guest,,2020-05-13 00:00:00,True,Jharkhand
f3d43af9-d5dc-4024-bbea-2a640a1894ee,531,shivansh.soren@doordash.com,Shivansh Soren,guest,,2020-11-29 00:00:00,True,Jharkhand
758afc09-971f-4eca-9ee3-27c38dece0b4,531,rekha.pahan@doordash.com,Rekha Pahan,guest,,2020-11-05 00:00:00,True,Jharkhand
4c040d3f-4a5a-4d91-8e8a-3cad76ae426a,531,mithilesh.hembrom@doordash.com,Mithilesh Hembrom,admin,,2020-12-27 00:00:00,True,Jharkhand
48a7d80e-c33c-464d-8584-760c304b9fc7,531,jalpa.rajak@doordash.com,Jalpa Rajak,limited_access,,2020-10-06 00:00:00,True,Jharkhand
b5ef8d37-6f09-4163-bac3-085026ad3abf,531,siddharth.munda@doordash.com,Siddharth Munda,limited_access,,2020-07-21 00:00:00,True,Jharkhand
58abf9e2-c6af-4f75-8279-6dc775b84bea,531,simran.toppokumari@doordash.com,Simran Toppo kumari,admin,,2020-01-20 00:00:00,True,Jharkhand
97d30e84-c147-4491-8fbd-55e8a99959f1,531,gaurav.prasad@doordash.com,Gaurav Prasad,guest,,2020-04-17 00:00:00,True,Jharkhand
0fec4d35-b0c0-4a47-a644-a89b1c342f6d,531,sujata.sharmarani@doordash.com,Sujata Sharma rani,member,,2020-09-15 00:00:00,True,Jharkhand
a06f488b-e2e5-40b8-b6c5-2b93e730f069,531,lekh.kisko@doordash.com,Lekh Kisko,member,,2020-12-13 00:00:00,True,Jharkhand
79c3b691-d0ab-4f5e-b86f-1ef546239650,531,lota.sahdeorani@doordash.com,Lota Sahdeo rani,limited_access,,2020-06-13 00:00:00,True,Jharkhand
29d68278-88a8-4b8e-a5a8-ff1ca022f5e9,531,sakti.kerketta@doordash.com,Sakti Kerketta,guest,,2020-05-22 00:00:00,True,Jharkhand
8b689f89-e31d-452a-a60b-4ef3d391b85f,531,garima.patel@doordash.com,Garima Patel,limited_access,,2020-08-11 00:00:00,True,Jharkhand
9c74c212-41a8-4204-85e9-593a8c35d3ac,531,kishan.bhumij@doordash.com,Kishan Bhumij,guest,,2020-01-24 00:00:00,True,Jharkhand
12391024-1616-4eb0-98ef-169cd37e5201,531,meena.pattanaikkumari@doordash.com,Meena Pattanaik kumari,limited_access,,2020-04-02 00:00:00,True,Jharkhand
fc8fbe5d-82e8-4416-b742-d0b7cf0327d3,531,ravi.birsamunda@doordash.com,Ravi Birsamunda,admin,,2020-12-05 00:00:00,True,Jharkhand
93fec879-662c-4c90-a17c-36539c67eb61,531,meenakshi.rani@doordash.com,Meenakshi Rani,member,,2020-05-23 00:00:00,True,Jharkhand
ea4edbaa-b383-429a-af9e-ff99917aa4a7,531,abhinav.prasad@doordash.com,Abhinav Prasad,admin,,2020-01-30 00:00:00,True,Jharkhand
589ed6a1-8b87-4b6c-a742-701ef57f2062,531,mansi.mahatorani@doordash.com,Mansi Mahato rani,member,,2020-08-20 00:00:00,True,Jharkhand
d46310a7-18b3-41bf-a92e-278a218475a5,531,ashok.kandul@doordash.com,Ashok Kandul,guest,,2020-03-27 00:00:00,True,Jharkhand
9b227f3a-e3d3-423e-abfc-c24ec66c6cc2,531,ruchi.barmania@doordash.com,Ruchi Barmania,member,,2020-10-21 00:00:00,True,Jharkhand
cfa7925f-b8ad-402b-9d01-cfc53ef268ff,531,kandru.reko@doordash.com,Kandru Reko,admin,,2020-10-12 00:00:00,True,Jharkhand
5ca85e48-7b9d-4716-827a-36d0ed8e6d0e,531,gargee.gurusaria@doordash.com,Gargee Gurusaria,guest,,2020-10-15 00:00:00,True,Jharkhand
85998443-bf5d-4ef8-a5de-a43895a21784,531,jagannath.sundar@doordash.com,Jagannath Sundar,limited_access,,2020-09-14 00:00:00,True,Jharkhand
46847505-10c6-4ad3-acf9-7d0af530d03e,531,zara.manki@doordash.com,Zara Manki,guest,,2020-07-26 00:00:00,True,Jharkhand
be453d70-1880-4496-a382-b449fe2b59cc,531,hathiram.rai@doordash.com,Hathiram Rai,limited_access,,2020-11-04 00:00:00,True,Jharkhand
9762a8bc-2771-4b01-a740-cf2c3d9871e4,531,malti.sahdeokumari@doordash.com,Malti Sahdeo kumari,guest,,2020-02-02 00:00:00,True,Jharkhand
63b88c7d-8abc-40fa-a4fa-0cbcbf78aadc,531,raj.sharma@doordash.com,Raj Sharma,member,,2020-03-01 00:00:00,True,Jharkhand
03f309bc-eae3-44f6-b512-71402f797f49,531,narmada.singhvi@doordash.com,Narmada Singhvi,limited_access,,2020-08-07 00:00:00,True,Jharkhand
014fd93a-8c6a-43ec-b1cc-d801b463801c,531,kamla.yadav@doordash.com,Kamla Yadav,member,,2020-03-07 00:00:00,True,Jharkhand
3bc243ff-e946-4f8a-bede-9909e9a6424c,531,niharika.manki@doordash.com,Niharika Manki,limited_access,,2020-08-09 00:00:00,True,Jharkhand
bc1f2977-04a1-41c6-91cb-25f67f239e88,531,raaj.ranchi@doordash.com,Raaj Ranchi,limited_access,,2020-12-14 00:00:00,True,Jharkhand
3b76f8e7-aaaf-474a-86d2-9faf42787aa9,531,binu.toppo@doordash.com,Binu Toppo,limited_access,,2020-07-18 00:00:00,True,Jharkhand
fc901af4-8fb5-40a7-9e71-dee1aa22318d,531,kisram.chauhan@doordash.com,Kisram Chauhan,member,,2020-05-23 00:00:00,True,Jharkhand
239907b0-3c9f-48c6-b28a-4ac4d6f087db,531,asmita.chakraborty@doordash.com,Asmita Chakraborty,admin,,2020-11-23 00:00:00,True,Jharkhand
a83ed6ad-0543-4050-86c2-e9efb5d373b2,531,hitesh.lakra@doordash.com,Hitesh Lakra,guest,,2020-02-29 00:00:00,True,Jharkhand
54b7b142-57a1-4ad5-94b8-48a1388400d6,531,shruti.barmania@doordash.com,Shruti Barmania,member,,2020-01-30 00:00:00,True,Jharkhand
96e61379-351d-4598-a969-fc152141ad7d,531,ajeet.kessari@doordash.com,Ajeet Kessari,member,,2020-09-25 00:00:00,True,Jharkhand
01c27c18-fd4e-469d-84d5-31c4e3fca606,531,deepika.thakurdevi@doordash.com,Deepika Thakur devi,guest,,2020-09-02 00:00:00,True,Jharkhand
6835e693-d8ed-4a64-8eae-c79c4a2d5cf2,531,lakshman.ranjan@doordash.com,Lakshman Ranjan,admin,,2020-01-28 00:00:00,True,Jharkhand
a310e819-34d7-4d1d-89dc-f7a2a57551a1,531,chandini.munda@doordash.com,Chandini Munda,limited_access,,2020-02-20 00:00:00,True,Jharkhand
abf7a326-9bc4-4dc4-84b3-3b7363687e6c,531,shibu.munda@doordash.com,Shibu Munda,limited_access,,2020-07-08 00:00:00,True,Jharkhand
e8150127-186a-4047-afd1-9ca06c69e892,531,aadya.dewri@doordash.com,Aadya Dewri,guest,,2020-08-04 00:00:00,True,Jharkhand
6154d4b8-2977-4df6-bd75-1331b053e138,531,sukhdev.roya@doordash.com,Sukhdev Roya,limited_access,,2020-05-16 00:00:00,True,Jharkhand
75e88104-f380-4995-ba05-315f40681cf5,531,radhika.agarwal@doordash.com,Radhika Agarwal,limited_access,,2020-04-11 00:00:00,True,Jharkhand
519e11af-c669-4cec-96e8-b581972482c2,531,vinay.pandey@doordash.com,Vinay Pandey,admin,,2020-02-21 00:00:00,True,Jharkhand
c053d05c-681f-4333-8983-90acf8eb5266,531,somita.siddharth@doordash.com,Somita Siddharth,admin,,2020-11-15 00:00:00,True,Jharkhand
d11ece92-ba48-4c11-9598-786fb53d8e3a,531,satish.kerketta@doordash.com,Satish Kerketta,admin,,2020-01-04 00:00:00,True,Jharkhand
8eb41cc9-b43b-4a49-81af-17b95742d4f9,531,gulika.sharmadevi@doordash.com,Gulika Sharma devi,member,,2020-06-06 00:00:00,True,Jharkhand
4cd396c0-9a35-42aa-97bc-3e14ccc29a4b,531,ashok.sundar@doordash.com,Ashok Sundar,admin,,2020-09-27 00:00:00,True,Jharkhand
38015297-fba5-474b-8a08-f448159c2941,531,sona.lota@doordash.com,Sona Lota,limited_access,,2020-11-26 00:00:00,True,Jharkhand
f93feccf-e1ae-4ac7-b8a8-0cd6dc93f9af,531,sandeep.pandey@doordash.com,Sandeep Pandey,member,,2020-02-15 00:00:00,True,Jharkhand
a58e67b8-ca20-477c-9548-dfdcba183956,531,ekta.manki@doordash.com,Ekta Manki,admin,,2020-01-22 00:00:00,True,Jharkhand
c6158f58-11c8-452a-bcde-370e41d826c5,531,raghunath.jharkhand@doordash.com,Raghunath jharkhand,guest,,2020-09-12 00:00:00,True,Jharkhand
7208c155-1bfb-481b-a652-1ee022db958f,531,kavita.patel@doordash.com,Kavita Patel,admin,,2020-08-06 00:00:00,True,Jharkhand
b0680c97-5982-4aac-9938-db1143180c88,531,vikram.bhumij@doordash.com,Vikram Bhumij,admin,,2020-06-21 00:00:00,True,Jharkhand
412b2d81-b222-4266-9606-15d742c72344,531,jivika.lal@doordash.com,Jivika Lal,guest,,2020-03-23 00:00:00,True,Jharkhand
596f3214-2f76-484e-bc30-671d7873c98e,531,adarsh.verma@doordash.com,Adarsh Verma,limited_access,,2020-06-16 00:00:00,True,Jharkhand
3f543621-8eab-4de7-81a5-3aa3777fe7a8,531,devaki.toppo@doordash.com,Devaki Toppo,limited_access,,2020-06-29 00:00:00,True,Jharkhand
df04bb3a-a1b7-42ec-b8d4-e5e92028579b,531,lal.kessari@doordash.com,Lal Kessari,admin,,2020-09-17 00:00:00,True,Jharkhand
159aac47-69e1-426a-8bef-7ec5d5e10c70,531,kamini.manki@doordash.com,Kamini Manki,admin,,2020-05-31 00:00:00,True,Jharkhand
97f08275-49dd-45cb-b4cc-9455b16a3c2b,531,kissam.pahari@doordash.com,Kissam Pahari,limited_access,,2020-12-11 00:00:00,True,Jharkhand
b0afa637-d11e-4d1b-ab24-e3d7e7a7d789,531,bansari.mahapathakrani@doordash.com,Bansari Mahapathak rani,guest,,2020-03-30 00:00:00,True,Jharkhand
cb760b7c-b5ad-4e04-b109-e83439b9de44,531,bhavin.munda@doordash.com,Bhavin Munda,guest,,2020-05-13 00:00:00,True,Jharkhand
52a74d98-aa00-4afc-81e0-eda7559aa252,531,avni.singhvikumari@doordash.com,Avni Singhvi kumari,admin,,2020-05-14 00:00:00,True,Jharkhand
f36d9279-18fe-4890-ba1d-a55bdf36f1f3,531,bharat.rai@doordash.com,Bharat Rai,admin,,2020-02-24 00:00:00,True,Jharkhand
338d32cb-db72-4fba-812f-c8a0c357111d,531,ruthri.agarwalkumari@doordash.com,Ruthri Agarwal kumari,limited_access,,2020-06-09 00:00:00,True,Jharkhand
2de86d07-3dfa-4eae-b355-32c4778f16ee,531,ajit.prasad@doordash.com,Ajit Prasad,limited_access,,2020-07-04 00:00:00,True,Jharkhand
fb65a528-fd4b-4e1a-9d96-7ffd613d8205,531,bhoomi.murmu@doordash.com,Bhoomi Murmu,guest,,2020-05-22 00:00:00,True,Jharkhand
087bedfe-b78d-4d54-a312-19dc81a90230,531,suryanarayan.tila@doordash.com,Suryanarayan Tila,member,,2020-02-12 00:00:00,True,Jharkhand
aca389cd-c281-4253-96d3-a617758b5195,531,geetika.sadhukhanrani@doordash.com,Geetika Sadhukhan rani,limited_access,,2020-10-23 00:00:00,True,Jharkhand
bb8c0f35-5bdd-41c4-ac48-8832af311530,531,satyan.sinha@doordash.com,Satyan Sinha,admin,,2020-07-12 00:00:00,True,Jharkhand
e585f803-e4a6-4e8e-9138-d8b9be09517b,531,surbhi.choudhury@doordash.com,Surbhi Choudhury,guest,,2020-09-02 00:00:00,True,Jharkhand
891b421e-77c9-4e10-99c4-a876247fe272,531,mukul.gupta@doordash.com,Mukul Gupta,guest,,2020-12-08 00:00:00,True,Jharkhand
dd80a001-806a-441f-aa85-5556c5112450,531,kriti.rajwar@doordash.com,Kriti Rajwar,admin,,2020-09-28 00:00:00,True,Jharkhand
08bbe70f-f4a4-49a8-aec6-26d8c59a0857,531,ramu.bhumij@doordash.com,Ramu Bhumij,member,,2020-03-30 00:00:00,True,Jharkhand
19725df1-1816-4d4e-a121-880cc15205fd,531,draupadi.horo@doordash.com,Draupadi Horo,member,,2020-06-23 00:00:00,True,Jharkhand
049ea2f2-f00b-49b0-967b-6c3848d84eb3,531,suresh.sinha@doordash.com,Suresh Sinha,guest,,2020-01-31 00:00:00,True,Jharkhand
0c97d19f-9fea-4ced-b0f4-66bfcdddf3b7,531,kirmi.kerkettarani@doordash.com,Kirmi Kerketta rani,member,,2020-10-10 00:00:00,True,Jharkhand
68f3e224-a58b-4dd9-8d55-ffa8aef30b05,531,jatu.birsamunda@doordash.com,Jatu Birsamunda,limited_access,,2020-02-04 00:00:00,True,Jharkhand
2e777cc2-0b74-492d-bec6-ac35e972c6de,531,sonali.kumar@doordash.com,Sonali Kumar,limited_access,,2020-08-16 00:00:00,True,Jharkhand
bace20b3-7ef7-4d78-91e5-bab27b0dd9db,531,raajeev.bhumij@doordash.com,Raajeev Bhumij,admin,,2020-06-11 00:00:00,True,Jharkhand
5d490869-3d4b-44e5-b926-48f03a8b0958,531,somita.savant@doordash.com,Somita Savant,admin,,2020-04-08 00:00:00,True,Jharkhand
c5517fbc-ac63-4bdc-8c31-2978fcd90a70,531,sudhir.kerketta@doordash.com,Sudhir Kerketta,member,,2020-05-12 00:00:00,True,Jharkhand
d04db382-0d4e-47bd-b237-7e03c044a530,531,alka.baskey@doordash.com,Alka Baskey,limited_access,,2020-11-20 00:00:00,True,Jharkhand
9a3de5e4-013c-4041-b937-80e2c40348e8,531,rangin.jalim@doordash.com,Rangin Jalim,guest,,2020-04-30 00:00:00,True,Jharkhand
93e47075-365e-4a71-a3a2-64c82e8c639d,531,devaki.mahapathak@doordash.com,Devaki Mahapathak,admin,,2020-07-11 00:00:00,True,Jharkhand
6449773d-edde-4a2e-9034-84ea5ff7c158,531,vasudev.tudu@doordash.com,Vasudev Tudu,limited_access,,2020-01-17 00:00:00,True,Jharkhand
24ddf028-b175-42c8-8221-fff7ee676c5c,531,chunri.bhumijrani@doordash.com,Chunri Bhumij rani,admin,,2020-01-20 00:00:00,True,Jharkhand
b9924088-1875-46dc-9ae0-2e6992f411ec,531,shailendra.sinha@doordash.com,Shailendra Sinha,member,,2020-07-11 00:00:00,True,Jharkhand
13d41383-5af7-411e-acec-71df7737f9aa,531,kala.bedia@doordash.com,Kala Bedia,guest,,2020-10-28 00:00:00,True,Jharkhand
27633c39-e6ef-40e2-9ce7-4580538db2f9,531,inderjeet.tudu@doordash.com,Inderjeet Tudu,admin,,2020-07-28 00:00:00,True,Jharkhand
baf1cb16-c999-4de5-94bb-4f718ac84745,531,niharika.kisku@doordash.com,Niharika Kisku,admin,,2020-12-12 00:00:00,True,Jharkhand
3f8393f2-1f5a-49e2-b9a9-0cc57c8360ca,531,harsh.tudu@doordash.com,Harsh Tudu,admin,,2020-11-02 00:00:00,True,Jharkhand
9ee75e1f-8005-4927-ae95-1216a9a62e45,531,geeta.savant@doordash.com,Geeta Savant,admin,,2020-04-16 00:00:00,True,Jharkhand
e12675be-f5f8-44de-9f55-0533b216275e,531,tanuj.kumar@doordash.com,Tanuj Kumar,admin,,2020-11-05 00:00:00,True,Jharkhand
85957339-8835-4a7d-939a-b174c120807b,531,urmi.mishra@doordash.com,Urmi Mishra,guest,,2020-11-11 00:00:00,True,Jharkhand
70bd738a-4e82-4da2-bccb-7b9aeb029fa7,531,hemendra.karma@doordash.com,Hemendra Karma,admin,,2020-02-15 00:00:00,True,Jharkhand
82ba4d4f-93b1-4f78-890d-db766c390f49,531,indumati.mundakumari@doordash.com,Indumati Munda kumari,limited_access,,2020-11-19 00:00:00,True,Jharkhand
87d6560e-6c8e-4103-8a53-ad9838dc213e,531,satyam.reko@doordash.com,Satyam Reko,member,,2020-09-24 00:00:00,True,Jharkhand
3f5d70bc-e27d-428c-a8e2-e108c92f90c7,531,daku.jharia@doordash.com,Daku Jharia,admin,,2020-07-30 00:00:00,True,Jharkhand
25819660-092a-4248-b651-3ce2fa230a8a,531,rupesh.birsamunda@doordash.com,Rupesh Birsamunda,admin,,2020-02-28 00:00:00,True,Jharkhand
a81ca848-367d-4c99-a338-851fe87852a4,531,lalima.dewrikumari@doordash.com,Lalima Dewri kumari,guest,,2020-07-26 00:00:00,True,Jharkhand
883c4de4-8049-4ada-ad88-02ccc89f0ba8,531,leko.jalim@doordash.com,Leko Jalim,limited_access,,2020-09-19 00:00:00,True,Jharkhand
2481b8ad-4975-43c1-85ad-75c181a95882,531,asita.bedi@doordash.com,Asita Bedi,limited_access,,2020-11-19 00:00:00,True,Jharkhand
42ab8d42-37d6-48f9-b2ef-8069479d28a8,531,madhur.jalim@doordash.com,Madhur Jalim,limited_access,,2020-04-13 00:00:00,True,Jharkhand
63a104d6-0754-4842-9a55-51e0d6404cb2,531,jhumka.choudhury@doordash.com,Jhumka Choudhury,admin,,2020-02-05 00:00:00,True,Jharkhand
6b303906-cca2-4768-ade9-949c0c2bcf82,531,aaditya.thakur@doordash.com,Aaditya Thakur,limited_access,,2020-10-24 00:00:00,True,Jharkhand
2722ad81-f1e9-4987-bd52-9870f843936d,531,rakhi.savant@doordash.com,Rakhi Savant,admin,,2020-03-01 00:00:00,True,Jharkhand
fe685851-874e-4c9e-b6c8-e55e15ccaf17,531,kunal.pahari@doordash.com,Kunal Pahari,limited_access,,2020-12-20 00:00:00,True,Jharkhand
f66201c9-611e-425b-97b4-6c2221dcffa9,531,harini.thakurkumari@doordash.com,Harini Thakur kumari,admin,,2020-04-12 00:00:00,True,Jharkhand
5a8ce3d9-68d5-4ed5-95e9-6ee56527492c,531,shubham.kerketta@doordash.com,Shubham Kerketta,admin,,2020-07-26 00:00:00,True,Jharkhand
cea8edda-8535-4f52-bddc-734bbea2370d,531,durga.gurusaria@doordash.com,Durga Gurusaria,guest,,2020-12-10 00:00:00,True,Jharkhand
62f3789b-2a37-4d37-b678-bca2bcb4e7ae,531,kartik.toppo@doordash.com,Kartik Toppo,member,,2020-10-11 00:00:00,True,Jharkhand
f430f0be-6237-427e-a5cb-d43433112e4b,531,shubhi.rani@doordash.com,Shubhi Rani,limited_access,,2020-09-15 00:00:00,True,Jharkhand
68b2868d-b44f-4a97-a11e-bbe3a96be8ae,531,shyam.sinha@doordash.com,Shyam Sinha,member,,2020-04-16 00:00:00,True,Jharkhand
22a21e8b-2ff3-41ab-8748-760ed5c36f87,531,kunti.tudu@doordash.com,Kunti Tudu,admin,,2020-09-17 00:00:00,True,Jharkhand
0ce2a032-af4c-49e4-800d-dba65480a5b4,531,kapil.chauhan@doordash.com,Kapil Chauhan,member,,2020-04-22 00:00:00,True,Jharkhand
82992d3e-cffb-4562-95b6-f7e65fc18790,531,aloka.pahan@doordash.com,Aloka Pahan,limited_access,,2020-03-24 00:00:00,True,Jharkhand
1dfde5b7-9bdc-4e1b-ad8b-280dc6aa6859,531,chirag.rai@doordash.com,Chirag Rai,guest,,2020-11-04 00:00:00,True,Jharkhand
a10c19d5-689d-44f5-b765-c77a06cd3728,531,hiruni.kumarrani@doordash.com,Hiruni Kumar rani,member,,2020-08-28 00:00:00,True,Jharkhand
9ea05cca-f014-4196-b938-b480e7a3189c,531,kartik.yadav@doordash.com,Kartik Yadav,admin,,2020-03-06 00:00:00,True,Jharkhand
b4617d2b-e746-4da6-a32e-f7d661f5cd79,531,nadiya.kisku@doordash.com,Nadiya Kisku,admin,,2020-05-24 00:00:00,True,Jharkhand
88ef65e4-cf49-4ed6-93e2-7d1d70c456c2,531,ujjwal.ranchi@doordash.com,Ujjwal Ranchi,admin,,2020-01-04 00:00:00,True,Jharkhand
4a9c34fe-53dd-4e0d-9934-609695380fb8,531,archana.bedidevi@doordash.com,Archana Bedi devi,member,,2020-09-14 00:00:00,True,Jharkhand
ccb8cb41-ec3b-4dfa-b4f2-b49255a801a7,531,chandan.murmu@doordash.com,Chandan Murmu,limited_access,,2020-03-18 00:00:00,True,Jharkhand
81561b7f-c242-423f-b301-d479d7d0b6b4,531,bina.horokumari@doordash.com,Bina Horo kumari,admin,,2020-09-09 00:00:00,True,Jharkhand
afedc147-6082-4416-b06e-5145c96f9ee0,531,shankar.rai@doordash.com,Shankar Rai,limited_access,,2020-02-29 00:00:00,True,Jharkhand
1a41fd78-c513-496a-b7b9-c5fe76b11a41,531,anandita.pahan@doordash.com,Anandita Pahan,member,,2020-05-07 00:00:00,True,Jharkhand
b4679f83-0343-4365-b1b8-b55396b968eb,531,tiru.soren@doordash.com,Tiru Soren,member,,2020-02-07 00:00:00,True,Jharkhand
a9b86e67-fd86-4d93-9461-875a349d2bcc,531,mishri.bhumijkumari@doordash.com,Mishri Bhumij kumari,admin,,2020-02-16 00:00:00,True,Jharkhand
b1331dae-1fa1-4d2f-bae1-330f066d4b09,531,purna.birsamunda@doordash.com,Purna Birsamunda,admin,,2020-08-18 00:00:00,True,Jharkhand
a11bbcb7-9550-49cd-858f-42f6b72ae9ea,531,rukmini.soren@doordash.com,Rukmini Soren,limited_access,,2020-09-06 00:00:00,True,Jharkhand
91cc7fcc-b36d-4993-a20c-a61c9d5f5361,531,shravan.tiwari@doordash.com,Shravan Tiwari,admin,,2020-01-11 00:00:00,True,Jharkhand
59f5055d-4636-4bb5-bec0-46452a666d0b,531,adiya.mahatorani@doordash.com,Adiya Mahato rani,limited_access,,2020-04-29 00:00:00,True,Jharkhand
238b1b15-1c7c-4916-9879-f30d24206211,531,chandan.tila@doordash.com,Chandan Tila,guest,,2020-05-22 00:00:00,True,Jharkhand
1fec32ae-5990-44a5-9678-dab182668834,531,bina.dundhi@doordash.com,Bina Dundhi,limited_access,,2020-04-24 00:00:00,True,Jharkhand
4d4d7683-0071-4ff8-bc54-a80e677ae98e,531,vineet.godi@doordash.com,Vineet Godi,member,,2020-04-11 00:00:00,True,Jharkhand
bb4422a2-8f6b-4280-b0d4-be17fd7f145a,531,preeti.savantrani@doordash.com,Preeti Savant rani,member,,2020-03-28 00:00:00,True,Jharkhand
947080bd-0397-4d2e-b2ed-9a3e83a77c79,531,kishore.kharia@doordash.com,Kishore Kharia,guest,,2020-10-31 00:00:00,True,Jharkhand
3d73d72b-1fdd-4d9f-8cea-5e19d973a794,531,adiya.bhumij@doordash.com,Adiya Bhumij,limited_access,,2020-07-21 00:00:00,True,Jharkhand
1ce48d41-82ab-48ee-914f-b774ce685ee0,531,amit.roya@doordash.com,Amit Roya,limited_access,,2020-01-29 00:00:00,True,Jharkhand
06cd5006-8ebf-45c3-817f-e6e2bbadeeab,531,rita.kisku@doordash.com,Rita Kisku,member,,2020-09-18 00:00:00,True,Jharkhand
a35388c4-dda3-423a-91c6-234dde4cd2c9,531,virendra.rai@doordash.com,Virendra Rai,member,,2020-08-28 00:00:00,True,Jharkhand
ba5c1440-6842-4dfc-8206-0e4e373fa2f9,531,padmini.lota@doordash.com,Padmini Lota,limited_access,,2020-06-21 00:00:00,True,Jharkhand
a38076eb-9c1e-4b05-85fd-0f6b2bbdf834,531,narendra.pahari@doordash.com,Narendra Pahari,limited_access,,2020-03-30 00:00:00,True,Jharkhand
a6f3ac71-df5d-4467-af4f-3b43557fb16f,531,binu.rani@doordash.com,Binu Rani,member,,2020-11-28 00:00:00,True,Jharkhand
29f6eff7-7c28-4c67-92f0-b18f67f2d3bb,531,aaditya.kharia@doordash.com,Aaditya Kharia,member,,2020-10-16 00:00:00,True,Jharkhand
f73f8b7d-2829-4346-a7a9-abda1b14b1f4,531,tulika.rajwar@doordash.com,Tulika Rajwar,admin,,2020-05-18 00:00:00,True,Jharkhand
7697b8c8-b0af-4801-86a2-521fc552305e,531,inderjeet.singh@doordash.com,Inderjeet Singh,admin,,2020-10-21 00:00:00,True,Jharkhand
3cf95402-0d33-4c3f-9d00-79a3f55cc776,531,meenal.pattanaik@doordash.com,Meenal Pattanaik,admin,,2020-01-29 00:00:00,True,Jharkhand
09346cac-804d-4ab3-92fd-f4e3d1ddb5a5,531,nakul.sundar@doordash.com,Nakul Sundar,guest,,2020-08-08 00:00:00,True,Jharkhand
d59d82f6-ec19-4712-9a1a-7a9b0f58ae68,531,daksha.bedi@doordash.com,Daksha Bedi,limited_access,,2020-04-23 00:00:00,True,Jharkhand
8d0f8a21-7af3-4521-92e6-da5b34c23f90,531,chandresh.kerketta@doordash.com,Chandresh Kerketta,guest,,2020-12-04 00:00:00,True,Jharkhand
50ca9741-7f8b-40c3-a6cc-f22e139588b3,531,deepa.pattanaik@doordash.com,Deepa Pattanaik,guest,,2020-11-04 00:00:00,True,Jharkhand
482340b5-cb98-43c6-95c1-53b65505c08a,531,ravi.kumar@doordash.com,Ravi Kumar,member,,2020-07-16 00:00:00,True,Jharkhand
11b1d71f-2371-4052-81bb-a55542deb89a,531,rajani.bairagi@doordash.com,Rajani Bairagi,guest,,2020-02-10 00:00:00,True,Jharkhand
2deea986-7a0c-4c05-aae5-2ea42c395180,531,kherwar.jharkhand@doordash.com,Kherwar jharkhand,member,,2020-06-09 00:00:00,True,Jharkhand
d5596eac-7118-4d44-b66c-193a66a30e2e,531,mithila.singhvirani@doordash.com,Mithila Singhvi rani,member,,2020-12-24 00:00:00,True,Jharkhand
1260bc33-2373-4075-8b0a-0a9af0d2dc9f,531,virendra.sinha@doordash.com,Virendra Sinha,guest,,2020-10-03 00:00:00,True,Jharkhand
2b9a1e58-0075-4234-b002-375b377f335e,531,snehal.bairagidevi@doordash.com,Snehal Bairagi devi,limited_access,,2020-08-14 00:00:00,True,Jharkhand
768dfea3-4f7e-456b-b30f-16c9a44429c8,531,subhash.tiwari@doordash.com,Subhash Tiwari,admin,,2020-07-04 00:00:00,True,Jharkhand
7281c813-f8d9-4416-8f3e-0ddcf1bbf148,531,bajhi.munda@doordash.com,Bajhi Munda,admin,,2020-10-04 00:00:00,True,Jharkhand
384be09c-d4fb-46bc-8f67-218f1ff99b13,531,pravin.minz@doordash.com,Pravin Minz,member,,2020-08-18 00:00:00,True,Jharkhand
a1d330ac-d48a-40b8-bea3-85c0c267dc0c,531,kohli.murmu@doordash.com,Kohli Murmu,admin,,2020-03-17 00:00:00,True,Jharkhand
9508c1a3-ad39-42fb-99c9-457b92e1e0fc,531,pritesh.chauhan@doordash.com,Pritesh Chauhan,guest,,2020-08-02 00:00:00,True,Jharkhand
7d800283-132e-491d-a662-a8e7c86a24cc,531,jhilik.agarwalrani@doordash.com,Jhilik Agarwal rani,guest,,2020-01-21 00:00:00,True,Jharkhand
f6c05027-df6a-401f-95af-6a412005388a,531,raj.sah@doordash.com,Raj Sah,admin,,2020-03-21 00:00:00,True,Jharkhand
84224371-385e-4697-a4ac-795c9b072078,531,chandramukhi.nayakkumari@doordash.com,Chandramukhi Nayak kumari,limited_access,,2020-11-26 00:00:00,True,Jharkhand
622246e6-17b3-4aa8-acc9-eb5a6206562f,531,satish.sundar@doordash.com,Satish Sundar,admin,,2020-08-16 00:00:00,True,Jharkhand
14e17f56-2897-4eaa-b52a-2907d7fb7b95,531,meena.dundhikumari@doordash.com,Meena Dundhi kumari,admin,,2020-05-06 00:00:00,True,Jharkhand
d10cb971-d016-4da2-b609-da64e41b23bf,531,shubham.singh@doordash.com,Shubham Singh,admin,,2020-09-14 00:00:00,True,Jharkhand
9b1b4ca7-85fe-4bd1-9192-61ea398d7072,531,kohli.munda@doordash.com,Kohli Munda,limited_access,,2020-09-10 00:00:00,True,Jharkhand
e1aab3e7-fbaa-4a49-b33d-f49abce5b86c,531,vijay.bhumij@doordash.com,Vijay Bhumij,guest,,2020-06-09 00:00:00,True,Jharkhand
1245d241-d56d-4649-b862-17228b8ad39c,531,yashoda.chakraborty@doordash.com,Yashoda Chakraborty,admin,,2020-01-19 00:00:00,True,Jharkhand
0c656994-23e7-4beb-932f-7b7d8c768152,531,raghunath.tudu@doordash.com,Raghunath Tudu,member,,2020-05-28 00:00:00,True,Jharkhand
4b20b415-7ccf-4388-a899-9bfea1b458c0,531,yamuna.kerkettadevi@doordash.com,Yamuna Kerketta devi,limited_access,,2020-12-30 00:00:00,True,Jharkhand
3819a303-b9f4-4da6-9342-24d529b77bb2,531,kapil.kisko@doordash.com,Kapil Kisko,guest,,2020-01-15 00:00:00,True,Jharkhand
f19ca5ac-2d5b-4b4a-abe1-b563c4fc383e,531,sheela.toppo@doordash.com,Sheela Toppo,guest,,2020-01-09 00:00:00,True,Jharkhand
e4456d87-f905-4959-b219-ff3056734725,531,subramaniam.ranjan@doordash.com,Subramaniam Ranjan,admin,,2020-12-31 00:00:00,True,Jharkhand
887e4743-fe38-4131-a557-4e2ec88b9191,531,dhani.pateldevi@doordash.com,Dhani Patel devi,member,,2020-04-09 00:00:00,True,Jharkhand
90708e9f-15ac-44e5-ac1e-6eb75b559412,531,rehman.rizvi@doordash.com,Rehman Rizvi,limited_access,,2020-10-10 00:00:00,True,Rajasthan
c582774d-e698-4fd2-821c-e5f18051ff5b,531,poonam.chaudhury@doordash.com,Poonam Chaudhury,limited_access,,2020-11-24 00:00:00,True,Rajasthan
9dfb62fa-8141-40af-9b5a-286b8d10979f,531,chandrasen.garg@doordash.com,Chandrasen Garg,admin,,2020-10-21 00:00:00,True,Rajasthan
5de79179-6180-4315-9cc6-ec019590d510,531,shahnaz.siddiqui@doordash.com,Shahnaz Siddiqui,limited_access,,2020-12-31 00:00:00,True,Rajasthan
1e9deb09-31b1-49fe-8274-34ba07b5812c,531,ishaan.tarkhan@doordash.com,Ishaan Tarkhan,admin,,2020-12-14 00:00:00,True,Rajasthan
8158f32f-d62f-4ffb-800e-e05979ea374e,531,samina.khan@doordash.com,Samina Khan,limited_access,,2020-02-07 00:00:00,True,Rajasthan
4aa04f27-3d10-41f0-b1bb-0ebe28caff88,531,jameel.rizvi@doordash.com,Jameel Rizvi,guest,,2020-12-04 00:00:00,True,Rajasthan
344a4414-7115-4da7-93a1-04ca6d772cb9,531,sahiba.khachra@doordash.com,Sahiba Khachra,member,,2020-04-27 00:00:00,True,Rajasthan
e8dfcac9-042c-43cf-9285-759f7fbe881c,531,salim.siddiqui@doordash.com,Salim Siddiqui,limited_access,,2020-07-03 00:00:00,True,Rajasthan
74859f1c-2eed-472b-bfc5-755c2e313b26,531,bhavika.charan@doordash.com,Bhavika Charan,admin,,2020-01-18 00:00:00,True,Rajasthan
a7d023d9-579e-4a0c-8b04-ebe070af4237,531,prabhu.jangid@doordash.com,Prabhu Jangid,guest,,2020-08-12 00:00:00,True,Rajasthan
7b2e4515-9d3d-47d9-9c7c-6b5013118dad,531,kumud.singhvi@doordash.com,Kumud Singhvi,member,,2020-12-23 00:00:00,True,Rajasthan
548e60e8-8b8c-43e9-beea-3535cd68bef8,531,harishankar.sakseria@doordash.com,Harishankar Sakseria,member,,2020-08-12 00:00:00,True,Rajasthan
2395ac54-39a5-42ac-942b-740965449fe9,531,vidhya.mehta@doordash.com,Vidhya Mehta,admin,,2020-05-21 00:00:00,True,Rajasthan
3474445b-9e7c-456e-9610-55bd2b7c46c4,531,vinod.hada@doordash.com,Vinod Hada,member,,2020-11-15 00:00:00,True,Rajasthan
8e616c74-d045-434c-96a9-14056eeb050a,531,geetanjali.bansal@doordash.com,Geetanjali Bansal,admin,,2020-09-14 00:00:00,True,Rajasthan
4701386e-f6e4-469b-8006-e4d727166957,531,jodh.kumar@doordash.com,Jodh Kumar,admin,,2020-07-21 00:00:00,True,Rajasthan
4a776a42-51da-42a8-8e54-ced11c5f3952,531,bhavna.rebari@doordash.com,Bhavna Rebari,member,,2020-09-12 00:00:00,True,Rajasthan
6528095a-e690-4982-8d7c-732b8f5c1b32,531,ajit.suryavanshi@doordash.com,Ajit Suryavanshi,guest,,2020-05-22 00:00:00,True,Rajasthan
db8d71b0-d707-4758-8377-618e9f6a7f3c,531,shazia.rizvi@doordash.com,Shazia Rizvi,guest,,2020-10-03 00:00:00,True,Rajasthan
ca70525c-4283-4cb6-a40e-f8e35ef956a0,531,subhash.chand@doordash.com,Subhash Chand,limited_access,,2020-11-19 00:00:00,True,Rajasthan
45f01204-9598-476d-99d9-d94ce42eba08,531,rajlaxmi.shekhawat@doordash.com,Rajlaxmi Shekhawat,limited_access,,2020-09-21 00:00:00,True,Rajasthan
4ba6b72f-26ca-44e2-8042-924c333bf91c,531,sami.ali@doordash.com,Sami Ali,guest,,2020-07-17 00:00:00,True,Rajasthan
63b186af-730b-4e46-b915-1ade7ee61923,531,shubha.pathak@doordash.com,Shubha Pathak,member,,2020-04-02 00:00:00,True,Rajasthan
c1b5083d-a257-48ef-8ab4-9be37a54aa1f,531,rajkumar.verma@doordash.com,Rajkumar Verma,admin,,2020-01-06 00:00:00,True,Rajasthan
ee76edcc-1a1e-4a4a-8066-fe84c316bb0a,531,nabila.khan@doordash.com,Nabila Khan,guest,,2020-05-12 00:00:00,True,Rajasthan
0ea8802a-4506-4c23-bc14-03db9ef6ebd5,531,deendayal.gurjar@doordash.com,Deendayal Gurjar,limited_access,,2020-02-27 00:00:00,True,Rajasthan
ca34170f-4ef3-48cd-83c6-1ff0557873d4,531,kusumwati.kumawat@doordash.com,Kusumwati Kumawat,admin,,2020-04-24 00:00:00,True,Rajasthan
984e4da1-ed9d-4370-be79-8594296da1eb,531,bashir.ansari@doordash.com,Bashir Ansari,guest,,2020-09-08 00:00:00,True,Rajasthan
f2f0408e-766e-4bc1-9250-6c36412dd4ff,531,mahika.gadhvi@doordash.com,Mahika Gadhvi,limited_access,,2020-09-20 00:00:00,True,Rajasthan
2d3d19a8-3a82-4fbd-a69a-380e0e96fa65,531,nirmal.tiwari1@doordash.com,Nirmal Tiwari,admin,,2020-08-23 00:00:00,True,Rajasthan
ccd2d6d5-ea78-4670-940a-52f6b2ba77bd,531,zainab.azmi@doordash.com,Zainab Azmi,guest,,2020-06-26 00:00:00,True,Rajasthan
cc8ed7e9-b6b5-4ee2-8325-7a2a1c7f9704,531,hiralal.ram@doordash.com,Hiralal Ram,member,,2020-12-15 00:00:00,True,Rajasthan
dac04dd3-bb9e-46ec-9e2e-8686ed3c1a94,531,aruna.tanwar@doordash.com,Aruna Tanwar,guest,,2020-10-18 00:00:00,True,Rajasthan
6d54d43e-af74-4e45-b3fa-51ae63d891b4,531,rashid.anwar@doordash.com,Rashid Anwar,limited_access,,2020-05-12 00:00:00,True,Rajasthan
3ca4df6c-1bd1-4635-861c-26aa7dffa061,531,sana.lodhi@doordash.com,Sana Lodhi,admin,,2020-10-02 00:00:00,True,Rajasthan
cbb759f8-3f9b-4f1c-b217-eb4ac588ae40,531,rajbir.tarkhan@doordash.com,Rajbir Tarkhan,guest,,2020-02-26 00:00:00,True,Rajasthan
8761d4df-7ac9-4349-be33-653cdcc5b3c6,531,ishwari.choudhary@doordash.com,Ishwari Choudhary,guest,,2020-06-20 00:00:00,True,Rajasthan
58c47c1f-04cf-4111-96c8-8a12c2f5c0ab,531,siddharth.kumbhat@doordash.com,Siddharth Kumbhat,admin,,2020-01-20 00:00:00,True,Rajasthan
e91d7a6d-b225-4a13-9f4c-8b96ac4e9d7c,531,avantika.yadav@doordash.com,Avantika Yadav,admin,,2020-05-09 00:00:00,True,Rajasthan
990cb03e-3c9c-4b0a-a505-e6bb39179075,531,raghuraj.chhipa@doordash.com,Raghuraj Chhipa,member,,2020-11-03 00:00:00,True,Rajasthan
0cc66592-4616-4dd3-b2a3-72fe99c5fdd4,531,bhavika.sen@doordash.com,Bhavika Sen,guest,,2020-04-22 00:00:00,True,Rajasthan
0e733c98-63aa-4d29-909d-db0005e15865,531,shahbaz.nadvi@doordash.com,Shahbaz Nadvi,admin,,2020-06-23 00:00:00,True,Rajasthan
80df502e-2b7e-4497-b6cd-c3c6e8984c48,531,noor.amin@doordash.com,Noor Amin,admin,,2020-12-16 00:00:00,True,Rajasthan
736d7932-54f9-44f0-b24f-255898ff6c02,531,bhavar.bhanwar@doordash.com,Bhavar Bhanwar,guest,,2020-02-04 00:00:00,True,Rajasthan
4b7ed1ee-ea0d-4ddf-9456-7703f91f5480,531,ayesha.qadir@doordash.com,Ayesha Qadir,limited_access,,2020-05-14 00:00:00,True,Rajasthan
7698dacc-3496-4cac-aa0d-4a6fb672ba42,531,pritam.chauhan@doordash.com,Pritam Chauhan,admin,,2020-07-10 00:00:00,True,Rajasthan
cda2d305-2d58-435f-bc5f-78c05148a1d7,531,shilpa.hada@doordash.com,Shilpa Hada,limited_access,,2020-02-11 00:00:00,True,Rajasthan
1eddd7a4-6a1a-4334-b6f0-82c98bca2fab,531,kailas.vyas@doordash.com,Kailas Vyas,limited_access,,2020-02-29 00:00:00,True,Rajasthan
d9b02f66-a5a8-41e8-8857-9c6a428a72cc,531,jagriti.khatri@doordash.com,Jagriti Khatri,limited_access,,2020-12-24 00:00:00,True,Rajasthan
750aeeae-9780-4886-867b-ccbe7d7df28f,531,arsalan.shaikh@doordash.com,Arsalan Shaikh,member,,2020-03-03 00:00:00,True,Rajasthan
6a83e7e7-6124-4bbc-8272-e5b0a833f487,531,mohini.sen@doordash.com,Mohini Sen,guest,,2020-06-13 00:00:00,True,Rajasthan
8d04bbf5-f8eb-4ebb-8038-7bc090750acb,531,bilal.bhat@doordash.com,Bilal Bhat,limited_access,,2020-06-12 00:00:00,True,Rajasthan
266a2bbe-de39-4805-b8d9-337cb8e3101e,531,trishala.parashar@doordash.com,Trishala Parashar,guest,,2020-10-19 00:00:00,True,Rajasthan
2f7af925-e28e-4638-8e3d-4ef1cfc9100e,531,furqan.pasha@doordash.com,Furqan Pasha,member,,2020-11-04 00:00:00,True,Rajasthan
e78582fc-c757-42fb-938d-82d615fd0f55,531,rukmini.agarwal@doordash.com,Rukmini Agarwal,admin,,2020-11-06 00:00:00,True,Rajasthan
3d47062b-e565-4741-a3ee-8254a61b7c04,531,pawan.sangwan@doordash.com,Pawan Sangwan,admin,,2020-03-28 00:00:00,True,Rajasthan
7ec99aae-72e4-4ab0-ba41-dc17043ac84e,531,champa.khandelwal@doordash.com,Champa Khandelwal,guest,,2020-10-13 00:00:00,True,Rajasthan
9d701fc9-e9cd-4516-bec0-dee2927b4f0e,531,jameel.ali@doordash.com,Jameel Ali,member,,2020-01-12 00:00:00,True,Rajasthan
59bdcd66-fb70-43be-b5c5-2f28bf8f43b9,531,vina.ram@doordash.com,Vina Ram,limited_access,,2020-07-16 00:00:00,True,Rajasthan
7d7e8468-b206-459b-a55a-30538445beb9,531,ranveer.bhanwar@doordash.com,Ranveer Bhanwar,member,,2020-07-20 00:00:00,True,Rajasthan
3d79e5e2-72c5-487e-8146-298cb9f14897,531,rabia.khan@doordash.com,Rabia Khan,guest,,2020-10-26 00:00:00,True,Rajasthan
76635d7c-3445-44ef-bc4e-24d38ac09f41,531,bhanuprasad.bansal@doordash.com,Bhanuprasad Bansal,limited_access,,2020-07-20 00:00:00,True,Rajasthan
04e68d91-bcab-47e6-a0e5-37ae8cbd5e8a,531,mehwish.farooqi@doordash.com,Mehwish Farooqi,guest,,2020-12-02 00:00:00,True,Rajasthan
92d86830-bdb8-435b-bb56-4e19332a391c,531,shakir.bhat@doordash.com,Shakir Bhat,guest,,2020-07-15 00:00:00,True,Rajasthan
9e15fa72-fec9-4c6e-be15-c71c458028f2,531,charul.singhvi@doordash.com,Charul Singhvi,member,,2020-06-25 00:00:00,True,Rajasthan
af91130f-6c71-40ac-a654-5b22a3f1e77c,531,himanshu.sakseria@doordash.com,Himanshu Sakseria,limited_access,,2020-02-23 00:00:00,True,Rajasthan
14f364bb-9195-41fe-82a5-43ec101f618f,531,haripriya.paliwal@doordash.com,Haripriya Paliwal,member,,2020-05-03 00:00:00,True,Rajasthan
00c81342-b1c1-413b-89fe-7fb4d9d0f31b,531,ladu.surana@doordash.com,Ladu Surana,limited_access,,2020-02-23 00:00:00,True,Rajasthan
1f7fe587-e79e-4aba-a435-918ad9bc2891,531,avantika.rathore@doordash.com,Avantika Rathore,member,,2020-03-23 00:00:00,True,Rajasthan
c97fa4f3-32a6-445f-a38b-35f377361be2,531,ishwar.garg@doordash.com,Ishwar Garg,admin,,2020-10-05 00:00:00,True,Rajasthan
b560c038-ee29-4c79-87f9-e1d615e57517,531,shivani.bansal@doordash.com,Shivani Bansal,guest,,2020-11-05 00:00:00,True,Rajasthan
45243f6a-a69e-40e9-a08a-6dc4a57296cc,531,chandrasen.dhoja@doordash.com,Chandrasen Dhoja,admin,,2020-11-15 00:00:00,True,Rajasthan
7342803d-a233-4d7b-88ff-53d1c3187498,531,pallavi.sen@doordash.com,Pallavi Sen,member,,2020-09-30 00:00:00,True,Rajasthan
4d41f540-7572-4f10-bfe3-497fed1c31f3,531,girish.choudhary@doordash.com,Girish Choudhary,admin,,2020-02-06 00:00:00,True,Rajasthan
67b34e76-2324-46f2-ad11-3726f5e62ae2,531,fariha.amin@doordash.com,Fariha Amin,limited_access,,2020-11-24 00:00:00,True,Rajasthan
03e48835-a7fa-4994-8743-a8136f9ae9e4,531,imran.azmi@doordash.com,Imran Azmi,admin,,2020-08-20 00:00:00,True,Rajasthan
5dc80dbd-a9cc-41d7-b42c-f65147983180,531,rati.jatav@doordash.com,Rati Jatav,limited_access,,2020-03-23 00:00:00,True,Rajasthan
f8534a1c-2bb9-47e2-803b-0f8068f806b0,531,yusuf.sarmadi@doordash.com,Yusuf Sarmadi,guest,,2020-08-02 00:00:00,True,Rajasthan
a4a450f0-66f1-4205-bcc5-39c985356ab3,531,jayanti.sen@doordash.com,Jayanti Sen,guest,,2020-08-21 00:00:00,True,Rajasthan
3d0d1cf9-e6ec-4e8a-a706-4f4aeeb0b9d6,531,ranjit.prakash@doordash.com,Ranjit Prakash,limited_access,,2020-12-19 00:00:00,True,Rajasthan
a6b53a81-dd4b-4e3f-abc3-d248695db00e,531,neela.soni@doordash.com,Neela Soni,admin,,2020-09-09 00:00:00,True,Rajasthan
cc8e9c0a-8139-4472-b36d-18ac11030f24,531,balveer.prajapat@doordash.com,Balveer Prajapat,guest,,2020-01-13 00:00:00,True,Rajasthan
edde0431-d697-4126-9fc4-c0f2eeb9b003,531,vimalbai.bansal@doordash.com,Vimalbai Bansal,limited_access,,2020-04-28 00:00:00,True,Rajasthan
b2520632-763f-475b-abe1-0aaaa58e5854,531,rashid.pathan@doordash.com,Rashid Pathan,admin,,2020-12-20 00:00:00,True,Rajasthan
8259e559-9e3e-4c4c-ad3b-11f093e84fca,531,lubna.memon@doordash.com,Lubna Memon,guest,,2020-04-15 00:00:00,True,Rajasthan
00098931-6bfc-440a-9899-9d95fc7ba009,531,suleman.sarmadi@doordash.com,Suleman Sarmadi,guest,,2020-01-14 00:00:00,True,Rajasthan
51db9596-95de-4d0e-9358-912212342404,531,latika.rani@doordash.com,Latika Rani,admin,,2020-12-12 00:00:00,True,Rajasthan
6bc23fc2-c7d8-43c3-a25d-eb5e609b3191,531,ganesh.dhoja@doordash.com,Ganesh Dhoja,guest,,2020-11-28 00:00:00,True,Rajasthan
c5682d0f-df79-440e-9838-d4f9b836c711,531,manju.mishra@doordash.com,Manju Mishra,member,,2020-08-25 00:00:00,True,Rajasthan
0ecc8988-903b-41be-9460-d95997595263,531,manohar.shekhawat@doordash.com,Manohar Shekhawat,limited_access,,2020-12-17 00:00:00,True,Rajasthan
4bb63d58-0c6e-4d24-8ef6-85709035748c,531,lalita.mehta@doordash.com,Lalita Mehta,member,,2020-10-16 00:00:00,True,Rajasthan
8af3e07f-3f14-4719-a8c4-bc58c9fd4b0a,531,nirmal.sakarwar@doordash.com,Nirmal Sakarwar,limited_access,,2020-06-06 00:00:00,True,Rajasthan
8de0d4d8-bfb4-4c79-b798-3278853ccc84,531,shilpi.purohit@doordash.com,Shilpi Purohit,guest,,2020-07-23 00:00:00,True,Rajasthan
5d2d1de7-849a-4d92-8380-1ddbcf172c8f,531,zahid.anwar@doordash.com,Zahid Anwar,limited_access,,2020-11-20 00:00:00,True,Rajasthan
db9d37ee-24d5-468c-af60-ab8dbec9d20d,531,meera.gajjar@doordash.com,Meera Gajjar,limited_access,,2020-11-06 00:00:00,True,Rajasthan
1506d046-361b-43eb-bef2-d20fd7115dd2,531,karanveer.tiwari@doordash.com,Karanveer Tiwari,guest,,2020-02-24 00:00:00,True,Rajasthan
b62a4fdb-637c-4613-83e3-33de5098f055,531,shubhlata.sikarwar@doordash.com,Shubhlata Sikarwar,guest,,2020-01-05 00:00:00,True,Rajasthan
a8fa97a9-0fa8-4ac2-9c9b-827222bcc6a9,531,satish.jha@doordash.com,Satish Jha,admin,,2020-01-13 00:00:00,True,Rajasthan
c7d9f00b-f1ff-40f2-9c26-dfcf6b2a25db,531,geetanjali.khatri@doordash.com,Geetanjali Khatri,member,,2020-11-10 00:00:00,True,Rajasthan
f52c21f4-e46b-4e2b-abdd-8c41cd8e90b1,531,zeeshan.pathan@doordash.com,Zeeshan Pathan,guest,,2020-08-13 00:00:00,True,Rajasthan
9765faa3-7063-41ba-ae84-0346f96bec61,531,nazia.hussain@doordash.com,Nazia Hussain,member,,2020-03-25 00:00:00,True,Rajasthan
64ec152b-1603-4cbf-908e-df516ee73755,531,vijendra.suryavanshi@doordash.com,Vijendra Suryavanshi,admin,,2020-05-29 00:00:00,True,Rajasthan
08efe04b-ad1e-4f7f-b97a-125309635bd2,531,bhakti.hada@doordash.com,Bhakti Hada,admin,,2020-04-26 00:00:00,True,Rajasthan
fd4f0b1d-4032-405a-9dcc-aa6e7c06a61f,531,deendayal.sakarwar@doordash.com,Deendayal Sakarwar,admin,,2020-06-16 00:00:00,True,Rajasthan
c56e8f52-f68c-43a9-ad7d-1546184737b0,531,mariyam.shaikh@doordash.com,Mariyam Shaikh,guest,,2020-01-22 00:00:00,True,Rajasthan
ee516c5f-26b3-4cfe-b95d-d668f36bb6cc,531,arjun.singhtarkhan@doordash.com,Arjun Singh Tarkhan,member,,2020-04-30 00:00:00,True,Rajasthan
f118d6a8-39c2-472a-9298-14c464ba6ed5,531,shanta.bora@doordash.com,Shanta Bora,admin,,2020-05-01 00:00:00,True,Rajasthan
b4f93e8e-d81d-4ac8-8c4e-426253585fe2,531,jai.sangwan@doordash.com,Jai Sangwan,limited_access,,2020-11-19 00:00:00,True,Rajasthan
85fcb479-90a5-45bc-a5ae-4169d5bf778b,531,nandita.garg@doordash.com,Nandita Garg,guest,,2020-09-10 00:00:00,True,Rajasthan
40b65235-d702-409f-a02d-cfd358815649,531,rajveer.gupta@doordash.com,Rajveer Gupta,member,,2020-03-14 00:00:00,True,Rajasthan
e52b2e09-e78f-4928-96fa-45619b481c80,531,kanak.verma@doordash.com,Kanak Verma,member,,2020-03-15 00:00:00,True,Rajasthan
bf4a034e-809e-47ab-9ea1-653c11b5ff54,531,rameshwar.dhoja@doordash.com,Rameshwar Dhoja,guest,,2020-10-01 00:00:00,True,Rajasthan
51f69d1e-9019-47ff-891c-6211ebd6a215,531,sana.bano@doordash.com,Sana Bano,guest,,2020-04-22 00:00:00,True,Rajasthan
bae8238e-3e7d-475e-bcff-1d3e648760b4,531,raghavendra.chauhan@doordash.com,Raghavendra Chauhan,member,,2020-10-29 00:00:00,True,Rajasthan
3b4012e9-9748-4597-9fec-78730890d870,531,fatima.mir@doordash.com,Fatima Mir,limited_access,,2020-08-26 00:00:00,True,Rajasthan
3672fb58-5851-43cc-82f9-9f34b93e43fd,531,shubham.bhatia@doordash.com,Shubham Bhatia,guest,,2020-07-15 00:00:00,True,Rajasthan
7012a19e-f16a-48c9-abed-7f4aad0698b4,531,nisha.chaudhury@doordash.com,Nisha Chaudhury,member,,2020-06-22 00:00:00,True,Rajasthan
57a60fe4-2a4e-4433-8db6-ecb86281d091,531,sanjay.kumarchand@doordash.com,Sanjay Kumar Chand,guest,,2020-10-04 00:00:00,True,Rajasthan
1151b17b-b5e3-4861-bf11-484726734a5f,531,jaya.purohit@doordash.com,Jaya Purohit,admin,,2020-06-11 00:00:00,True,Rajasthan
48d48e63-5775-497b-8dc1-412183ea02a5,531,jameel.pathan@doordash.com,Jameel Pathan,member,,2020-09-15 00:00:00,True,Rajasthan
79f05abd-1cde-4b21-a8d2-084d6127693e,531,zara.mirza@doordash.com,Zara Mirza,admin,,2020-05-02 00:00:00,True,Rajasthan
364ac09f-1c70-4094-b591-7d47296cee49,531,yash.gupta@doordash.com,Yash Gupta,limited_access,,2020-11-20 00:00:00,True,Rajasthan
0f677f6e-d16d-4639-8c9c-a175729b88c6,531,champa.garg@doordash.com,Champa Garg,limited_access,,2020-01-09 00:00:00,True,Rajasthan
c463f96d-0f69-4add-b983-7478d230bc61,531,sohan.prakash@doordash.com,Sohan Prakash,member,,2020-05-04 00:00:00,True,Rajasthan
55578ace-f06e-4541-93d0-6bd413bebadb,531,nikita.bishnoi@doordash.com,Nikita Bishnoi,guest,,2020-03-20 00:00:00,True,Rajasthan
0ada4e42-9d1c-4c77-8ee9-ee6714905e67,531,chandresh.aggarwal@doordash.com,Chandresh Aggarwal,admin,,2020-10-29 00:00:00,True,Rajasthan
fa6bbb46-6d81-433f-b6c6-b5e1ad391d85,531,zara.rizvi@doordash.com,Zara Rizvi,admin,,2020-08-22 00:00:00,True,Rajasthan
d16b162c-27eb-4c1b-9fec-b7eda8a31646,531,maharaj.chahal@doordash.com,Maharaj Chahal,limited_access,,2020-06-06 00:00:00,True,Rajasthan
1a5e5f97-8a0b-4d2f-9b5c-e275abb3f540,531,kamakshi.vishnoi@doordash.com,Kamakshi Vishnoi,member,,2020-03-10 00:00:00,True,Rajasthan
599303a4-95a7-4262-953d-1b220cc3ed37,531,hemraj.bansal@doordash.com,Hemraj Bansal,limited_access,,2020-04-16 00:00:00,True,Rajasthan
b90feafe-4edf-4c54-8a2b-1f24ae98b474,531,padma.khandelwal@doordash.com,Padma Khandelwal,member,,2020-12-30 00:00:00,True,Rajasthan
eea48fbf-21e7-4f1f-852e-4c1bde09f6b3,531,vikas.yadav@doordash.com,Vikas Yadav,member,,2020-07-16 00:00:00,True,Rajasthan
216a41d5-5e70-4746-82a4-39eab673b031,531,ayesha.ansari@doordash.com,Ayesha Ansari,limited_access,,2020-12-08 00:00:00,True,Rajasthan
0df2cf0e-b1d8-42ec-aeeb-687b147042cb,531,balwant.vyas@doordash.com,Balwant Vyas,limited_access,,2020-07-02 00:00:00,True,Rajasthan
85885d55-9811-48e1-ba3a-10ebd0d915d7,531,noor.khan@doordash.com,Noor Khan,limited_access,,2020-11-01 00:00:00,True,Rajasthan
21cf5e98-3ca4-44d9-b547-eaf1baab0391,531,rohit.gadiya@doordash.com,Rohit Gadiya,admin,,2020-08-24 00:00:00,True,Rajasthan
340a94b2-ec4b-4b1b-85ba-bdb08a375d34,531,manju.sahu@doordash.com,Manju Sahu,member,,2020-11-27 00:00:00,True,Rajasthan
40a065e0-c38c-46df-a099-01daf8a8e26a,531,rameshwar.rajput@doordash.com,Rameshwar Rajput,limited_access,,2020-12-26 00:00:00,True,Rajasthan
e0121045-4c8c-4c2a-b20a-eb6622d39cc5,531,alka.suthar@doordash.com,Alka Suthar,admin,,2020-04-22 00:00:00,True,Rajasthan
772d4bc7-c4ed-43bb-aa9b-3bcfc41d19cb,531,zahid.firoz@doordash.com,Zahid Firoz,admin,,2020-11-21 00:00:00,True,Rajasthan
e6fe39c5-2ac4-48e7-af98-72a1c6713c30,531,yashoda.bhil@doordash.com,Yashoda Bhil,admin,,2020-03-27 00:00:00,True,Rajasthan
9383d68a-0c2b-4f18-a2fd-20179368dbeb,531,arsalan.bukhari@doordash.com,Arsalan Bukhari,guest,,2020-10-24 00:00:00,True,Rajasthan
af9f81ea-7bbf-4bca-b271-94d86456e518,531,shilpa.rawat@doordash.com,Shilpa Rawat,limited_access,,2020-10-13 00:00:00,True,Rajasthan
6f305f15-ea4c-43a3-ad20-cdf863b1f4f7,531,shatrughna.desai@doordash.com,Shatrughna Desai,member,,2020-02-21 00:00:00,True,Rajasthan
660038e7-4c2e-4e50-83ee-cd45025c30aa,531,aruna.sikarwar@doordash.com,Aruna Sikarwar,guest,,2020-09-28 00:00:00,True,Rajasthan
f129469e-b209-484a-9cb5-d9e6d5f02ae5,531,rajvendra.chandrawat@doordash.com,Rajvendra Chandrawat,admin,,2020-11-08 00:00:00,True,Rajasthan
0bfd6357-5d87-4d6a-a4e8-229859e1a7cd,531,rajrani.kachhwaha@doordash.com,Rajrani Kachhwaha,guest,,2020-03-13 00:00:00,True,Rajasthan
65921f43-0a80-4b0b-bb30-e88905b366b7,531,prabhakar.raghav@doordash.com,Prabhakar Raghav,limited_access,,2020-07-19 00:00:00,True,Rajasthan
2ac0ce5c-ac8a-4850-869a-33ce3913da4c,531,bhati.parashar@doordash.com,Bhati Parashar,admin,,2020-11-18 00:00:00,True,Rajasthan
065f8eed-e884-4b54-8b17-9e4af128fa82,531,dharmendra.sangwan@doordash.com,Dharmendra Sangwan,guest,,2020-09-28 00:00:00,True,Rajasthan
30340058-0ecb-4894-9b6e-ba601f953263,531,saira.bhat@doordash.com,Saira Bhat,admin,,2020-02-01 00:00:00,True,Rajasthan
c94e4b89-c884-4511-b700-1b56c6ec1595,531,furqan.jafari@doordash.com,Furqan Jafari,guest,,2020-06-03 00:00:00,True,Rajasthan
604d437b-3c71-4b94-81be-13ad47cca339,531,meera.sahu@doordash.com,Meera Sahu,guest,,2020-06-18 00:00:00,True,Rajasthan
6c9da213-4808-47c6-b08c-eabe23f935d7,531,rafiq.bhat@doordash.com,Rafiq Bhat,limited_access,,2020-02-03 00:00:00,True,Rajasthan
785c8218-4959-44eb-a0a6-bac9112ff95e,531,sushmita.rajput@doordash.com,Sushmita Rajput,admin,,2020-12-25 00:00:00,True,Rajasthan
b439d8d2-d240-485d-93c0-f2f0938c4587,531,rafiq.pasha@doordash.com,Rafiq Pasha,member,,2020-11-22 00:00:00,True,Rajasthan
23b37e95-a5ee-4b2a-b648-f093eaf9c27c,531,gajra.shekhawat@doordash.com,Gajra Shekhawat,admin,,2020-08-16 00:00:00,True,Rajasthan
1ed898ac-c9d2-4696-b3d5-a27abd5fd649,531,tejpal.aggarwal@doordash.com,Tejpal Aggarwal,admin,,2020-11-30 00:00:00,True,Rajasthan
0d532199-fce2-417a-8291-3da2342653ef,531,manju.kumawat@doordash.com,Manju Kumawat,admin,,2020-09-05 00:00:00,True,Rajasthan
82c5b81e-0c01-4f3d-945b-090c49246e44,531,kasim.hussain@doordash.com,Kasim Hussain,guest,,2020-05-14 00:00:00,True,Rajasthan
99a28e1d-f5fb-4fa3-aa58-b58db166891b,531,nigar.ansari@doordash.com,Nigar Ansari,guest,,2020-06-05 00:00:00,True,Rajasthan
931a6113-b294-4153-97d7-628b4eefa033,531,vikramaditya.suryavanshi@doordash.com,Vikramaditya Suryavanshi,admin,,2020-05-27 00:00:00,True,Rajasthan
a4d57c6c-1e00-48b4-afb3-6ce9c6d44bd7,531,gouri.devi@doordash.com,Gouri Devi,admin,,2020-02-28 00:00:00,True,Rajasthan
03d2accf-1019-4a2c-8fcc-81be0226a234,531,sandeep.gurjar@doordash.com,Sandeep Gurjar,limited_access,,2020-08-28 00:00:00,True,Rajasthan
57abee16-4ff5-40bc-8111-561f1225fd66,531,sonal.ben@doordash.com,Sonal Ben,admin,,2020-03-06 00:00:00,True,Rajasthan
e3809b00-a452-495f-8d36-d230bd7a56d3,531,tejpal.malviya1@doordash.com,Tejpal Malviya,limited_access,,2020-04-01 00:00:00,True,Rajasthan
4726608b-6e4c-4061-bddd-0557f48a1a73,531,yamini.ram@doordash.com,Yamini Ram,admin,,2020-04-13 00:00:00,True,Rajasthan
ad112ed8-05b5-456f-8461-c83c6b35d14d,531,murtaza.ansari@doordash.com,Murtaza Ansari,limited_access,,2020-05-23 00:00:00,True,Rajasthan
4e5bd18d-b4fb-42f2-b5f0-045c2097152a,531,manjuwanti.sharma@doordash.com,Manjuwanti Sharma,member,,2020-01-31 00:00:00,True,Rajasthan
946955a5-a25f-4cf4-9f21-4265abaa6b87,531,nashit.jamal@doordash.com,Nashit Jamal,admin,,2020-03-16 00:00:00,True,Rajasthan
118ecc14-deb7-4b20-b674-2276630f708a,531,lubna.pathan@doordash.com,Lubna Pathan,guest,,2020-03-29 00:00:00,True,Rajasthan
ebe3524c-2be3-4eb9-923e-30f924b72406,531,deendayal.chand@doordash.com,Deendayal Chand,limited_access,,2020-02-12 00:00:00,True,Rajasthan
30307671-25f1-47cb-a963-b8d3ff3234cf,531,bushra.parveen@doordash.com,Bushra Parveen,guest,,2020-05-07 00:00:00,True,Rajasthan
f39e30df-b6a9-4361-bc26-9cec700b7efa,531,ahmed.bashir@doordash.com,Ahmed Bashir,guest,,2020-03-20 00:00:00,True,Rajasthan
ed224861-cf6f-4266-acf8-19cb255a2881,531,pallavi.badala@doordash.com,Pallavi Badala,limited_access,,2020-05-25 00:00:00,True,Rajasthan
efc9e5ad-37b3-4c77-919c-858d4d481f20,531,chandreshwar.gupta@doordash.com,Chandreshwar Gupta,member,,2020-06-04 00:00:00,True,Rajasthan
f58492b0-bdc5-4a92-8c61-c0e7653bc7ea,531,jameela.bukhari@doordash.com,Jameela Bukhari,limited_access,,2020-03-25 00:00:00,True,Rajasthan
4f837cd5-728a-4ddb-aa13-009a9d9d255c,531,bashir.rizvi@doordash.com,Bashir Rizvi,limited_access,,2020-08-19 00:00:00,True,Rajasthan
1fb0c770-44a4-4463-9a00-1940b23040e9,531,ayesha.fatima@doordash.com,Ayesha Fatima,guest,,2020-12-02 00:00:00,True,Rajasthan
30025ffa-8326-475d-aa0c-67c25fe4ac26,531,rizwan.jafari@doordash.com,Rizwan Jafari,limited_access,,2020-07-03 00:00:00,True,Rajasthan
dbef66b4-c83b-43f9-84b7-57115ab8ce8e,531,sumati.ghanchi@doordash.com,Sumati Ghanchi,member,,2020-06-21 00:00:00,True,Rajasthan
4ec66c74-7f75-4ce9-a030-1fbd23f03b7e,531,pravin.desai@doordash.com,Pravin Desai,member,,2020-02-16 00:00:00,True,Rajasthan
afe15fd9-a65a-418e-99ad-6bd88545633d,531,ayesha.javed@doordash.com,Ayesha Javed,guest,,2020-06-17 00:00:00,True,Rajasthan
56210c7c-c9cc-4bbf-846e-a5973c608270,531,bhavesh.kothari@doordash.com,Bhavesh Kothari,limited_access,,2020-03-24 00:00:00,True,Rajasthan
9e1c09f0-5f8a-4fad-9a30-f5a3a8e0fb0e,531,shahnaz.qureshi@doordash.com,Shahnaz Qureshi,admin,,2020-03-31 00:00:00,True,Rajasthan
5189c4df-fa3a-4fee-b5e2-cba1d033570d,531,mukesh.dhakar@doordash.com,Mukesh Dhakar,guest,,2020-05-01 00:00:00,True,Rajasthan
6f3e9ff6-1d5a-48ab-84d9-5501130712d3,531,manjuwanti.mehta@doordash.com,Manjuwanti Mehta,guest,,2020-03-16 00:00:00,True,Rajasthan
2b2d94ca-1c75-46f2-9e30-27ec590a98c6,531,girish.khandelwal@doordash.com,Girish Khandelwal,guest,,2020-03-15 00:00:00,True,Rajasthan
f1861d90-2631-497d-9d13-680ab4573412,531,chhavi.kushwaha@doordash.com,Chhavi Kushwaha,admin,,2020-01-11 00:00:00,True,Rajasthan
96c39620-420d-427a-b477-1579cf3e5bad,531,jameel.pasha@doordash.com,Jameel Pasha,limited_access,,2020-08-08 00:00:00,True,Rajasthan
45c4a454-65a6-45c1-a60a-5be8bd6c3308,531,mayuri.bishnoi@doordash.com,Mayuri Bishnoi,guest,,2020-08-06 00:00:00,True,Rajasthan
f4ae363d-f211-4bf4-9b57-1b8d6960186b,531,raghunath.ramhada@doordash.com,Raghunath Ram Hada,member,,2020-06-07 00:00:00,True,Rajasthan
a9f68755-598a-4f65-a26c-8a15cfce7894,531,sadhana.soni@doordash.com,Sadhana Soni,guest,,2020-05-03 00:00:00,True,Rajasthan
70048a38-69c7-4ab7-a996-c06f975a10a1,531,farhan.bhat@doordash.com,Farhan Bhat,limited_access,,2020-11-13 00:00:00,True,Rajasthan
e359fdc5-0091-4dc4-aaf9-61a3e52d46c6,531,kamla.bhargava@doordash.com,Kamla Bhargava,limited_access,,2020-06-17 00:00:00,True,Rajasthan
d970f45d-f847-4b4e-905d-e31296cee5ad,531,sahdev.kumawat@doordash.com,Sahdev Kumawat,admin,,2020-01-31 00:00:00,True,Rajasthan
79a7a5f4-7381-410d-92cb-7ac46b8da9fb,531,indumati.lohar@doordash.com,Indumati Lohar,admin,,2020-12-16 00:00:00,True,Rajasthan
de7f93e0-9c70-4b85-9841-28eabb190140,531,krish.tomar@doordash.com,Krish Tomar,limited_access,,2020-09-12 00:00:00,True,Rajasthan
fb99e731-edd3-4259-8b05-f9e8b8394d40,531,varsha.khandelwal@doordash.com,Varsha Khandelwal,member,,2020-05-28 00:00:00,True,Rajasthan
bbf9dce1-223e-4523-bb08-af87de918218,531,vishnu.sharma@doordash.com,Vishnu Sharma,guest,,2020-01-25 00:00:00,True,Rajasthan
90f8e1d8-948c-4953-8fc4-aacc77c51c77,531,bhawna.soni@doordash.com,Bhawna Soni,limited_access,,2020-05-06 00:00:00,True,Rajasthan
ecd7dcb5-06e6-42eb-a571-39a9c3408ed6,531,adnan.nadvi@doordash.com,Adnan Nadvi,limited_access,,2020-09-04 00:00:00,True,Rajasthan
c37ab36d-8093-43fc-9ebc-61ff15b8172f,531,kausar.zahra@doordash.com,Kausar Zahra,admin,,2020-05-05 00:00:00,True,Rajasthan
97ba6aec-b5a1-462a-acbd-1c8bc5e22c74,531,ishwar.rajkumawat@doordash.com,Ishwar Raj Kumawat,member,,2020-01-20 00:00:00,True,Rajasthan
da3fc565-b3cf-42f0-b7db-10a3d751cb92,531,pramila.devi@doordash.com,Pramila Devi,admin,,2020-03-20 00:00:00,True,Rajasthan
53da3e5d-92c5-4e55-83b6-f0f14abd90cf,531,rajendra.raghav@doordash.com,Rajendra Raghav,member,,2020-05-31 00:00:00,True,Rajasthan
9a3e86e6-2d5d-4fb2-b93a-1778488654f7,531,rajani.sikarwar@doordash.com,Rajani Sikarwar,admin,,2020-08-28 00:00:00,True,Rajasthan
f4b7178c-6bf1-43dd-820f-4196ed2254d0,531,mahipal.beniwal@doordash.com,Mahipal Beniwal,limited_access,,2020-10-10 00:00:00,True,Rajasthan
dd66b79e-2869-4300-9ec0-2b60f7f87fae,531,shakti.badala@doordash.com,Shakti Badala,guest,,2020-10-24 00:00:00,True,Rajasthan
437c8bab-55cf-4dc6-a534-790772ab515a,531,faiz.shaikh@doordash.com,Faiz Shaikh,limited_access,,2020-10-14 00:00:00,True,Rajasthan
76b3e323-1c84-494d-a0b0-22a7d755f8a4,531,nirali.bai@doordash.com,Nirali Bai,member,,2020-02-05 00:00:00,True,Rajasthan
a64e9ecf-7abe-40fb-9042-cfd26952898b,531,tulsiram.raghav@doordash.com,Tulsiram Raghav,limited_access,,2020-08-30 00:00:00,True,Rajasthan
cc877b53-a7eb-4bd1-bfb9-baa8da59346e,531,geetika.chokshi@doordash.com,Geetika Chokshi,limited_access,,2020-08-18 00:00:00,True,Rajasthan
be6943c5-279b-45e2-a37d-7e97b8a4751e,531,gopal.dhoja@doordash.com,Gopal Dhoja,guest,,2020-06-27 00:00:00,True,Rajasthan
1fa94797-46c0-4838-9f30-917bbf45d8a1,531,kiran.paliwal@doordash.com,Kiran Paliwal,guest,,2020-03-01 00:00:00,True,Rajasthan
1bd83e83-9acd-46df-9371-87767ed002bb,531,rana.kumar@doordash.com,Rana Kumar,member,,2020-07-19 00:00:00,True,Rajasthan
cb47d891-6a56-4774-b904-aae6e251b6e8,531,neelam.parashar@doordash.com,Neelam Parashar,guest,,2020-02-08 00:00:00,True,Rajasthan
81789441-66dc-47b8-ba57-ded80758ae5c,531,shahbaz.ghulam@doordash.com,Shahbaz Ghulam,member,,2020-05-07 00:00:00,True,Rajasthan
96789da0-c74f-45ea-89d5-62e661ac5b8d,531,ayesha.sultana@doordash.com,Ayesha Sultana,limited_access,,2020-08-29 00:00:00,True,Rajasthan
1ed70cb2-3793-42d3-8cf4-34510af91e17,531,rehan.mirza@doordash.com,Rehan Mirza,admin,,2020-08-13 00:00:00,True,Rajasthan
14d883da-960f-4578-909c-7afdf8f9df42,531,sudarshini.gujjar@doordash.com,Sudarshini Gujjar,member,,2020-08-06 00:00:00,True,Rajasthan
168ce312-9a9f-45b1-ac13-7dc1e60503eb,531,ramakant.prasad@doordash.com,Ramakant Prasad,member,,2020-09-29 00:00:00,True,Rajasthan
4fa7249b-23ca-4516-80ab-7dc95edc56a5,531,shubham.aggarwal@doordash.com,Shubham Aggarwal,member,,2020-01-15 00:00:00,True,Rajasthan
fa3b525d-ffb8-4f70-b053-ff4a4985cab4,531,rajendra.pratapkumar@doordash.com,Rajendra Pratap Kumar,admin,,2020-03-24 00:00:00,True,Rajasthan
b616c913-605c-4f04-b456-f5f98f7a0dad,531,samina.parveen@doordash.com,Samina Parveen,guest,,2020-02-29 00:00:00,True,Rajasthan
f1858037-f545-44d5-bdff-105d54e1375d,531,kanak.chhipa@doordash.com,Kanak Chhipa,guest,,2020-05-18 00:00:00,True,Rajasthan
b7d46096-59ff-4c9f-b20b-8bec33acf181,531,bhati.vishnoi@doordash.com,Bhati Vishnoi,admin,,2020-05-16 00:00:00,True,Rajasthan
403ffe6e-f908-45e9-9a06-54b0cbe41c07,531,lalit.vyas1@doordash.com,Lalit Vyas,limited_access,,2020-03-08 00:00:00,True,Rajasthan
9c8394fd-007c-4c53-8707-507420ec27d7,531,chandani.khatri@doordash.com,Chandani Khatri,guest,,2020-10-02 00:00:00,True,Rajasthan
55dee6cb-0c7f-4158-ae7e-9916bc666f52,531,kasim.mujtaba@doordash.com,Kasim Mujtaba,admin,,2020-06-18 00:00:00,True,Rajasthan
ffc5dfe9-3526-4cc3-9476-e6629e55fb93,531,amna.rashid@doordash.com,Amna Rashid,guest,,2020-10-06 00:00:00,True,Rajasthan
7d9b0845-2302-47ba-bef4-8bd998833825,531,ladu.desai@doordash.com,Ladu Desai,limited_access,,2020-02-17 00:00:00,True,Rajasthan
0b1e47f1-7ff7-485e-8b57-f2d5c3fcb348,531,riddhi.kadiwala@doordash.com,Riddhi Kadiwala,guest,,2020-10-03 00:00:00,True,Rajasthan
875be42a-c3db-476a-8d6a-ff6a394e3f5a,531,kanak.jaiswal@doordash.com,Kanak Jaiswal,admin,,2020-01-27 00:00:00,True,Rajasthan
6495c775-2a2e-49d6-93d2-1bae2fdd7a4f,531,shakti.gupta@doordash.com,Shakti Gupta,guest,,2020-01-19 00:00:00,True,Rajasthan
88cbd48f-6dcd-4177-a296-81341b11ef38,531,arsalan.azmi@doordash.com,Arsalan Azmi,admin,,2020-11-21 00:00:00,True,Rajasthan
3eee3454-beb3-456e-b884-6d882541f75f,531,fariha.bhat@doordash.com,Fariha Bhat,limited_access,,2020-10-14 00:00:00,True,Rajasthan
83d5207e-c1a4-4ccd-946c-f588a39645c9,531,murtaza.hafeez@doordash.com,Murtaza Hafeez,limited_access,,2020-04-07 00:00:00,True,Rajasthan
29f5175f-258d-459e-80f6-5355073a345f,531,chhavi.kalal@doordash.com,Chhavi Kalal,guest,,2020-12-10 00:00:00,True,Rajasthan
d5ec9cad-9f58-4486-93f7-445d6e0913a7,531,ayaan.firoz@doordash.com,Ayaan Firoz,member,,2020-05-06 00:00:00,True,Rajasthan
8dee1855-b023-4524-a3fa-1d489f9029b9,531,nigar.mirza@doordash.com,Nigar Mirza,limited_access,,2020-08-22 00:00:00,True,Rajasthan
7a29f690-45d4-4341-a78e-0c930ff95dbd,531,rizwan.sarmadi@doordash.com,Rizwan Sarmadi,member,,2020-06-23 00:00:00,True,Rajasthan
989f8187-5d4c-4758-8f10-22d3fcfaa244,531,sita.rebari@doordash.com,Sita Rebari,admin,,2020-04-04 00:00:00,True,Rajasthan
582d8a52-982e-42df-890b-379be6cdda8c,531,bilal.khan@doordash.com,Bilal Khan,admin,,2020-03-06 00:00:00,True,Rajasthan
4b436b1d-0562-4d88-a6c7-e827ee8de45a,531,pallavi.ghanchi@doordash.com,Pallavi Ghanchi,limited_access,,2020-02-01 00:00:00,True,Rajasthan
a9f00c6c-3969-49e3-b72e-e0202d4c8fc3,531,ranveer.sakarwar@doordash.com,Ranveer Sakarwar,admin,,2020-11-21 00:00:00,True,Rajasthan
663b960c-5a51-4d44-a80e-8d9b8ce1a618,531,ritika.ram@doordash.com,Ritika Ram,member,,2020-10-19 00:00:00,True,Rajasthan
d9adf65f-611e-4c88-b747-8c812d580f7b,531,maan.bhati@doordash.com,Maan Bhati,guest,,2020-03-23 00:00:00,True,Rajasthan
7bb88908-f216-4d8d-9b68-c16de1463e8e,531,nazia.fatima@doordash.com,Nazia Fatima,member,,2020-07-25 00:00:00,True,Rajasthan
8648ee5c-79b1-4d78-a462-f78db1751267,531,rehman.javed@doordash.com,Rehman Javed,member,,2020-03-19 00:00:00,True,Rajasthan
b4f729c2-3478-4d42-a7be-5846ff878eea,531,huma.jafari@doordash.com,Huma Jafari,admin,,2020-07-14 00:00:00,True,Rajasthan
21b94e63-55b7-4f11-b63b-a2a26a79e6e5,531,udayveer.soni@doordash.com,Udayveer Soni,limited_access,,2020-04-22 00:00:00,True,Rajasthan
ac09c453-ce5f-4cbe-96fb-692fe6b3e3b1,531,rekha.raj@doordash.com,Rekha Raj,limited_access,,2020-06-12 00:00:00,True,Rajasthan
b701fdd9-bb24-44b6-a7b1-c1e767ba2bc9,531,rameshwar.prakash@doordash.com,Rameshwar Prakash,limited_access,,2020-05-12 00:00:00,True,Rajasthan
4ed7715c-7fd1-4197-9834-e4c639d9cd75,531,bhanupriya.vishnoi@doordash.com,Bhanupriya Vishnoi,limited_access,,2020-05-31 00:00:00,True,Rajasthan
dda830de-d7a9-4cfe-a24a-187548b51fba,531,ashok.kumarlal@doordash.com,Ashok Kumar Lal,guest,,2020-09-08 00:00:00,True,Rajasthan
cde62586-4650-4f44-b001-589e386e6c52,531,kusumwati.mali@doordash.com,Kusumwati Mali,member,,2020-02-06 00:00:00,True,Rajasthan
0118a10a-c03d-4632-8538-8f1f2b11c852,531,prem.shah@doordash.com,Prem Shah,guest,,2020-02-27 00:00:00,True,Rajasthan
be24b6df-9be9-4b64-bcfb-e729be8431fa,531,sumanthi.parashar@doordash.com,Sumanthi Parashar,limited_access,,2020-07-10 00:00:00,True,Rajasthan
d9403238-9224-49a7-84b2-1bbf1ca4e177,531,ranveer.agarwal@doordash.com,Ranveer Agarwal,admin,,2020-04-12 00:00:00,True,Rajasthan
34429231-0aa7-45ab-b7b9-c486193bffff,531,shahnaz.khan@doordash.com,Shahnaz Khan,limited_access,,2020-03-12 00:00:00,True,Rajasthan
e6067108-4826-4547-808c-89cc7a15e09b,531,rajveer.suryavanshi@doordash.com,Rajveer Suryavanshi,member,,2020-12-12 00:00:00,True,Rajasthan
cedd82f5-79e0-4a28-a160-31d9315aa8ba,531,kamla.gehlot@doordash.com,Kamla Gehlot,guest,,2020-09-20 00:00:00,True,Rajasthan
adfa9d68-6aa2-43fc-aa1f-72a8f5f06974,531,rajan.choudhary@doordash.com,Rajan Choudhary,limited_access,,2020-07-22 00:00:00,True,Rajasthan
cfc60ab8-e304-4e72-9319-0514824ce31f,531,kamini.sahu@doordash.com,Kamini Sahu,member,,2020-06-30 00:00:00,True,Rajasthan
78a0abb8-d6c5-4822-8915-712b9a48a4df,531,suraj.suryavanshi@doordash.com,Suraj Suryavanshi,admin,,2020-08-31 00:00:00,True,Rajasthan
f23ee06c-a383-43dc-89c8-418177ac7523,531,kusum.pathak@doordash.com,Kusum Pathak,member,,2020-08-29 00:00:00,True,Rajasthan
1d20a774-a747-499c-bf5b-33908af524a1,531,imran.qureshi@doordash.com,Imran Qureshi,limited_access,,2020-12-28 00:00:00,True,Rajasthan
57422081-5919-49b3-b560-da0c3b21b01b,531,lalima.bhil@doordash.com,Lalima Bhil,guest,,2020-04-11 00:00:00,True,Rajasthan
c7398d19-1409-4422-9791-557d0f2b0b71,531,nirmal.bagri@doordash.com,Nirmal Bagri,guest,,2020-02-17 00:00:00,True,Rajasthan
6ae580fc-a471-4bff-b003-4d68871b5ecd,531,dhirajwati.bishnoi@doordash.com,Dhirajwati Bishnoi,member,,2020-07-21 00:00:00,True,Rajasthan
d4e98ce3-cf65-400d-a0e4-79001fe68c06,531,shoaib.latif@doordash.com,Shoaib Latif,guest,,2020-02-02 00:00:00,True,Rajasthan
7c2f0cd7-0683-4d7f-a3f4-e8e177148b50,531,rina.charan@doordash.com,Rina Charan,limited_access,,2020-03-02 00:00:00,True,Rajasthan
1ea5c48a-6076-4e8f-894f-a9cdf6fac702,531,yusuf.mujtaba@doordash.com,Yusuf Mujtaba,member,,2020-07-21 00:00:00,True,Rajasthan
d4508eb8-b706-4677-af3a-6302e204a64a,531,rukhsar.latif@doordash.com,Rukhsar Latif,limited_access,,2020-01-16 00:00:00,True,Rajasthan
047dd092-ac61-4ae7-8ea5-6517e0944342,531,sarvesh.bhati@doordash.com,Sarvesh Bhati,member,,2020-04-19 00:00:00,True,Rajasthan
9f0432b9-b6cd-423a-96a2-5b990a8e8ca6,531,amina.bhat@doordash.com,Amina Bhat,member,,2020-10-02 00:00:00,True,Rajasthan
91a9b5b3-78e8-4394-a65f-0c7306768b3e,531,arif.rizvi@doordash.com,Arif Rizvi,limited_access,,2020-05-02 00:00:00,True,Rajasthan
d002949d-4c82-45e0-abf2-35c23b06d4d4,531,areeba.fatima@doordash.com,Areeba Fatima,member,,2020-12-30 00:00:00,True,Rajasthan
3f46f29a-6b89-4dec-b61a-19b2c26f244c,531,bhanwar.kumar@doordash.com,Bhanwar Kumar,admin,,2020-11-28 00:00:00,True,Rajasthan
c89678a2-658d-4b50-a497-476bb43e6042,531,nazrana.sajid@doordash.com,Nazrana Sajid,member,,2020-06-21 00:00:00,True,Rajasthan
66adca18-6139-4534-85f0-2b8d0dbfc123,531,arjun.surana@doordash.com,Arjun Surana,limited_access,,2020-12-14 00:00:00,True,Rajasthan
3f7ffc14-43ec-409c-b5ee-ca678c38fd76,531,shalini.kalal@doordash.com,Shalini Kalal,admin,,2020-09-29 00:00:00,True,Rajasthan
6fd25902-52d8-4daf-8c3e-c9bfd58ce28f,531,kasim.rizvi@doordash.com,Kasim Rizvi,limited_access,,2020-07-16 00:00:00,True,Rajasthan
8a0c7e2c-abcc-49e1-9e8a-2c181f257443,531,sana.amin@doordash.com,Sana Amin,member,,2020-06-20 00:00:00,True,Rajasthan
f7f4b9f0-bdb5-45f6-91a0-ca181f7b267c,531,jagdeep.lal@doordash.com,Jagdeep Lal,limited_access,,2020-01-27 00:00:00,True,Rajasthan
b8cf9a0b-2bde-4e5d-adad-9fc4aff6474f,531,huma.lodhi@doordash.com,Huma Lodhi,guest,,2020-12-03 00:00:00,True,Rajasthan
877d1d8e-0c7e-4c8c-b02a-efec5616bcf7,531,sudhakar.chandrawat@doordash.com,Sudhakar Chandrawat,guest,,2020-10-03 00:00:00,True,Rajasthan
c2bde829-b1fa-4095-9d03-6020a2da9ad1,531,urmila.mehta@doordash.com,Urmila Mehta,member,,2020-11-09 00:00:00,True,Rajasthan
4dc8bb90-4d9b-46cc-89a0-564cb38a8361,531,shivraj.bishnoi@doordash.com,Shivraj Bishnoi,limited_access,,2020-04-13 00:00:00,True,Rajasthan
de94c7cc-327f-437d-ac31-620ecdc9de0b,531,samina.memon@doordash.com,Samina Memon,limited_access,,2020-11-20 00:00:00,True,Rajasthan
675bb323-6de5-46b9-a7ca-391c8a6836c4,531,abhishek.patel@doordash.com,Abhishek Patel,member,,2020-04-03 00:00:00,True,Rajasthan
c7df30ac-04ca-4361-b049-e645bf672e1a,531,vishaka.vishnoi@doordash.com,Vishaka Vishnoi,admin,,2020-03-16 00:00:00,True,Rajasthan
fc46e29b-f6cd-4a4f-a7cf-93641d1b2368,531,premendra.jat@doordash.com,Premendra Jat,member,,2020-09-08 00:00:00,True,Rajasthan
36878b39-d10f-4ef1-a726-d39ecceec1cb,531,radhika.panchal@doordash.com,Radhika Panchal,guest,,2020-10-03 00:00:00,True,Rajasthan
7704ac93-232d-46c8-b28f-abe0da50c60d,531,ganesh.chand@doordash.com,Ganesh Chand,member,,2020-05-09 00:00:00,True,Rajasthan
7c65d049-8dbd-4978-8676-84e45eef20a2,531,razia.amin@doordash.com,Razia Amin,admin,,2020-01-27 00:00:00,True,Rajasthan
364c288f-e485-4a5e-8fed-85dd1dfce9b6,531,bashir.bhat@doordash.com,Bashir Bhat,admin,,2020-12-09 00:00:00,True,Rajasthan
937a229f-2ea8-4e2d-934c-cd0acc0cdd48,531,tanisha.shekhawat@doordash.com,Tanisha Shekhawat,limited_access,,2020-05-21 00:00:00,True,Rajasthan
177cb087-3e8b-45a6-b063-b3c0204187ee,531,ahmed.jamal@doordash.com,Ahmed Jamal,admin,,2020-12-14 00:00:00,True,Rajasthan
1d2eda9f-4db5-45bf-af3b-229edc517da4,531,saanvi.sen@doordash.com,Saanvi Sen,limited_access,,2020-11-15 00:00:00,True,Rajasthan
f02bf3a5-8eeb-4619-ba5d-ed8d7272ef89,531,tanmay.yograj@doordash.com,Tanmay Yograj,admin,,2020-11-04 00:00:00,True,Rajasthan
897010f2-4ea1-4362-80be-6b36db8bab96,531,razia.bashir@doordash.com,Razia Bashir,guest,,2020-09-21 00:00:00,True,Rajasthan
650db532-dd50-4f0d-bf7e-99df48b04916,531,zahid.bashir@doordash.com,Zahid Bashir,member,,2020-03-29 00:00:00,True,Rajasthan
8819ad3d-5d05-48c9-b673-97eeeb3b61cc,531,rukhsar.qadir@doordash.com,Rukhsar Qadir,member,,2020-12-02 00:00:00,True,Rajasthan
af75bb6f-216f-4c38-9e3b-349169430bbb,531,zahid.amin@doordash.com,Zahid Amin,guest,,2020-04-04 00:00:00,True,Rajasthan
da069fa9-107a-4951-b249-dc2c730ea2bd,531,asma.shaikh@doordash.com,Asma Shaikh,guest,,2020-11-29 00:00:00,True,Rajasthan
d97bf269-1a4b-4184-93c7-90f43a97671c,531,murtaza.latif@doordash.com,Murtaza Latif,limited_access,,2020-09-19 00:00:00,True,Rajasthan
d12a69d9-51bd-4964-845a-6297ccaac817,531,bhawna.parashar@doordash.com,Bhawna Parashar,guest,,2020-04-12 00:00:00,True,Rajasthan
18d6e4f7-ff33-48a5-8cf6-76a740330144,531,pradeep.jat@doordash.com,Pradeep Jat,limited_access,,2020-04-16 00:00:00,True,Rajasthan
317f91c0-5a1d-4dd3-b729-8dc6f927374a,531,huma.rizvi@doordash.com,Huma Rizvi,guest,,2020-05-15 00:00:00,True,Rajasthan
1a16b5bf-cafe-4527-9c70-774660947536,531,shailendra.tripathi@doordash.com,Shailendra Tripathi,limited_access,,2020-10-02 00:00:00,True,Delhi
78feefd0-4153-45f2-8cfe-45b1b1dc0c2f,531,sheetal.bajwa@doordash.com,Sheetal Bajwa,guest,,2020-06-14 00:00:00,True,Delhi
2194fb1d-f957-407e-b936-5ce6c58b36c0,531,sushant.panchal@doordash.com,Sushant Panchal,guest,,2020-10-24 00:00:00,True,Delhi
ef96fc5e-da82-4505-830e-bb4d1650be53,531,chandni.narayan@doordash.com,Chandni Narayan,guest,,2020-08-29 00:00:00,True,Delhi
4b58e832-8c50-4c5a-ba16-a87d8c8f761c,531,rajesh.gahlot@doordash.com,Rajesh Gahlot,guest,,2020-06-26 00:00:00,True,Delhi
fa63781f-d1a0-4251-a946-9d46755a786b,531,karuna.puri@doordash.com,Karuna Puri,guest,,2020-05-22 00:00:00,True,Delhi
c8991e72-28e9-403f-b2c1-33b23f18a876,531,tushar.suri@doordash.com,Tushar Suri,limited_access,,2020-02-26 00:00:00,True,Delhi
bd178501-1c9d-4644-9c01-94a1558e03ed,531,vanshika.arora@doordash.com,Vanshika Arora,limited_access,,2020-04-28 00:00:00,True,Delhi
0c72bc1f-a959-4096-a619-ff33108dd39a,531,mukul.bishnoi@doordash.com,Mukul Bishnoi,member,,2020-02-03 00:00:00,True,Delhi
93f11bd9-861d-49d8-88d0-967a5951a6c5,531,rekha.mehta@doordash.com,Rekha Mehta,admin,,2020-12-07 00:00:00,True,Delhi
b4ac85d0-b9d1-4f92-9a89-85f94e30b17b,531,jeevan.bhardwaj@doordash.com,Jeevan Bhardwaj,member,,2020-07-16 00:00:00,True,Delhi
ca9922b5-7296-400e-87f6-e9f940d813a5,531,manisha.joshi@doordash.com,Manisha Joshi,guest,,2020-07-23 00:00:00,True,Delhi
9f376482-2204-4759-a0dc-8f9105413131,531,rakesh.saxena@doordash.com,Rakesh Saxena,admin,,2020-03-29 00:00:00,True,Delhi
addac859-a509-4045-a7e3-77b64c4dab64,531,ishita.tandon@doordash.com,Ishita Tandon,guest,,2020-08-27 00:00:00,True,Delhi
8f7af46d-20c5-4b0f-b950-24d2cecc9eb4,531,darshan.kohli@doordash.com,Darshan Kohli,guest,,2020-04-23 00:00:00,True,Delhi
d2f0b13f-9b98-4c96-a5f5-bf40ff45903e,531,avni.sethi@doordash.com,Avni Sethi,limited_access,,2020-12-13 00:00:00,True,Delhi
b696b6d2-d840-494a-94c6-d0783d2fd48f,531,hemant.narayan@doordash.com,Hemant Narayan,member,,2020-08-12 00:00:00,True,Delhi
9ef793a1-195c-4b40-ae1d-8d77117567f4,531,pragya.rastogi@doordash.com,Pragya Rastogi,limited_access,,2020-08-17 00:00:00,True,Delhi
222998e4-3823-4348-ba50-4825cea06ce9,531,ansh.madaan@doordash.com,Ansh Madaan,admin,,2020-11-04 00:00:00,True,Delhi
93ed9319-704d-471c-a8c0-c43f1ad0d4dc,531,simran.sarin@doordash.com,Simran Sarin,admin,,2020-08-14 00:00:00,True,Delhi
01cb74b3-5a8e-479c-bea2-2f8d6cab1b97,531,ashok.bhandari@doordash.com,Ashok Bhandari,guest,,2020-04-20 00:00:00,True,Delhi
55099d25-e82b-4339-8f90-fb571162a739,531,barkha.arora@doordash.com,Barkha Arora,limited_access,,2020-07-08 00:00:00,True,Delhi
fac4a295-cc31-4b2f-8680-cf36d0ea05ba,531,akhil.soni@doordash.com,Akhil Soni,member,,2020-05-23 00:00:00,True,Delhi
dd69544f-e383-425f-af2f-a875874dc4c4,531,namrata.chauhan@doordash.com,Namrata Chauhan,guest,,2020-04-06 00:00:00,True,Delhi
8519e38a-df4e-4844-bbf2-f5d43d9c3dcd,531,nilesh.saini@doordash.com,Nilesh Saini,limited_access,,2020-11-29 00:00:00,True,Delhi
bf290b07-e95b-4d02-a281-bd9cfc4302e3,531,rupali.khullar@doordash.com,Rupali Khullar,admin,,2020-03-02 00:00:00,True,Delhi
45be15c1-a8c3-48aa-a393-77e212da4079,531,harpreet.talwar@doordash.com,Harpreet Talwar,admin,,2020-09-17 00:00:00,True,Delhi
66f2edb3-9ce0-4713-a130-d62d6db8dd63,531,avni.jagga@doordash.com,Avni Jagga,limited_access,,2020-12-09 00:00:00,True,Delhi
6b86fb64-0f62-493b-b67e-ab8563e78918,531,sunil.bajpai@doordash.com,Sunil Bajpai,admin,,2020-12-10 00:00:00,True,Delhi
b62d76e2-a2c9-4b7d-b8a6-23488621bfac,531,madhavi.choudhury@doordash.com,Madhavi Choudhury,limited_access,,2020-04-12 00:00:00,True,Delhi
35e35c82-7a08-470c-9e39-c133cba62aaf,531,ashwin.kushwaha@doordash.com,Ashwin Kushwaha,limited_access,,2020-08-11 00:00:00,True,Delhi
78fd333d-6967-4907-ae96-80c8e382b7e3,531,deepika.monga@doordash.com,Deepika Monga,limited_access,,2020-03-14 00:00:00,True,Delhi
cbabe9a5-863d-45c1-8a3f-d69335a759f7,531,nirbhay.mehrotra@doordash.com,Nirbhay Mehrotra,limited_access,,2020-12-15 00:00:00,True,Delhi
450b96e3-87fa-4412-b501-51be13907aef,531,divisha.khandelwal@doordash.com,Divisha Khandelwal,member,,2020-03-20 00:00:00,True,Delhi
819d94dd-19f2-4071-b759-5c3b10aa0192,531,arun.chhikara@doordash.com,Arun Chhikara,member,,2020-06-15 00:00:00,True,Delhi
d31a4e22-872f-4ba0-9622-3302b56bc2df,531,ruchi.nanda@doordash.com,Ruchi Nanda,member,,2020-12-16 00:00:00,True,Delhi
d379cf02-f409-481b-b6d4-2016ee98f289,531,ketan.thakur@doordash.com,Ketan Thakur,guest,,2020-08-26 00:00:00,True,Delhi
f4cafb0c-1b37-43fb-b32c-705b79087847,531,shruti.chand@doordash.com,Shruti Chand,limited_access,,2020-01-04 00:00:00,True,Delhi
a36e3d2d-ba38-4cfa-ba92-0a9fb9be4498,531,saurabh.goyal@doordash.com,Saurabh Goyal,member,,2020-10-19 00:00:00,True,Delhi
9b87a964-b2b2-4a48-9371-d2f39e9af476,531,rupal.rathi@doordash.com,Rupal Rathi,limited_access,,2020-01-07 00:00:00,True,Delhi
25eb0998-d8ca-4a8c-a452-8ae96f1dbee2,531,rajesh.ranjan@doordash.com,Rajesh Ranjan,limited_access,,2020-12-18 00:00:00,True,Delhi
f24c0dcd-d751-4db8-8a7c-bc81fb2c246d,531,sadhna.rohilla@doordash.com,Sadhna Rohilla,admin,,2020-10-12 00:00:00,True,Delhi
2f485545-ca92-4fa5-9c58-0f1d67f39d8c,531,puneet.tripathi@doordash.com,Puneet Tripathi,guest,,2020-11-24 00:00:00,True,Delhi
4f96b644-9d48-4ba1-9d0b-79f5d6901578,531,swati.goenka@doordash.com,Swati Goenka,limited_access,,2020-02-20 00:00:00,True,Delhi
5ffdcac7-7dee-42b1-a1b2-1e3a38da3b9a,531,mithilesh.jagga@doordash.com,Mithilesh Jagga,limited_access,,2020-11-28 00:00:00,True,Delhi
f45f6d9e-e529-4c71-9c3b-43ccf348bf42,531,madhuri.sangwan@doordash.com,Madhuri Sangwan,limited_access,,2020-10-07 00:00:00,True,Delhi
a7ee90fa-6918-46ec-8f7e-bf378612a128,531,praveen.khandelwal@doordash.com,Praveen Khandelwal,guest,,2020-01-31 00:00:00,True,Delhi
00c56066-f4ca-4014-8f09-6a73e31c431d,531,jaya.pahwa@doordash.com,Jaya Pahwa,member,,2020-06-15 00:00:00,True,Delhi
0e79d721-5c29-42af-a5ca-1f2aa645eaa4,531,bhanu.bhatt@doordash.com,Bhanu Bhatt,limited_access,,2020-10-12 00:00:00,True,Delhi
93772e87-ff92-4477-bb65-24b2b7a8fb06,531,aradhana.chaturvedi@doordash.com,Aradhana Chaturvedi,limited_access,,2020-12-26 00:00:00,True,Delhi
ed33c2ec-0380-421f-aad1-4e5d0bc2b82c,531,harish.joshi@doordash.com,Harish Joshi,member,,2020-08-16 00:00:00,True,Delhi
ec98311f-29f6-4384-bb02-5ae0037fb206,531,deepa.vaidya@doordash.com,Deepa Vaidya,guest,,2020-07-16 00:00:00,True,Delhi
4b17dc20-5fe1-4974-86ce-670ba5d8341a,531,shankar.vohra@doordash.com,Shankar Vohra,limited_access,,2020-08-26 00:00:00,True,Delhi
947571fb-fcd5-481e-a555-f046a5090d80,531,vishali.kumar@doordash.com,Vishali Kumar,member,,2020-03-21 00:00:00,True,Delhi
329191df-328a-44f4-ae49-cc41898a5a45,531,ashish.bagga@doordash.com,Ashish Bagga,admin,,2020-02-15 00:00:00,True,Delhi
f1fd780a-5fa0-4340-8fce-527fe6374a42,531,amita.parmar@doordash.com,Amita Parmar,guest,,2020-11-14 00:00:00,True,Delhi
b5e4fca3-30c7-428c-90c8-c0fb19eea66f,531,nashit.pande@doordash.com,Nashit Pande,limited_access,,2020-03-17 00:00:00,True,Delhi
09a6c6cc-c77c-4a29-ab6f-1f83bdb1ddee,531,kavita.bishnoi@doordash.com,Kavita Bishnoi,member,,2020-11-08 00:00:00,True,Delhi
077a9344-9cf8-4922-87c2-be506fd1fb85,531,nirbhay.pahwa@doordash.com,Nirbhay Pahwa,member,,2020-08-01 00:00:00,True,Delhi
36a4da24-92e2-4878-b6d8-e9df984d76d2,531,gayatri.lamba@doordash.com,Gayatri Lamba,guest,,2020-06-05 00:00:00,True,Delhi
c8e16457-1603-4182-84e3-400e033de7c5,531,shivansh.kumar@doordash.com,Shivansh Kumar,limited_access,,2020-12-12 00:00:00,True,Delhi
c1411dcc-097c-42b6-ba35-b9c949fd136d,531,aradhana.mahajan@doordash.com,Aradhana Mahajan,admin,,2020-08-26 00:00:00,True,Delhi
44357533-96ca-4da1-a71d-8c6a077225da,531,pravin.luthra@doordash.com,Pravin Luthra,limited_access,,2020-09-18 00:00:00,True,Delhi
881b322a-3aaf-4411-83a5-2c02d7c6fa90,531,bhumika.sahni@doordash.com,Bhumika Sahni,limited_access,,2020-08-08 00:00:00,True,Delhi
a96da26c-b11a-45a2-aa7a-5bcf50108d1f,531,sharv.bisht@doordash.com,Sharv Bisht,guest,,2020-12-08 00:00:00,True,Delhi
6f911932-beb0-4488-952b-f2e55c79e41e,531,chhaya.narayan@doordash.com,Chhaya Narayan,admin,,2020-06-17 00:00:00,True,Delhi
5b852e60-6e23-4805-81a4-8a274e378bfa,531,sunil.mehta@doordash.com,Sunil Mehta,limited_access,,2020-07-23 00:00:00,True,Delhi
383fc2a9-bf5b-4db3-bb4a-5845d05cff46,531,vaishnavi.goel@doordash.com,Vaishnavi Goel,limited_access,,2020-03-21 00:00:00,True,Delhi
112659fb-46f4-4c58-a47c-03a487c936ae,531,yogesh.bali@doordash.com,Yogesh Bali,member,,2020-01-11 00:00:00,True,Delhi
ec74dc5b-40cc-4281-a262-437a697292cf,531,shilpa.chhikara@doordash.com,Shilpa Chhikara,limited_access,,2020-06-01 00:00:00,True,Delhi
5d41ef5a-9436-44ff-8e47-192650c98c33,531,shivansh.bhatia@doordash.com,Shivansh Bhatia,guest,,2020-02-24 00:00:00,True,Delhi
2c0a632f-edd6-42ca-aa8c-293e0fd053ed,531,gita.luthra@doordash.com,Gita Luthra,admin,,2020-08-04 00:00:00,True,Delhi
c2bab8a0-18e1-46e3-8397-e85407d272f7,531,ishwar.chhabra@doordash.com,Ishwar Chhabra,admin,,2020-04-27 00:00:00,True,Delhi
c3f24cc0-4567-4878-93ce-81aa490cf861,531,sumantra.thakur@doordash.com,Sumantra Thakur,admin,,2020-06-13 00:00:00,True,Delhi
a7aa772f-aee4-4762-a877-f69482753b11,531,shahid.jindal@doordash.com,Shahid Jindal,guest,,2020-05-12 00:00:00,True,Delhi
00067e5e-e70d-45f1-b95a-2a8d4203e08a,531,bharti.sharma@doordash.com,Bharti Sharma,member,,2020-01-26 00:00:00,True,Delhi
590c866a-6d48-4f68-ad61-24a31a40b05d,531,madhav.ranjan@doordash.com,Madhav Ranjan,member,,2020-03-13 00:00:00,True,Delhi
f60b82f0-be3b-4fde-a572-4ffff80a5002,531,divisha.tiwari@doordash.com,Divisha Tiwari,admin,,2020-02-05 00:00:00,True,Delhi
b83976c5-fd17-4529-8648-166be7d02966,531,aaditya.sachdeva@doordash.com,Aaditya Sachdeva,member,,2020-01-09 00:00:00,True,Delhi
d00e347c-9b7c-47fa-8fe2-62c4ab432d51,531,ujjwala.shukla@doordash.com,Ujjwala Shukla,limited_access,,2020-02-15 00:00:00,True,Delhi
2b7c2c07-0a3a-455d-ae14-ea0b5ba9405b,531,rajeev.soni@doordash.com,Rajeev Soni,guest,,2020-09-10 00:00:00,True,Delhi
743a2eec-7e5f-4711-ba66-dfa0b71507ea,531,laxmi.singla@doordash.com,Laxmi Singla,member,,2020-12-09 00:00:00,True,Delhi
1dab736b-fa67-418d-a52c-a7875dc5c585,531,bhavesh.wadhwa@doordash.com,Bhavesh Wadhwa,member,,2020-10-28 00:00:00,True,Delhi
631c3b2e-f16c-4932-af3e-0fa4fa286e3f,531,arpita.chopra@doordash.com,Arpita Chopra,member,,2020-10-08 00:00:00,True,Delhi
7b0c0ead-aae1-412f-989f-48168b70215b,531,harish.rathi@doordash.com,Harish Rathi,limited_access,,2020-03-20 00:00:00,True,Delhi
cbfef553-3fdc-4e60-a22e-30a75679f752,531,lalita.khullar@doordash.com,Lalita Khullar,guest,,2020-10-04 00:00:00,True,Delhi
846ba1c4-aa09-4b0f-98ec-dfee14b24ed0,531,sharad.kashyap@doordash.com,Sharad Kashyap,limited_access,,2020-05-02 00:00:00,True,Delhi
507de0d2-9f7a-40de-9a03-6db216378cc9,531,preeti.bagga@doordash.com,Preeti Bagga,limited_access,,2020-01-29 00:00:00,True,Delhi
922b902b-8f44-4557-9ca8-9f5cb099e087,531,abhishek.sethi@doordash.com,Abhishek Sethi,member,,2020-11-12 00:00:00,True,Delhi
a0e4ef29-9f1d-4ae3-8a9a-2979754bc6fb,531,kavya.yadav@doordash.com,Kavya Yadav,guest,,2020-12-16 00:00:00,True,Delhi
84f38476-4159-4fed-a231-4308d3ce9312,531,girish.singh@doordash.com,Girish Singh,admin,,2020-03-31 00:00:00,True,Delhi
524bd59a-74f1-48df-bd6a-b38188ad01c4,531,anjali.gahlot@doordash.com,Anjali Gahlot,limited_access,,2020-03-17 00:00:00,True,Delhi
213ea7e1-15c8-4236-93f0-a5d4d4e9eb1d,531,dhanraj.dixit@doordash.com,Dhanraj Dixit,admin,,2020-10-17 00:00:00,True,Delhi
4925dadb-aad0-40e5-8ea2-76a40002082e,531,kirti.tandon@doordash.com,Kirti Tandon,limited_access,,2020-06-29 00:00:00,True,Delhi
2c3e9cbb-5fe1-42c2-ad36-37c0fc01a11c,531,mithilesh.kadian@doordash.com,Mithilesh Kadian,limited_access,,2020-09-30 00:00:00,True,Delhi
90faaf2a-2d57-419b-9100-6747331de1b8,531,usha.talwar@doordash.com,Usha Talwar,member,,2020-09-28 00:00:00,True,Delhi
a0599c89-e342-4f95-abf9-8c9e4f6d73d9,531,chandan.kumawat@doordash.com,Chandan Kumawat,guest,,2020-02-10 00:00:00,True,Delhi
2648b927-f32c-4709-9e24-33b20d3283b0,531,shraddha.chadha@doordash.com,Shraddha Chadha,member,,2020-12-13 00:00:00,True,Delhi
7001ba84-48f5-49b0-adf6-5ef9f2b630c4,531,jeevan.khullar@doordash.com,Jeevan Khullar,guest,,2020-08-12 00:00:00,True,Delhi
339d10aa-6452-4422-89d9-fe10b6ffa454,531,charul.bedi@doordash.com,Charul Bedi,limited_access,,2020-12-02 00:00:00,True,Delhi
1474ee4d-25e0-4086-bc82-65400c210cf8,531,virendra.goenka@doordash.com,Virendra Goenka,guest,,2020-07-12 00:00:00,True,Delhi
03b2d27c-ba17-4af4-a242-ec019e63efb2,531,urmila.suri@doordash.com,Urmila Suri,guest,,2020-12-07 00:00:00,True,Delhi
120f7e8a-7b5c-49c9-98f7-7fa73dbe8254,531,suraj.bansal@doordash.com,Suraj Bansal,limited_access,,2020-03-07 00:00:00,True,Delhi
f0ffaf34-afb3-4c64-81e4-93e9509b2620,531,chandni.kandpal@doordash.com,Chandni Kandpal,member,,2020-11-09 00:00:00,True,Delhi
35e7f05a-42ac-4d2a-9bb4-ccd7a2ac1223,531,hemant.mathur@doordash.com,Hemant Mathur,member,,2020-07-01 00:00:00,True,Delhi
ae739e4d-5e21-4d0f-b623-fd0cc917d972,531,ekta.ranjan@doordash.com,Ekta Ranjan,member,,2020-01-14 00:00:00,True,Delhi
626793ec-933a-4c96-953c-b0d86cbe3ca0,531,bhavik.khurana@doordash.com,Bhavik Khurana,member,,2020-05-29 00:00:00,True,Delhi
a3afba69-c86e-4782-ac03-c75bca9c4931,531,aishwarya.vohra@doordash.com,Aishwarya Vohra,limited_access,,2020-04-09 00:00:00,True,Delhi
2101d6d0-9bf5-4197-a6a4-8cdfd7a2fd75,531,rahul.sangwan@doordash.com,Rahul Sangwan,guest,,2020-11-26 00:00:00,True,Delhi
0101eeef-a1bd-4318-ae24-605900bc7bed,531,poonam.sood@doordash.com,Poonam Sood,guest,,2020-07-09 00:00:00,True,Delhi
6c309a2d-76a3-4a8b-93ae-66cc41f5d126,531,bhupendra.goswami@doordash.com,Bhupendra Goswami,guest,,2020-03-20 00:00:00,True,Delhi
9ceaa024-71b3-414b-92f6-2cc5764e0e97,531,pranjal.gupta@doordash.com,Pranjal Gupta,member,,2020-09-20 00:00:00,True,Delhi
cd273a86-db0d-4cf5-b29f-02c2c98c9d0b,531,suman.nagpal@doordash.com,Suman Nagpal,limited_access,,2020-08-02 00:00:00,True,Delhi
0133fffe-425b-4b71-bd17-a887e7ea750d,531,nikita.vaid@doordash.com,Nikita Vaid,admin,,2020-05-15 00:00:00,True,Delhi
d7adf09c-b21a-43ed-ba23-7ec43cf4b4b0,531,ankit.dua@doordash.com,Ankit Dua,admin,,2020-12-29 00:00:00,True,Delhi
4b1dfef8-898a-479d-8881-7ac84a1840ce,531,shilpa.bishnoi@doordash.com,Shilpa Bishnoi,member,,2020-06-23 00:00:00,True,Delhi
3ae132e7-d1d3-4299-a569-87cd449f2abf,531,shamsher.maheshwari@doordash.com,Shamsher Maheshwari,member,,2020-11-29 00:00:00,True,Delhi
53e39960-1b51-43de-a580-c0d47831b52f,531,saniya.vishwakarma@doordash.com,Saniya Vishwakarma,limited_access,,2020-12-19 00:00:00,True,Delhi
a5f57ec2-f314-41b0-9b7c-786500431277,531,ishwar.sarin@doordash.com,Ishwar Sarin,limited_access,,2020-07-16 00:00:00,True,Delhi
b0b0f1d6-28f3-4547-b02d-0a8e67f4f450,531,aarushi.pahwa@doordash.com,Aarushi Pahwa,member,,2020-06-11 00:00:00,True,Delhi
f1061d43-c81d-432f-80c6-ba58a2154f89,531,mayank.saraf@doordash.com,Mayank Saraf,admin,,2020-01-05 00:00:00,True,Delhi
d9daa608-db84-4f9a-b087-a1f064aa4527,531,neelam.parmar@doordash.com,Neelam Parmar,member,,2020-09-12 00:00:00,True,Delhi
9a9ec616-ae0f-4451-82d3-2efe78e751de,531,dhruv.khurana@doordash.com,Dhruv Khurana,member,,2020-02-11 00:00:00,True,Delhi
d6fe03af-d481-40fc-abfe-e866de95c10d,531,yamini.gahlot@doordash.com,Yamini Gahlot,limited_access,,2020-01-12 00:00:00,True,Delhi
05abc385-a593-478f-bd9d-73697a79f639,531,tejinder.khanna@doordash.com,Tejinder Khanna,guest,,2020-01-17 00:00:00,True,Delhi
58795c39-1808-48f2-88c1-ff29f04fb583,531,diksha.kapoor@doordash.com,Diksha Kapoor,member,,2020-10-25 00:00:00,True,Delhi
602b7dd7-3b36-4c98-ad30-6f63ea777bfc,531,ankit.thakur@doordash.com,Ankit Thakur,admin,,2020-09-11 00:00:00,True,Delhi
05c7f454-fb54-44ee-a55c-d8a2b7cb74e2,531,shivani.bhargava@doordash.com,Shivani Bhargava,limited_access,,2020-06-18 00:00:00,True,Delhi
026d7bf5-b9cc-49c4-8e92-406c2919f4cf,531,virendra.joshi@doordash.com,Virendra Joshi,guest,,2020-02-16 00:00:00,True,Delhi
62570cf2-1c13-41e4-b71a-bf3728812c82,531,sadhna.rathi@doordash.com,Sadhna Rathi,member,,2020-07-21 00:00:00,True,Delhi
c9e96233-ffae-43c6-9fb0-1f6b30e459e5,531,yogesh.nand@doordash.com,Yogesh Nand,member,,2020-02-24 00:00:00,True,Delhi
4207ede7-349b-429c-b716-325a325ad7e6,531,bhavana.chauhan@doordash.com,Bhavana Chauhan,limited_access,,2020-12-21 00:00:00,True,Delhi
1c648ccf-aff7-4382-bc9d-7cda19eb9dab,531,vivek.bajpai@doordash.com,Vivek Bajpai,guest,,2020-09-15 00:00:00,True,Delhi
427653cd-e15f-4b23-a0db-e6269d2d2d0e,531,sanya.monga@doordash.com,Sanya Monga,limited_access,,2020-06-21 00:00:00,True,Delhi
6be0bef5-b5be-4bc2-a2f6-77b943e77564,531,puneet.garg@doordash.com,Puneet Garg,admin,,2020-08-07 00:00:00,True,Delhi
f4d2ee36-c1a8-4435-bfbb-e7da8f093d63,531,ruchi.verma@doordash.com,Ruchi Verma,admin,,2020-05-06 00:00:00,True,Delhi
659bce82-801d-479c-a3a3-26c895a11898,531,shamsher.sundriyal@doordash.com,Shamsher Sundriyal,guest,,2020-12-31 00:00:00,True,Delhi
7c67b259-cbec-4ab8-896b-0373ecd20347,531,barkha.chopra@doordash.com,Barkha Chopra,member,,2020-01-28 00:00:00,True,Delhi
43adc94d-aef4-492c-bc24-4f129113bc29,531,bhavesh.sethi@doordash.com,Bhavesh Sethi,member,,2020-08-04 00:00:00,True,Delhi
4f9df2d0-4908-4e2f-afe0-b6932705c9a1,531,simran.khullar@doordash.com,Simran Khullar,admin,,2020-04-26 00:00:00,True,Delhi
766f59e0-952f-4d55-bd26-ef2bf5179386,531,sarthak.bhandari@doordash.com,Sarthak Bhandari,guest,,2020-05-29 00:00:00,True,Delhi
fa77b499-5143-4c06-b4ed-6a027880d986,531,rupali.kapur@doordash.com,Rupali Kapur,guest,,2020-06-20 00:00:00,True,Delhi
25b0ef6a-fc4a-4db6-81dd-5d1c8331b0ac,531,prakash.mittal@doordash.com,Prakash Mittal,admin,,2020-03-01 00:00:00,True,Delhi
c94db27d-aa39-4c74-af07-ba6a1f6b7fbf,531,divya.bisht@doordash.com,Divya Bisht,guest,,2020-10-16 00:00:00,True,Delhi
ff3923ae-c57d-4d8d-bd85-e0e0140bb426,531,chandresh.pande@doordash.com,Chandresh Pande,member,,2020-02-14 00:00:00,True,Delhi
ab87c2d8-6804-421f-aa3e-e3f3bb533777,531,durga.nand@doordash.com,Durga Nand,admin,,2020-01-22 00:00:00,True,Delhi
9f8a35bd-a8e5-4bc3-a004-f24cd7089e7b,531,gyan.parmar@doordash.com,Gyan Parmar,admin,,2020-11-02 00:00:00,True,Delhi
639898b9-dbdd-4662-ab59-f0a57da22b64,531,sweta.sachdeva@doordash.com,Sweta Sachdeva,limited_access,,2020-03-27 00:00:00,True,Delhi
b1294e84-26f5-418a-8d73-7d2d56904971,531,vikram.kumar@doordash.com,Vikram Kumar,limited_access,,2020-07-16 00:00:00,True,Delhi
f55ff0f3-25fd-41b2-b912-8ba1dcf98dc7,531,vaidehi.chaturvedi@doordash.com,Vaidehi Chaturvedi,guest,,2020-07-23 00:00:00,True,Delhi
0432bf31-e710-45db-b6ee-02be59deb2c6,531,ankit.kadian@doordash.com,Ankit Kadian,member,,2020-03-09 00:00:00,True,Delhi
5617ba5d-fe8a-449e-8ce2-71052bca02a3,531,tanya.sangwan@doordash.com,Tanya Sangwan,admin,,2020-12-21 00:00:00,True,Delhi
b95279cb-11a6-42fb-80f2-64b77669377d,531,kashish.mathur@doordash.com,Kashish Mathur,limited_access,,2020-07-28 00:00:00,True,Delhi
d528eade-eedf-4125-b7d5-dfba15da1d60,531,shruti.bhardwaj@doordash.com,Shruti Bhardwaj,guest,,2020-09-27 00:00:00,True,Delhi
42642970-6909-467c-aedd-25e9981e9b4a,531,virat.khurana@doordash.com,Virat Khurana,limited_access,,2020-03-14 00:00:00,True,Delhi
97dfb95c-c8ff-46a6-933c-d92a020ef556,531,vishakha.jindal@doordash.com,Vishakha Jindal,admin,,2020-08-18 00:00:00,True,Delhi
3b9305d5-d060-4b90-85c9-41fab962fc2d,531,gyan.anand@doordash.com,Gyan Anand,limited_access,,2020-07-13 00:00:00,True,Delhi
7ffd7e48-4209-43b4-bb62-b17ba25c93b3,531,vaishnavi.hooda@doordash.com,Vaishnavi Hooda,guest,,2020-03-12 00:00:00,True,Delhi
c6a14e65-8ee0-4ee0-8e78-810be77d1ad9,531,vijay.nagpal@doordash.com,Vijay Nagpal,member,,2020-01-16 00:00:00,True,Delhi
b67a9df3-5433-4445-91ad-48be1e02f153,531,veena.chadha@doordash.com,Veena Chadha,guest,,2020-07-27 00:00:00,True,Delhi
1faa6b83-ac81-4206-9d9b-fa2e897bf4f0,531,dinesh.bajwa@doordash.com,Dinesh Bajwa,limited_access,,2020-10-08 00:00:00,True,Delhi
83525433-71d0-4300-a0bd-aa6361a45f33,531,komal.bhagat@doordash.com,Komal Bhagat,limited_access,,2020-06-12 00:00:00,True,Delhi
0fcc1e2d-26b5-49d4-8add-3ea13073890e,531,virendra.gupta@doordash.com,Virendra Gupta,guest,,2020-11-09 00:00:00,True,Delhi
5092b7ae-c043-44cb-aacb-29d1491a97c3,531,neelam.luthra@doordash.com,Neelam Luthra,member,,2020-07-08 00:00:00,True,Delhi
9fdf9311-3ab3-4410-b00c-75a606246b5b,531,praveen.hooda@doordash.com,Praveen Hooda,limited_access,,2020-07-10 00:00:00,True,Delhi
900d58f0-4271-4630-b2bf-b04815812daa,531,yamini.shukla@doordash.com,Yamini Shukla,member,,2020-04-21 00:00:00,True,Delhi
0331c623-d1ae-41fa-9a98-e71a8b831b7e,531,dhanraj.mittal@doordash.com,Dhanraj Mittal,admin,,2020-05-13 00:00:00,True,Delhi
bcc2aeb2-5f9f-4517-8161-cee384f9be6e,531,sanya.chhikara@doordash.com,Sanya Chhikara,admin,,2020-07-12 00:00:00,True,Delhi
66deaf8e-04ac-40f5-8ee2-7a8e5338e076,531,harvinder.rana@doordash.com,Harvinder Rana,limited_access,,2020-02-07 00:00:00,True,Delhi
63bb9251-94d8-4cae-9a4f-4b80352bdec0,531,sonali.chaudhary@doordash.com,Sonali Chaudhary,guest,,2020-06-11 00:00:00,True,Delhi
0d54b6f0-cb75-4826-9012-485d3a564dc7,531,rakesh.sethi@doordash.com,Rakesh Sethi,guest,,2020-02-20 00:00:00,True,Delhi
fac59030-0a53-4487-ba6b-33c0c7b3238c,531,rakhi.pande@doordash.com,Rakhi Pande,admin,,2020-07-28 00:00:00,True,Delhi
b23d755f-6344-4b38-bcdc-f8806f7eb62e,531,jitendra.wadhwa@doordash.com,Jitendra Wadhwa,admin,,2020-07-31 00:00:00,True,Delhi
4bac19ff-1fb2-4188-aa02-8b760d0cdccf,531,kriti.goenka@doordash.com,Kriti Goenka,member,,2020-10-17 00:00:00,True,Delhi
14256fcf-4e7f-45c0-b259-afcfd16e0e5c,531,aman.nagpal@doordash.com,Aman Nagpal,guest,,2020-01-10 00:00:00,True,Delhi
1c0ef6e0-6482-4f58-ae2b-808640f5a4d3,531,aaradhya.goswami@doordash.com,Aaradhya Goswami,admin,,2020-08-30 00:00:00,True,Delhi
19ea493f-ce2c-4b21-8ba3-348e2c437366,531,mayank.sahni@doordash.com,Mayank Sahni,member,,2020-08-22 00:00:00,True,Delhi
a6fd8546-8ae3-4a8c-8dd8-055d9c237403,531,samantha.soni@doordash.com,Samantha Soni,guest,,2020-05-05 00:00:00,True,Delhi
0226c1db-9839-4048-bf22-aeab049d3e3e,531,siddhanth.rastogi@doordash.com,Siddhanth Rastogi,limited_access,,2020-02-19 00:00:00,True,Delhi
2d618a68-d018-4be3-ac2a-819e6e56944a,531,simran.puri@doordash.com,Simran Puri,guest,,2020-08-18 00:00:00,True,Delhi
4ccbccf5-d28f-4f3e-8a68-a9bc54da1bfb,531,sharv.kadian@doordash.com,Sharv Kadian,member,,2020-08-14 00:00:00,True,Delhi
e0f84e55-26cb-4c6f-93ac-68f2c948ce70,531,neha.puri@doordash.com,Neha Puri,limited_access,,2020-06-26 00:00:00,True,Delhi
eb722903-2024-4ad8-bfb3-eb60d2aa2b5e,531,aakash.pande@doordash.com,Aakash Pande,member,,2020-01-08 00:00:00,True,Delhi
8a4e61b0-148b-4500-90c0-85d7a86f5646,531,aakriti.joshi@doordash.com,Aakriti Joshi,admin,,2020-03-18 00:00:00,True,Delhi
21296093-7af7-41f1-971d-d9433c1772c1,531,brijesh.nagpal@doordash.com,Brijesh Nagpal,guest,,2020-08-08 00:00:00,True,Delhi
986565e1-36d7-4803-ab22-cc83a701fc81,531,ankita.kohli@doordash.com,Ankita Kohli,member,,2020-08-08 00:00:00,True,Delhi
bdbc7203-b38b-4d36-93b0-643880173d99,531,harinder.chopra@doordash.com,Harinder Chopra,limited_access,,2020-06-01 00:00:00,True,Delhi
5eaf6675-2b94-4caf-87d3-fbd5294cbdd6,531,poonam.arora@doordash.com,Poonam Arora,guest,,2020-10-12 00:00:00,True,Delhi
6b1dea18-db59-441a-bde9-8e0236c28151,531,shivendra.jagga@doordash.com,Shivendra Jagga,admin,,2020-12-11 00:00:00,True,Delhi
ae910ffb-3680-461e-8a0e-fdff6168f76d,531,kumud.chhikara@doordash.com,Kumud Chhikara,member,,2020-10-06 00:00:00,True,Delhi
bc7ea048-10f1-46b3-8c0a-b3ca233d6a38,531,suman.khurana@doordash.com,Suman Khurana,member,,2020-10-16 00:00:00,True,Delhi
f21152e2-1223-4790-b585-bad00cc955d3,531,ananya.kushwaha@doordash.com,Ananya Kushwaha,limited_access,,2020-09-10 00:00:00,True,Delhi
a50704c3-5c6d-4879-9167-8a196399d867,531,ashutosh.mehrotra@doordash.com,Ashutosh Mehrotra,limited_access,,2020-07-22 00:00:00,True,Delhi
cfe52c87-2c4e-4dec-ba03-27c1a4c0af0c,531,sonali.tiwari@doordash.com,Sonali Tiwari,member,,2020-10-30 00:00:00,True,Delhi
49826073-05dc-4d69-b99b-2975ee62e558,531,shivendra.sarkar@doordash.com,Shivendra Sarkar,guest,,2020-10-20 00:00:00,True,Delhi
62fb69fa-62a2-4d88-8fe5-5c57016a8d4d,531,seema.rangra@doordash.com,Seema Rangra,guest,,2020-07-13 00:00:00,True,Delhi
c4912982-42a4-4e82-a525-4b2bc0f6b9bd,531,subhash.bhatt@doordash.com,Subhash Bhatt,admin,,2020-09-23 00:00:00,True,Delhi
a71ef2f8-4137-4d2c-a477-4bdbe2aa2ab9,531,sonal.kohli@doordash.com,Sonal Kohli,admin,,2020-05-08 00:00:00,True,Delhi
7b39b1e8-1030-42b1-af57-4d8ed6041720,531,inderjit.saini@doordash.com,Inderjit Saini,admin,,2020-04-09 00:00:00,True,Delhi
909bd533-a8d5-483a-bc83-cbaaf865e381,531,isha.vaid@doordash.com,Isha Vaid,admin,,2020-07-09 00:00:00,True,Delhi
e8d510a1-36ca-4981-baee-acb79c5cdab1,531,ashwin.hooda@doordash.com,Ashwin Hooda,member,,2020-02-20 00:00:00,True,Delhi
20ac436b-3fa6-4069-a7d1-b32c04010234,531,renu.kandpal@doordash.com,Renu Kandpal,member,,2020-10-15 00:00:00,True,Delhi
2d557d26-59f3-4f54-b2cf-ae9f1d1a9840,531,lalit.bhatt@doordash.com,Lalit Bhatt,limited_access,,2020-09-25 00:00:00,True,Delhi
e10f1597-bb5a-4b8b-b699-62155c267cf4,531,ujjwala.kumar1@doordash.com,Ujjwala Kumar,admin,,2020-01-05 00:00:00,True,Delhi
4064a472-2476-4d13-a2d2-ad353a7a735c,531,mukul.chand@doordash.com,Mukul Chand,guest,,2020-01-17 00:00:00,True,Delhi
0802921f-2b81-45aa-9616-8868b7a13d58,531,bhavna.arora@doordash.com,Bhavna Arora,guest,,2020-10-17 00:00:00,True,Delhi
667f4556-1ca8-45a8-b3a9-6e6ce5c61909,531,ashish.arora@doordash.com,Ashish Arora,admin,,2020-06-13 00:00:00,True,Delhi
b982090c-6a0f-4cc8-b2bf-c69a7ab0a107,531,bhavya.singh@doordash.com,Bhavya Singh,limited_access,,2020-11-10 00:00:00,True,Delhi
13e4c1bc-9cc5-4bf1-b2da-7de9a192fce1,531,atul.chadha@doordash.com,Atul Chadha,admin,,2020-04-28 00:00:00,True,Delhi
f542ae91-1a34-4c42-a242-7df0ae9f5a44,531,trisha.chandel@doordash.com,Trisha Chandel,admin,,2020-11-07 00:00:00,True,Delhi
e4631cde-c12e-4452-9b8d-467ff060ea6d,531,rajiv.dhawan@doordash.com,Rajiv Dhawan,limited_access,,2020-01-04 00:00:00,True,Delhi
1d145fd3-992c-4396-9b40-8db95b49f434,531,durga.gahlot@doordash.com,Durga Gahlot,admin,,2020-03-24 00:00:00,True,Delhi
ceb331af-da96-4893-9f6c-d4fa34508cc7,531,akhil.bhagat@doordash.com,Akhil Bhagat,admin,,2020-11-20 00:00:00,True,Delhi
0d4b7f07-2601-4a23-be09-155982f29861,531,ishita.singla@doordash.com,Ishita Singla,limited_access,,2020-08-06 00:00:00,True,Delhi
01d46ba9-e220-48a7-ae37-fb879f8e2128,531,bishal.agarwal@doordash.com,Bishal Agarwal,member,,2020-11-09 00:00:00,True,Delhi
93ca68b9-1662-4904-a26c-efdf820b7a9d,531,vaidehi.kumar@doordash.com,Vaidehi Kumar,member,,2020-11-29 00:00:00,True,Delhi
5b040588-6163-4cef-9572-6cabb0514b5e,531,jatin.sodhi@doordash.com,Jatin Sodhi,member,,2020-06-28 00:00:00,True,Delhi
95465f36-d3cf-4522-b0d5-2dd6114174ae,531,urmila.kashyap@doordash.com,Urmila Kashyap,admin,,2020-05-25 00:00:00,True,Delhi
74e237c7-65d8-4f08-821c-a0f7f34b6250,531,aarav.bisht@doordash.com,Aarav Bisht,admin,,2020-07-24 00:00:00,True,Delhi
8969b821-bc85-4731-afd7-1d8bccf69eef,531,chandni.bansal@doordash.com,Chandni Bansal,admin,,2020-08-30 00:00:00,True,Delhi
c2a62579-8c3d-45d5-83aa-dd08107bac0b,531,karan.sarin@doordash.com,Karan Sarin,limited_access,,2020-06-19 00:00:00,True,Delhi
0796c4c0-9041-4f8e-ac5c-a3fa84d5314e,531,nandini.bagga@doordash.com,Nandini Bagga,limited_access,,2020-07-16 00:00:00,True,Delhi
94401b4f-2663-4c8b-a4f5-eb9c3112b903,531,yash.chauhan@doordash.com,Yash Chauhan,member,,2020-06-09 00:00:00,True,Delhi
f2d4b7c9-6c46-4fff-97de-05b79e344e61,531,akanksha.monga@doordash.com,Akanksha Monga,guest,,2020-07-20 00:00:00,True,Delhi
01eba391-e1ab-4e4c-93b9-ea000b5dd85c,531,jai.shukla@doordash.com,Jai Shukla,guest,,2020-09-03 00:00:00,True,Delhi
39212588-77a2-41a5-b53f-d565fe635f7c,531,charul.tanwar@doordash.com,Charul Tanwar,guest,,2020-11-14 00:00:00,True,Delhi
366b0036-352f-4545-bd9c-00c5821470c5,531,abhinav.gahlot@doordash.com,Abhinav Gahlot,admin,,2020-08-12 00:00:00,True,Delhi
a61f733b-6c35-4b64-9d83-71f87d21294a,531,ravina.bhagat@doordash.com,Ravina Bhagat,limited_access,,2020-11-01 00:00:00,True,Delhi
5dcc4f93-74af-4e5a-b8a5-f39a336d1458,531,arvind.nand@doordash.com,Arvind Nand,member,,2020-09-06 00:00:00,True,Delhi
59225326-0369-428d-a6df-422a7e1a9505,531,bhavana.ranjan@doordash.com,Bhavana Ranjan,limited_access,,2020-11-23 00:00:00,True,Delhi
f347c52c-221d-4a67-bd96-a30084d86820,531,ansh.chaudhary@doordash.com,Ansh Chaudhary,member,,2020-03-25 00:00:00,True,Delhi
9e892f14-876d-4688-9a02-6eff752a5ce7,531,shruti.kushwaha@doordash.com,Shruti Kushwaha,member,,2020-02-19 00:00:00,True,Delhi
9cded59a-ecda-468f-b916-d41d88fde306,531,raghavendra.chadha@doordash.com,Raghavendra Chadha,guest,,2020-05-22 00:00:00,True,Delhi
7e835735-e355-42c0-a978-2b860d8f3444,531,charul.goswami@doordash.com,Charul Goswami,member,,2020-01-06 00:00:00,True,Delhi
1a95eaab-30d1-4ce4-9239-47a41b9d578a,531,jitesh.hooda@doordash.com,Jitesh Hooda,member,,2020-07-16 00:00:00,True,Delhi
3896d3d8-483d-46c0-a7ae-6145c8ed7735,531,ruchi.bhagat@doordash.com,Ruchi Bhagat,admin,,2020-05-27 00:00:00,True,Delhi
98e8cc35-67f7-48c6-b533-7677896869f6,531,nilesh.rana@doordash.com,Nilesh Rana,member,,2020-02-27 00:00:00,True,Delhi
54ef156a-2173-44c6-8702-9d2aaec88fd6,531,geetika.dhawan@doordash.com,Geetika Dhawan,admin,,2020-01-28 00:00:00,True,Delhi
662bc1f6-b8ac-4b27-b8ab-c0069170bcf8,531,surendra.narang@doordash.com,Surendra Narang,limited_access,,2020-04-08 00:00:00,True,Delhi
66bc4fbe-3ae4-4d98-8045-48a268598bcd,531,anamika.pande@doordash.com,Anamika Pande,admin,,2020-04-18 00:00:00,True,Delhi
58ca1e52-c9ea-49c8-a502-24fa24d864cc,531,aakash.bajwa@doordash.com,Aakash Bajwa,limited_access,,2020-08-02 00:00:00,True,Delhi
049fb92a-e06f-422c-bbd8-4a57f930d317,531,sangeeta.tiwari@doordash.com,Sangeeta Tiwari,admin,,2020-12-15 00:00:00,True,Delhi
167fac57-197e-4e11-bb00-847e065c5e78,531,sudhanshu.narang@doordash.com,Sudhanshu Narang,admin,,2020-11-09 00:00:00,True,Delhi
77f2fd03-27ce-4045-b232-2a9174673ff1,531,rekha.goel@doordash.com,Rekha Goel,member,,2020-02-07 00:00:00,True,Delhi
d8ebeafa-212c-4636-9f01-02bff29958d2,531,rajendra.bhatia@doordash.com,Rajendra Bhatia,guest,,2020-05-06 00:00:00,True,Delhi
d84eaac1-8102-4588-8f29-fe54065da2e0,531,ananya.gulati@doordash.com,Ananya Gulati,member,,2020-03-31 00:00:00,True,Delhi
c8106acb-376d-408a-ba63-726428716677,531,ishwar.kapur@doordash.com,Ishwar Kapur,admin,,2020-05-12 00:00:00,True,Delhi
df6389c3-ff37-4e07-9e07-6ad890ee8343,531,sonia.nagpal@doordash.com,Sonia Nagpal,limited_access,,2020-01-28 00:00:00,True,Delhi
b857f9f1-863c-493c-a5bf-bdd8a6241df4,531,sharv.ranjan@doordash.com,Sharv Ranjan,member,,2020-08-24 00:00:00,True,Delhi
58faf960-13aa-4a18-877a-318696a265a9,531,pragya.rohilla@doordash.com,Pragya Rohilla,admin,,2020-04-11 00:00:00,True,Delhi
6174becd-95a1-4c47-afd3-6b8729bcaa67,531,dev.arora@doordash.com,Dev Arora,member,,2020-10-27 00:00:00,True,Delhi
a3c74c7a-4b72-4c0a-a2c3-03516a8cb2a1,531,monika.jain@doordash.com,Monika Jain,admin,,2020-11-08 00:00:00,True,Delhi
1749c1df-b3b7-44a6-bf8b-3adfd4ac8b4a,531,yash.kohli@doordash.com,Yash Kohli,guest,,2020-02-23 00:00:00,True,Delhi
cfee9bab-7e68-4914-b8fb-f0092c937d50,531,deeksha.panchal@doordash.com,Deeksha Panchal,guest,,2020-10-13 00:00:00,True,Delhi
ef3105eb-9d44-4887-99ab-3c2522a3349f,531,puneet.chhikara@doordash.com,Puneet Chhikara,member,,2020-02-23 00:00:00,True,Delhi
d00d1f59-6e8a-4a06-87a1-b1949d8ca8f1,531,isha.chandna@doordash.com,Isha Chandna,guest,,2020-03-06 00:00:00,True,Delhi
171bde51-3129-4555-844a-2f5d3efd39d3,531,gaurav.kumawat@doordash.com,Gaurav Kumawat,limited_access,,2020-11-17 00:00:00,True,Delhi
6a32273c-1188-48ef-ae47-d2565c67087c,531,kavita.mahajan@doordash.com,Kavita Mahajan,limited_access,,2020-12-19 00:00:00,True,Delhi
0fd2a900-70d2-49a2-b7bd-ef803bc8ddd1,531,shivansh.agarwal@doordash.com,Shivansh Agarwal,limited_access,,2020-03-27 00:00:00,True,Delhi
af8f6811-d755-44db-be24-e528c4bb4084,531,hema.bhardwaj@doordash.com,Hema Bhardwaj,admin,,2020-05-06 00:00:00,True,Delhi
c6fc742d-bb5e-4649-a461-e582baf82766,531,raghu.sundara@doordash.com,Raghu Sundara,guest,,2020-07-13 00:00:00,True,Tamil Nadu
ece4422a-499f-42a3-9e9e-68bb9ca17922,531,rajani.rasathi@doordash.com,Rajani Rasathi,guest,,2020-06-19 00:00:00,True,Tamil Nadu
4eb54595-28c7-411e-88d8-aabaf53c3bc6,531,suryakumar.ganapathiraj@doordash.com,Suryakumar Ganapathiraj,limited_access,,2020-08-03 00:00:00,True,Tamil Nadu
7207a995-9d48-4963-9207-c15e5654418b,531,suhasini.varadarajan@doordash.com,Suhasini Varadarajan,admin,,2020-05-08 00:00:00,True,Tamil Nadu
fcdd59cc-bbba-42e3-aff7-0aae8329e25d,531,yashvanth.ganapathy@doordash.com,Yashvanth Ganapathy,limited_access,,2020-06-27 00:00:00,True,Tamil Nadu
6b568af5-146c-459c-8649-6d2fedc716e6,531,chitradevi.alagammal@doordash.com,Chitradevi Alagammal,limited_access,,2020-03-23 00:00:00,True,Tamil Nadu
e01acda3-35f9-4bd6-a571-4dbc08cede8a,531,sankaran.muthupandi@doordash.com,Sankaran Muthupandi,limited_access,,2020-07-14 00:00:00,True,Tamil Nadu
0b4f5b42-f218-43c8-ac68-e19cda7ee785,531,azhagi.sudarani@doordash.com,Azhagi Sudarani,guest,,2020-05-17 00:00:00,True,Tamil Nadu
2d8f1230-2dd4-442a-9e14-a6c9152ff2d3,531,thirumalai.ramesh@doordash.com,Thirumalai Ramesh,member,,2020-06-11 00:00:00,True,Tamil Nadu
8094661c-b1d9-4d3f-9956-5ca50ec82933,531,chandramukhi.eswari@doordash.com,Chandramukhi Eswari,guest,,2020-07-11 00:00:00,True,Tamil Nadu
5c130cfa-6d30-48e2-b0d5-09baeef1b3f6,531,naga.ramesh@doordash.com,Naga Ramesh,admin,,2020-04-07 00:00:00,True,Tamil Nadu
031a3dbe-f4da-4aa6-942d-cb5aa50a60bc,531,dharini.devarajani@doordash.com,Dharini Devarajani,limited_access,,2020-01-20 00:00:00,True,Tamil Nadu
58ef3e37-dbf2-44f2-b463-b9c84ad978a7,531,raghuraman.vijayakumar@doordash.com,Raghuraman Vijayakumar,admin,,2020-09-18 00:00:00,True,Tamil Nadu
508ea81f-8804-498b-95e3-5635619403a7,531,nandini.sundarapandi@doordash.com,Nandini Sundarapandi,limited_access,,2020-10-17 00:00:00,True,Tamil Nadu
16c5efa3-3ec3-4edf-be59-b95a8bc3c068,531,muthusamy.baskar@doordash.com,Muthusamy Baskar,guest,,2020-12-06 00:00:00,True,Tamil Nadu
2482f2bc-d7af-44bb-b81d-83e459a7a209,531,pavani.subramanyam@doordash.com,Pavani Subramanyam,member,,2020-03-12 00:00:00,True,Tamil Nadu
a0fcb338-7dda-4a36-b9de-3a8c6354d823,531,govind.thayalan@doordash.com,Govind Thayalan,admin,,2020-09-09 00:00:00,True,Tamil Nadu
69818db6-eb6f-4a62-a8e6-f2a0ef81bc8a,531,vasundra.geethalakshmi@doordash.com,Vasundra Geethalakshmi,member,,2020-09-21 00:00:00,True,Tamil Nadu
fac5f504-7982-4fad-be0d-6df182468fd7,531,yashvanth.kartik@doordash.com,Yashvanth Kartik,guest,,2020-02-24 00:00:00,True,Tamil Nadu
9bd2c60e-3070-4ce9-8e10-84f224dcc56b,531,poomalai.muthulakshmi@doordash.com,Poomalai Muthulakshmi,admin,,2020-02-26 00:00:00,True,Tamil Nadu
c072d77c-5311-4882-96ec-867e4fb3f3a5,531,arul.yoganesh@doordash.com,Arul Yoganesh,guest,,2020-07-09 00:00:00,True,Tamil Nadu
585b70fa-a671-450c-8ae2-eefcb7e8b87a,531,bhuvneshwari.rajamanikam@doordash.com,Bhuvneshwari Rajamanikam,admin,,2020-12-17 00:00:00,True,Tamil Nadu
d33090d5-7b4d-485a-9b17-019776fac841,531,nandhan.suresh@doordash.com,Nandhan Suresh,guest,,2020-01-31 00:00:00,True,Tamil Nadu
4aacb8c0-dc16-4ef4-9f31-8e987d91f4e3,531,chandrakala.devarajani@doordash.com,Chandrakala Devarajani,member,,2020-04-29 00:00:00,True,Tamil Nadu
d86d2b38-254c-41d8-b75f-0a8f20a663c4,531,karthikeyan.achuthapandiyan@doordash.com,Karthikeyan Achuthapandiyan,limited_access,,2020-03-06 00:00:00,True,Tamil Nadu
399e0be1-cda2-4adc-bce3-7ab3f19f9134,531,dayanidhi.thulasi@doordash.com,Dayanidhi Thulasi,limited_access,,2020-07-04 00:00:00,True,Tamil Nadu
6a9ff24f-9bf4-49e2-ad11-527a07b9e9f9,531,arunkumar.lakshmanan@doordash.com,Arunkumar Lakshmanan,limited_access,,2020-10-17 00:00:00,True,Tamil Nadu
61ca9eb6-29b4-4bad-91bb-9b5d0d66d164,531,tamilarasi.vanniyar@doordash.com,Tamilarasi Vanniyar,admin,,2020-10-31 00:00:00,True,Tamil Nadu
73a59f4b-ffd7-4458-8418-e9d748fe8ee8,531,vinay.vasanthan@doordash.com,Vinay Vasanthan,limited_access,,2020-11-13 00:00:00,True,Tamil Nadu
56d91e75-238f-4263-afba-c9ffdc18a8d2,531,uthara.ravinthra@doordash.com,Uthara Ravinthra,limited_access,,2020-02-13 00:00:00,True,Tamil Nadu
4a8508b1-99a3-4da2-8aa3-c5b66dd863b9,531,venkatraman.chandrasekar@doordash.com,Venkatraman Chandrasekar,limited_access,,2020-04-11 00:00:00,True,Tamil Nadu
76b9ada6-de4d-4658-a67e-0293059d5384,531,vasundhra.chandramathi@doordash.com,Vasundhra Chandramathi,guest,,2020-09-20 00:00:00,True,Tamil Nadu
5b23830e-ce62-4bad-ba26-c7215c49da5a,531,ganapathiraj.manohar@doordash.com,Ganapathiraj Manohar,limited_access,,2020-06-26 00:00:00,True,Tamil Nadu
84c2fa10-b050-498c-87eb-d0297b86a70c,531,madhuravani.arpudhamani@doordash.com,Madhuravani Arpudhamani,limited_access,,2020-12-03 00:00:00,True,Tamil Nadu
5df92f52-88b2-4541-84fa-4fe2076b4ec2,531,velmurugan.raghupathi@doordash.com,Velmurugan Raghupathi,guest,,2020-02-06 00:00:00,True,Tamil Nadu
98467634-b366-4ab3-b912-4cc68e4b07d5,531,adivi.sundari@doordash.com,Adivi Sundari,guest,,2020-06-13 00:00:00,True,Tamil Nadu
061f16ec-ce7c-4fe5-ab06-ca6abce3af4a,531,vasanth.ravindra@doordash.com,Vasanth Ravindra,member,,2020-06-29 00:00:00,True,Tamil Nadu
4ad63d0e-a2a9-4896-8950-dcb87ae4f6e7,531,uma.ramasundari@doordash.com,Uma Ramasundari,member,,2020-12-27 00:00:00,True,Tamil Nadu
511ea9f1-c4f4-46d8-b5ce-97be0bbd99d8,531,vinayak.manohar@doordash.com,Vinayak Manohar,limited_access,,2020-01-11 00:00:00,True,Tamil Nadu
d761b87e-07b7-46bc-8764-33c36c8fca03,531,saranya.azhagi@doordash.com,Saranya Azhagi,member,,2020-07-26 00:00:00,True,Tamil Nadu
3cd2de18-bc4e-4643-a8ea-c7b01881b0ea,531,yashvanth.arunachalam@doordash.com,Yashvanth Arunachalam,guest,,2020-11-01 00:00:00,True,Tamil Nadu
175135d7-6324-4309-ae78-140ca781e0c4,531,rukmini.sarojini@doordash.com,Rukmini Sarojini,limited_access,,2020-02-16 00:00:00,True,Tamil Nadu
c8ad7524-ad04-48b8-b3ca-34ed0992b18e,531,bharani.vasudev@doordash.com,Bharani Vasudev,admin,,2020-11-10 00:00:00,True,Tamil Nadu
91dac6d9-8a27-434e-8a66-e220f0880a3d,531,sundararani.rajamani@doordash.com,Sundararani Rajamani,limited_access,,2020-12-21 00:00:00,True,Tamil Nadu
fa0d15a0-cb35-4266-8f4e-7f9866d651e6,531,ramesh.rajendran@doordash.com,Ramesh Rajendran,member,,2020-06-21 00:00:00,True,Tamil Nadu
9a531bce-8c50-4bec-881a-5803997e6d21,531,saraswati.sivaprakasam@doordash.com,Saraswati Sivaprakasam,guest,,2020-08-02 00:00:00,True,Tamil Nadu
3dc754b9-71ea-4421-86ac-1f53b8f69e3b,531,bharani.raghupathi@doordash.com,Bharani Raghupathi,guest,,2020-10-23 00:00:00,True,Tamil Nadu
b36f2a37-9213-447a-a471-d55b885bb829,531,ramaa.sakuntala@doordash.com,Ramaa Sakuntala,guest,,2020-06-17 00:00:00,True,Tamil Nadu
acd0283b-f63e-45d2-aab5-68a6922dc740,531,thavapalan.sundaralingam@doordash.com,Thavapalan Sundaralingam,limited_access,,2020-11-07 00:00:00,True,Tamil Nadu
d82e5747-f92e-4be6-a788-48cc0b35ade3,531,harini.chidambaram@doordash.com,Harini Chidambaram,admin,,2020-02-10 00:00:00,True,Tamil Nadu
24b66a82-d7ae-4f4f-80d8-8f53c15548d0,531,niranjan.vijayakant@doordash.com,Niranjan Vijayakant,admin,,2020-03-27 00:00:00,True,Tamil Nadu
3dc91db2-b4f7-47ce-8b7d-54e596ffd5ad,531,geetha.sabarivalli@doordash.com,Geetha Sabarivalli,member,,2020-07-06 00:00:00,True,Tamil Nadu
3090cc36-4409-4fbf-b6ad-609877cc6be9,531,vishwaraj.jagannathan@doordash.com,Vishwaraj Jagannathan,member,,2020-01-13 00:00:00,True,Tamil Nadu
7a7fba17-2b9f-431a-9d6f-84b366d40f49,531,nila.srinivasa@doordash.com,Nila Srinivasa,member,,2020-06-08 00:00:00,True,Tamil Nadu
4e9bec88-60e0-45a5-9b45-af92bfc43c2b,531,balasubramanyam.sankar@doordash.com,Balasubramanyam Sankar,limited_access,,2020-06-09 00:00:00,True,Tamil Nadu
0799a24c-a285-42cf-a73d-5e315f164227,531,akila.vanniar@doordash.com,Akila Vanniar,admin,,2020-04-05 00:00:00,True,Tamil Nadu
14f84150-b930-4ee3-bf9a-5b6c33dfe431,531,vivek.sakthivel@doordash.com,Vivek Sakthivel,admin,,2020-09-09 00:00:00,True,Tamil Nadu
c8f454c7-4b4b-4049-b503-dddc07590933,531,kundhavi.sundari@doordash.com,Kundhavi Sundari,admin,,2020-01-27 00:00:00,True,Tamil Nadu
8faa84d3-15fa-4f42-bc5e-678e30d4537f,531,vishwaraj.sambath@doordash.com,Vishwaraj Sambath,admin,,2020-06-28 00:00:00,True,Tamil Nadu
364e10c2-3748-40a2-9f3c-a3a6acaee803,531,chithra.rasathi@doordash.com,Chithra Rasathi,admin,,2020-12-08 00:00:00,True,Tamil Nadu
8ed446ab-c291-426c-bfa1-4e7e170620c4,531,achuthan.kuppusamy@doordash.com,Achuthan Kuppusamy,limited_access,,2020-12-17 00:00:00,True,Tamil Nadu
ea40fe26-708c-458c-86f2-cf65384e6ea1,531,dharini.sivakami@doordash.com,Dharini Sivakami,limited_access,,2020-04-07 00:00:00,True,Tamil Nadu
bcfb441e-8b6b-4aa4-81fc-1bb798705e03,531,lakshman.sankaran@doordash.com,Lakshman Sankaran,admin,,2020-12-02 00:00:00,True,Tamil Nadu
619464b7-5d3f-4ad9-94cd-cd6dc72eef45,531,divyadharshini.usharani@doordash.com,Divyadharshini Usharani,admin,,2020-02-03 00:00:00,True,Tamil Nadu
a9c3e4cc-c6fa-437a-83ee-0ac4ffbb8f8e,531,kali.mahadevan@doordash.com,Kali Mahadevan,guest,,2020-05-01 00:00:00,True,Tamil Nadu
659fb838-2eb0-4353-99ed-c6531b440345,531,narmada.ravivarma@doordash.com,Narmada Ravivarma,guest,,2020-05-27 00:00:00,True,Tamil Nadu
0d9d99ac-86d7-4e50-aa3b-3c825b512855,531,sujay.brahman@doordash.com,Sujay Brahman,limited_access,,2020-03-17 00:00:00,True,Tamil Nadu
9375d976-46af-4e29-a528-bdc578b6f6d2,531,neelam.venkateshwari@doordash.com,Neelam Venkateshwari,member,,2020-07-08 00:00:00,True,Tamil Nadu
71c1c7fc-e4cb-4623-bd82-a14358b2330f,531,balasubramanian.dhinesh@doordash.com,Balasubramanian Dhinesh,limited_access,,2020-12-06 00:00:00,True,Tamil Nadu
13153dc2-84f5-4ec7-bd01-6351fc1bc0e3,531,vijaya.ravinthra@doordash.com,Vijaya Ravinthra,member,,2020-06-30 00:00:00,True,Tamil Nadu
8f8687dd-1a4d-44e1-80ba-1479a714bb44,531,yashvanth.periyasamy@doordash.com,Yashvanth Periyasamy,limited_access,,2020-04-29 00:00:00,True,Tamil Nadu
e261b3f3-19b8-416f-99c2-f3be753e967e,531,kundhavi.arpudhamani@doordash.com,Kundhavi Arpudhamani,admin,,2020-12-14 00:00:00,True,Tamil Nadu
d2b98eb2-74f9-4cef-8de5-8d07d867541d,531,jayachandran.sundaramurthy@doordash.com,Jayachandran Sundaramurthy,admin,,2020-12-06 00:00:00,True,Tamil Nadu
68e28998-e145-4d45-9f0d-12587f423025,531,thiripura.vikramavathi@doordash.com,Thiripura Vikramavathi,admin,,2020-02-20 00:00:00,True,Tamil Nadu
5dc7c1a2-969b-4983-9e49-431fb9ba4a12,531,yuvan.vikram@doordash.com,Yuvan Vikram,guest,,2020-09-14 00:00:00,True,Tamil Nadu
0f50885a-a5c7-4c67-956b-e90f2a90b441,531,divyadharshini.karpagamani@doordash.com,Divyadharshini Karpagamani,admin,,2020-02-15 00:00:00,True,Tamil Nadu
3a641dcc-816d-4dd5-aea6-550a627bce31,531,vishwaraj.prakash@doordash.com,Vishwaraj Prakash,admin,,2020-06-21 00:00:00,True,Tamil Nadu
88efa8ab-2a10-4152-a6c9-5aae39cb2ba7,531,kajal.lakshmikutty@doordash.com,Kajal Lakshmikutty,guest,,2020-11-12 00:00:00,True,Tamil Nadu
c2b52df7-4373-4475-b72a-d4c405b59c89,531,vivek.chandrashekhar@doordash.com,Vivek Chandrashekhar,member,,2020-09-07 00:00:00,True,Tamil Nadu
b5c5c00f-cc7a-4d11-9291-1219de80334c,531,hema.kanakammal@doordash.com,Hema Kanakammal,guest,,2020-08-13 00:00:00,True,Tamil Nadu
f8d2e18f-bbcc-4cec-b9c9-5110d153b710,531,azhagan.baskar@doordash.com,Azhagan Baskar,guest,,2020-02-22 00:00:00,True,Tamil Nadu
d8e4341d-49fb-4246-aee6-8b64150c06b3,531,veda.sakuntala@doordash.com,Veda Sakuntala,admin,,2020-12-12 00:00:00,True,Tamil Nadu
c8694cf7-4eaf-45ef-8a40-a1982e40f273,531,lakshman.manickam@doordash.com,Lakshman Manickam,limited_access,,2020-12-02 00:00:00,True,Tamil Nadu
f97a63bc-8fb8-4161-ab7c-2e4b32def060,531,priya.vishalakshi@doordash.com,Priya Vishalakshi,guest,,2020-12-07 00:00:00,True,Tamil Nadu
4378a40a-ac27-4e73-b299-b88a5c616110,531,rathinavel.dharmarajan@doordash.com,Rathinavel Dharmarajan,guest,,2020-11-10 00:00:00,True,Tamil Nadu
02d69f40-f0c3-482b-905d-2c5ed9b95c0c,531,kaveri.thirupavani@doordash.com,Kaveri Thirupavani,admin,,2020-09-06 00:00:00,True,Tamil Nadu
b6a75589-3999-48c4-86c3-0b9252111520,531,senthilkumar.tharv@doordash.com,Senthilkumar Tharv,limited_access,,2020-07-15 00:00:00,True,Tamil Nadu
a7f9785d-1d1a-4b03-b18c-ad46ec804e46,531,vimala.ravichandran@doordash.com,Vimala Ravichandran,guest,,2020-07-26 00:00:00,True,Tamil Nadu
ca426095-a7b9-49f6-a507-27339792fc36,531,dinesh.natarajan@doordash.com,Dinesh Natarajan,admin,,2020-03-22 00:00:00,True,Tamil Nadu
6279ae7b-f81b-4154-bfeb-e390e896fb05,531,akshara.geethashree@doordash.com,Akshara Geethashree,guest,,2020-06-05 00:00:00,True,Tamil Nadu
a4339d10-dc08-47b1-ab42-04702da51c76,531,muthuraman.periyasamy@doordash.com,Muthuraman Periyasamy,limited_access,,2020-09-05 00:00:00,True,Tamil Nadu
2db493e0-281c-4dd9-a20f-2e041f429860,531,gayathri.sitharaman@doordash.com,Gayathri Sitharaman,admin,,2020-10-05 00:00:00,True,Tamil Nadu
8c53497e-4c84-4bdb-b39b-bc548671fb60,531,kumaraswamy.yogeshwaran@doordash.com,Kumaraswamy Yogeshwaran,limited_access,,2020-11-15 00:00:00,True,Tamil Nadu
5e828dfd-29c0-406d-8a41-a27e0dd2fc6c,531,kavya.indumathi@doordash.com,Kavya Indumathi,admin,,2020-11-16 00:00:00,True,Tamil Nadu
5a1dc85f-9c6a-46e8-83ef-16da5dde5046,531,vetrivel.nandhan@doordash.com,Vetrivel Nandhan,admin,,2020-09-16 00:00:00,True,Tamil Nadu
1b1e0419-a2ba-4b6f-b03b-5abf69d20d83,531,vimala.shyama@doordash.com,Vimala Shyama,limited_access,,2020-10-19 00:00:00,True,Tamil Nadu
df48d4b1-3c30-477b-8f39-b3d905211945,531,yuvan.venkataraman@doordash.com,Yuvan Venkataraman,admin,,2020-07-29 00:00:00,True,Tamil Nadu
21d44ff0-a47a-49c3-a83f-0a2a4b03f490,531,arpita.vaidehi@doordash.com,Arpita Vaidehi,member,,2020-11-16 00:00:00,True,Tamil Nadu
87879a4c-6f08-46aa-9437-a37ee2ecf983,531,ganesh.aiyer@doordash.com,Ganesh Aiyer,member,,2020-11-16 00:00:00,True,Tamil Nadu
d87ec9cb-a149-411e-987d-81cdf888eb11,531,sudhamani.balarani@doordash.com,Sudhamani Balarani,limited_access,,2020-05-18 00:00:00,True,Tamil Nadu
2fc8386c-4281-40ff-bb85-881f4534cf30,531,ravi.kali@doordash.com,Ravi Kali,member,,2020-09-28 00:00:00,True,Tamil Nadu
54e9bc42-c736-4b41-b5a3-d4542aff862a,531,shashvathi.sathyavathi@doordash.com,Shashvathi Sathyavathi,guest,,2020-07-03 00:00:00,True,Tamil Nadu
ba3fb120-c7f6-4f57-8879-23935b4dc13d,531,kothandaraman.sivasamy@doordash.com,Kothandaraman Sivasamy,guest,,2020-08-21 00:00:00,True,Tamil Nadu
509224ec-aa1d-404c-86b4-5001aa6abb97,531,jeevitha.chandramukhi@doordash.com,Jeevitha Chandramukhi,guest,,2020-09-15 00:00:00,True,Tamil Nadu
974b879d-9a21-4ebb-b1be-04437efaa2a3,531,balakrishnan.suresh@doordash.com,Balakrishnan Suresh,member,,2020-09-21 00:00:00,True,Tamil Nadu
d09f35df-a71d-4869-96e5-21767f0785e9,531,parvathi.chellamma@doordash.com,Parvathi Chellamma,guest,,2020-03-26 00:00:00,True,Tamil Nadu
84e9824d-3ba2-4136-9d8e-0da968493057,531,karthik.venkataraman@doordash.com,Karthik Venkataraman,guest,,2020-08-11 00:00:00,True,Tamil Nadu
ffde6ea5-8dfa-4a8a-a1cf-b62894c49638,531,kajal.manimekalai@doordash.com,Kajal Manimekalai,guest,,2020-11-22 00:00:00,True,Tamil Nadu
1508adfe-d0c5-443c-94f4-3ccb723ea99a,531,ganeshan.tharun@doordash.com,Ganeshan Tharun,member,,2020-03-18 00:00:00,True,Tamil Nadu
c24dff10-ff0f-4ab4-b6d1-09cf5033c426,531,keerthana.sundarapandi@doordash.com,Keerthana Sundarapandi,guest,,2020-02-19 00:00:00,True,Tamil Nadu
5f5d0d7c-8af7-4d18-88da-87b60487c996,531,nithyanand.shivakumar@doordash.com,Nithyanand Shivakumar,limited_access,,2020-06-06 00:00:00,True,Tamil Nadu
2f89c4e1-c418-46ed-8b6d-ef77713931d3,531,ravi.kalyanika@doordash.com,Ravi Kalyanika,guest,,2020-02-19 00:00:00,True,Tamil Nadu
25c6aa92-647c-487a-bcd9-4c909eb1c0a8,531,rajakumar.manoharan@doordash.com,Rajakumar Manoharan,guest,,2020-07-25 00:00:00,True,Tamil Nadu
2c676ff5-8baf-42db-962d-efdb34d4fd9d,531,sumangali.bhavani@doordash.com,Sumangali Bhavani,member,,2020-11-22 00:00:00,True,Tamil Nadu
6dacca29-1fb5-47a9-b577-d5dec3c7347b,531,vikraman.devakumar@doordash.com,Vikraman Devakumar,member,,2020-12-25 00:00:00,True,Tamil Nadu
dc03ac1e-055f-47ab-8363-eb8331f485ee,531,bhavani.bhanumathi@doordash.com,Bhavani Bhanumathi,admin,,2020-12-07 00:00:00,True,Tamil Nadu
8436ac5f-b880-4f26-ac2e-b8c0f7b4a289,531,balaraman.muthuraj@doordash.com,Balaraman Muthuraj,admin,,2020-07-28 00:00:00,True,Tamil Nadu
bdcd3eeb-e9aa-4fbc-a42b-b8c6e80caeaa,531,sudhamani.sabarivalli@doordash.com,Sudhamani Sabarivalli,guest,,2020-11-20 00:00:00,True,Tamil Nadu
03d01314-ad13-4fbb-9e5c-5ee47c2f51eb,531,thirumalai.kannan@doordash.com,Thirumalai Kannan,admin,,2020-01-12 00:00:00,True,Tamil Nadu
38dfec37-d4d9-4a8e-86b5-cf85a7698105,531,valli.sivaprakasam@doordash.com,Valli Sivaprakasam,admin,,2020-08-18 00:00:00,True,Tamil Nadu
e3864c31-624c-4672-8c70-3c36fbaa53a0,531,naveen.vasanthi@doordash.com,Naveen Vasanthi,limited_access,,2020-06-16 00:00:00,True,Tamil Nadu
a1ac0867-02f3-4d3f-83ab-f01c5543b6ca,531,durga.thirupavani@doordash.com,Durga Thirupavani,member,,2020-09-14 00:00:00,True,Tamil Nadu
8005823a-a1a6-49b9-aabb-19c8a7e82ffa,531,kandhan.sundara@doordash.com,Kandhan Sundara,guest,,2020-02-17 00:00:00,True,Tamil Nadu
9803727c-92da-487b-a401-c21bb37eeaee,531,durga.thirupavani1@doordash.com,Durga Thirupavani,member,,2020-02-21 00:00:00,True,Tamil Nadu
3be875b7-dae8-4bfa-8af6-122c3993e20e,531,ramesh.kari@doordash.com,Ramesh Kari,admin,,2020-10-07 00:00:00,True,Tamil Nadu
9705314a-b0f9-4dd6-a455-2d7a3a928c7b,531,sangeetha.kavitha@doordash.com,Sangeetha Kavitha,admin,,2020-02-17 00:00:00,True,Tamil Nadu
02f16b7b-ca84-40f2-b2b6-e5dafef75c05,531,vijayendra.durai@doordash.com,Vijayendra Durai,guest,,2020-11-01 00:00:00,True,Tamil Nadu
365b5be0-a675-434e-89e1-3df0bcbd546a,531,akhila.karpagam@doordash.com,Akhila Karpagam,member,,2020-06-06 00:00:00,True,Tamil Nadu
7b6eaec5-7f8e-475f-8874-a1f58d43582d,531,vinay.dhinesh@doordash.com,Vinay Dhinesh,guest,,2020-03-05 00:00:00,True,Tamil Nadu
157e1dc4-ae93-4932-b7ab-ea14dbc1cca6,531,kalyani.manju@doordash.com,Kalyani Manju,limited_access,,2020-06-30 00:00:00,True,Tamil Nadu
8ee32d8d-335b-4170-982f-c7c1c2d8b3bb,531,aarav.vishal@doordash.com,Aarav Vishal,guest,,2020-05-18 00:00:00,True,Tamil Nadu
a5fc5c7d-fe14-4cf4-bad4-b997f59c07bd,531,nila.vaidehi@doordash.com,Nila Vaidehi,guest,,2020-05-23 00:00:00,True,Tamil Nadu
c0dbce83-728c-4a9d-92cb-981bc7351de9,531,ganapathy.vijayan@doordash.com,Ganapathy Vijayan,admin,,2020-04-02 00:00:00,True,Tamil Nadu
d28ed84d-bc4f-470c-b778-11ddb0cc9406,531,padma.sivarasani@doordash.com,Padma Sivarasani,guest,,2020-01-29 00:00:00,True,Tamil Nadu
eb7b4e80-06be-4bc9-9f81-954cd5b6275b,531,ilanthirayan.sundaramurthy@doordash.com,Ilanthirayan Sundaramurthy,guest,,2020-07-03 00:00:00,True,Tamil Nadu
c1bce12c-f900-4e4e-874d-8253a91b8299,531,sujatha.vishalakshi@doordash.com,Sujatha Vishalakshi,admin,,2020-02-21 00:00:00,True,Tamil Nadu
caf0a2bd-e554-4ead-a725-975dae762a98,531,srirangan.venkataraman@doordash.com,Srirangan Venkataraman,limited_access,,2020-08-22 00:00:00,True,Tamil Nadu
c949cfae-abb7-415f-825e-9e207e8ca52a,531,pavani.shanthi@doordash.com,Pavani Shanthi,member,,2020-08-18 00:00:00,True,Tamil Nadu
6b99c001-1945-41df-b22e-2623f0c85cd1,531,seetharaman.baskar@doordash.com,Seetharaman Baskar,member,,2020-12-02 00:00:00,True,Tamil Nadu
b8b64a4a-f166-4ce1-ad9d-9d57d6990244,531,keerthana.rajeswari@doordash.com,Keerthana Rajeswari,admin,,2020-06-19 00:00:00,True,Tamil Nadu
e2fe0f50-600f-41a7-b8c9-bd9e6d8b5d32,531,lakshmanan.ayappan@doordash.com,Lakshmanan Ayappan,guest,,2020-07-08 00:00:00,True,Tamil Nadu
e47d254e-9231-4e3c-856d-ab794b915cc5,531,kalpana.kalyanavalli@doordash.com,Kalpana Kalyanavalli,member,,2020-04-06 00:00:00,True,Tamil Nadu
2929a6f2-f338-4d53-a5dc-4267ebe9e7db,531,sathish.thavapalan@doordash.com,Sathish Thavapalan,limited_access,,2020-07-13 00:00:00,True,Tamil Nadu
c8d703b4-8268-4fc0-ae8c-46a902434c62,531,kanimozhi.kaviya@doordash.com,Kanimozhi Kaviya,guest,,2020-03-27 00:00:00,True,Tamil Nadu
f2a2f084-3935-4d05-9338-0906f86da0cc,531,vasudevan.baskaran@doordash.com,Vasudevan Baskaran,limited_access,,2020-07-02 00:00:00,True,Tamil Nadu
685f61ea-cc62-4370-800c-f1cb64b20b9c,531,akhila.nagarathnam@doordash.com,Akhila Nagarathnam,guest,,2020-05-16 00:00:00,True,Tamil Nadu
e7b11cbf-8218-408c-941d-adf793887fc2,531,balakrishnan.achuthan@doordash.com,Balakrishnan Achuthan,admin,,2020-03-13 00:00:00,True,Tamil Nadu
25f61165-f233-4613-b2f7-f7527a833fd5,531,thulasi.kavandhi@doordash.com,Thulasi Kavandhi,guest,,2020-02-21 00:00:00,True,Tamil Nadu
40845b98-ddc2-4129-b77e-39a6fbcdcdc7,531,ananthan.lakshminarayanan@doordash.com,Ananthan Lakshmi Narayanan,guest,,2020-07-25 00:00:00,True,Tamil Nadu
b86cb4b5-3229-42f3-bd15-0553d0f9b300,531,chitradevi.chidambaramani@doordash.com,Chitradevi Chidambaramani,guest,,2020-11-21 00:00:00,True,Tamil Nadu
aab6bb3d-e1ea-4f25-9145-1633413c4b2f,531,venu.sundaraman@doordash.com,Venu Sundaraman,limited_access,,2020-03-19 00:00:00,True,Tamil Nadu
e79a472f-7b2e-4683-88e4-a5635a0c985d,531,vanathi.lakshmi@doordash.com,Vanathi Lakshmi,admin,,2020-12-28 00:00:00,True,Tamil Nadu
4a3d2e3f-ce56-467d-9c52-8d1588c9876c,531,sundarajan.ravichandran@doordash.com,Sundarajan Ravichandran,member,,2020-09-17 00:00:00,True,Tamil Nadu
88ad0bfd-58d4-4009-9651-ba855987e001,531,vasundra.rajalakshmi@doordash.com,Vasundra Rajalakshmi,guest,,2020-03-30 00:00:00,True,Tamil Nadu
c8b037ad-9906-4de0-944f-c0bafa0ab2c2,531,muthuraj.venkataraman@doordash.com,Muthuraj Venkataraman,guest,,2020-02-16 00:00:00,True,Tamil Nadu
a8ae9615-9dee-4dd5-ac65-97ea7f4b8b84,531,vanathi.vithalapriya@doordash.com,Vanathi Vithalapriya,member,,2020-11-12 00:00:00,True,Tamil Nadu
54b47eba-9938-43ac-82bc-79733acfe5ac,531,lakshman.nandhan@doordash.com,Lakshman Nandhan,member,,2020-07-22 00:00:00,True,Tamil Nadu
beb179ff-3f98-44ea-b5b7-91f828029b9e,531,kalyani.thirumalar@doordash.com,Kalyani Thirumalar,admin,,2020-09-19 00:00:00,True,Tamil Nadu
07476a52-9067-4697-8fa0-3003adfbf473,531,balasubramanian.sudarshan@doordash.com,Balasubramanian Sudarshan,admin,,2020-01-04 00:00:00,True,Tamil Nadu
09ecc704-c9a3-444d-8118-ffaa59a1a200,531,lakshmi.priyakalyanavalli@doordash.com,Lakshmi Priya Kalyanavalli,admin,,2020-02-28 00:00:00,True,Tamil Nadu
44d987a8-aa67-4885-a2a2-059f5228049a,531,ganapathi.ravindra@doordash.com,Ganapathi Ravindra,limited_access,,2020-10-08 00:00:00,True,Tamil Nadu
2793bd0c-027c-47b3-acbe-3050150fab0e,531,radhika.sivaraman@doordash.com,Radhika Sivaraman,member,,2020-04-08 00:00:00,True,Tamil Nadu
1c6e550a-ddd8-424c-84a2-36c589d34747,531,ganapathiraj.nadar@doordash.com,Ganapathiraj Nadar,guest,,2020-06-02 00:00:00,True,Tamil Nadu
a98d4015-65cc-4fc4-aa0e-f94f6eb2afab,531,jayanthi.vishvakannan@doordash.com,Jayanthi Vishvakannan,member,,2020-06-10 00:00:00,True,Tamil Nadu
505eec40-95e5-4b60-bedb-1a658f29e6ef,531,vidhyaraj.ganeshwaran@doordash.com,Vidhyaraj Ganeshwaran,admin,,2020-05-26 00:00:00,True,Tamil Nadu
cc252475-acbf-4c65-9106-25a98a76cfed,531,anjali.madhavi@doordash.com,Anjali Madhavi,guest,,2020-08-05 00:00:00,True,Tamil Nadu
d9bfc2f0-d1cd-4d27-b294-2b82b06e3c20,531,manikaran.ramanan@doordash.com,Manikaran Ramanan,member,,2020-08-06 00:00:00,True,Tamil Nadu
de1b0799-e030-442e-a595-01d33a3ccf79,531,vijaya.indumathi@doordash.com,Vijaya Indumathi,guest,,2020-04-26 00:00:00,True,Tamil Nadu
9a53d580-a601-4719-a9fc-22ed5422ce49,531,vasudev.sundaraman@doordash.com,Vasudev Sundaraman,limited_access,,2020-08-23 00:00:00,True,Tamil Nadu
11c83993-df70-4fd7-83ff-5ab1947b0ec6,531,parvathi.sabarivalli@doordash.com,Parvathi Sabarivalli,member,,2020-11-12 00:00:00,True,Tamil Nadu
5076ae65-97fb-4553-8a0c-384083a86434,531,sankar.shanmugapriya@doordash.com,Sankar Shanmugapriya,limited_access,,2020-05-27 00:00:00,True,Tamil Nadu
bab0e7c0-ce1d-4539-99ee-9dac41ce6a60,531,bhuvi.kalyanika@doordash.com,Bhuvi Kalyanika,admin,,2020-09-24 00:00:00,True,Tamil Nadu
7d6b7455-78e7-4581-b305-71a5b88c6b19,531,ramasamy.bhaskar@doordash.com,Ramasamy Bhaskar,member,,2020-11-11 00:00:00,True,Tamil Nadu
e5b4bdad-6657-40c1-8b70-596fb28a0b83,531,shanthi.avvaiyar@doordash.com,Shanthi Avvaiyar,admin,,2020-11-01 00:00:00,True,Tamil Nadu
ca3210f9-48b2-4b7a-8135-ceeed52af3f2,531,lakshman.kali@doordash.com,Lakshman Kali,limited_access,,2020-01-27 00:00:00,True,Tamil Nadu
7214aa52-b78c-4636-9db3-dfe5f46f2306,531,uma.viruthambal@doordash.com,Uma Viruthambal,admin,,2020-12-21 00:00:00,True,Tamil Nadu
f6dba547-03c4-4859-9c18-e804a555abf7,531,dharma.devakumar@doordash.com,Dharma Devakumar,member,,2020-08-22 00:00:00,True,Tamil Nadu
130ffcda-a6eb-4e1c-97de-fe69dd66daa0,531,chithra.shanthakumari@doordash.com,Chithra Shanthakumari,guest,,2020-09-15 00:00:00,True,Tamil Nadu
54b5702a-d8e4-4afa-8cc5-bf429c7c12cc,531,arunkumar.ezhil@doordash.com,Arunkumar Ezhil,limited_access,,2020-02-23 00:00:00,True,Tamil Nadu
a38d8348-9dad-4b1e-979d-2893cd4fa1d4,531,usha.vadamalar@doordash.com,Usha Vadamalar,limited_access,,2020-07-06 00:00:00,True,Tamil Nadu
59ba621a-e13d-4f1d-8948-2b72e16c6c93,531,rajesh.bhaskar@doordash.com,Rajesh Bhaskar,limited_access,,2020-01-24 00:00:00,True,Tamil Nadu
0828538e-2845-4578-967f-6d87bd506f9e,531,sindhu.ramasundari@doordash.com,Sindhu Ramasundari,member,,2020-12-23 00:00:00,True,Tamil Nadu
ff746ba6-1300-4e64-aeaf-354955fbb2e4,531,rajakumar.vijayan@doordash.com,Rajakumar Vijayan,admin,,2020-03-31 00:00:00,True,Tamil Nadu
efe6033d-dceb-475f-96c4-68d3f7c3c2e7,531,sahithya.avvaiyar@doordash.com,Sahithya Avvaiyar,member,,2020-12-07 00:00:00,True,Tamil Nadu
34f6dcd1-2b20-4f2e-871a-6a48595d2efd,531,azhagan.hariharan@doordash.com,Azhagan Hariharan,member,,2020-11-15 00:00:00,True,Tamil Nadu
a06dc9c0-9062-4da6-9470-7e927938817c,531,selvi.radhika@doordash.com,Selvi Radhika,admin,,2020-02-25 00:00:00,True,Tamil Nadu
df3772b9-3f2f-494d-aa3f-97dc3f8eac1b,531,aadithya.yathish@doordash.com,Aadithya Yathish,admin,,2020-09-14 00:00:00,True,Tamil Nadu
ee224c4d-3afb-4293-89cb-33e003f91dd8,531,ravindran.thirumalar@doordash.com,Ravindran Thirumalar,guest,,2020-12-05 00:00:00,True,Tamil Nadu
7dcf2141-a32e-4bf7-b7b5-53dbfd42c912,531,ravi.shankarvijayan@doordash.com,Ravi Shankar Vijayan,limited_access,,2020-04-14 00:00:00,True,Tamil Nadu
32a70fb0-8c0e-4d26-9981-440bcaea2df0,531,subha.vithalapriya@doordash.com,Subha Vithalapriya,guest,,2020-03-26 00:00:00,True,Tamil Nadu
491e15c5-581a-4ce6-9a0e-67bd63d3efd3,531,rajakumar.karthikeyan@doordash.com,Rajakumar Karthikeyan,admin,,2020-07-07 00:00:00,True,Tamil Nadu
4d053af4-bec6-4d1a-97e5-ec09f0b348bf,531,lakshmi.sathyavathi@doordash.com,Lakshmi Sathyavathi,guest,,2020-06-17 00:00:00,True,Tamil Nadu
6fc95c35-4bc3-4eb9-82c5-c701df9bfe6d,531,sivaraman.venkatesan@doordash.com,Sivaraman Venkatesan,member,,2020-11-02 00:00:00,True,Tamil Nadu
7550ba7c-791a-4c5d-a089-ff161ae75c2c,531,valli.pudhumai@doordash.com,Valli Pudhumai,guest,,2020-06-30 00:00:00,True,Tamil Nadu
7234d54e-0dd4-487c-a249-c37e1fbd1f5e,531,vijayakumar.sundaran@doordash.com,Vijayakumar Sundaran,guest,,2020-09-19 00:00:00,True,Tamil Nadu
a0b7804a-45f0-4bfb-a092-52bab4c943f9,531,sangeetha.aadhilakshmi@doordash.com,Sangeetha Aadhilakshmi,guest,,2020-06-19 00:00:00,True,Tamil Nadu
2edcc9ab-13cd-4e51-a8ef-146d439b42a0,531,vasanthan.rajagopal@doordash.com,Vasanthan Rajagopal,admin,,2020-04-25 00:00:00,True,Tamil Nadu
e2573698-9ec7-4a10-af75-f795be430263,531,bhanu.bhuvankanni@doordash.com,Bhanu Bhuvankanni,guest,,2020-04-14 00:00:00,True,Tamil Nadu
8085e9f1-3aed-4124-8eb7-8ba7e027071e,531,thirumal.kumarasamy@doordash.com,Thirumal Kumarasamy,member,,2020-07-08 00:00:00,True,Tamil Nadu
a6329f3f-f658-4bd0-960a-72140f9d4fa2,531,thiripura.srinivasan@doordash.com,Thiripura Srinivasan,limited_access,,2020-11-21 00:00:00,True,Tamil Nadu
bf2b26a1-ad27-4e73-8b57-56be5f38490e,531,raghul.saravanan@doordash.com,Raghul Saravanan,guest,,2020-05-23 00:00:00,True,Tamil Nadu
5b8e6fa3-eb0d-44d6-86a7-f3679af8e4b8,531,poomalai.vilasini@doordash.com,Poomalai Vilasini,guest,,2020-07-05 00:00:00,True,Tamil Nadu
b28cd4c9-52ca-417e-9676-19afc43ac5ff,531,chandran.vijayan@doordash.com,Chandran Vijayan,member,,2020-11-10 00:00:00,True,Tamil Nadu
2053b46c-75fe-446a-9631-c0309a6a2024,531,meena.selvamani@doordash.com,Meena Selvamani,guest,,2020-01-26 00:00:00,True,Tamil Nadu
d3b0e6e9-4521-41ef-8e8c-28a60c43eea7,531,yamuneshwar.shanmugapriya@doordash.com,Yamuneshwar Shanmugapriya,guest,,2020-03-01 00:00:00,True,Tamil Nadu
294897ef-c302-4cca-9785-4fe820d6c254,531,tharini.vilasini@doordash.com,Tharini Vilasini,limited_access,,2020-10-19 00:00:00,True,Tamil Nadu
6f976051-6946-45bf-911a-268b91753829,531,ganapathi.sankar@doordash.com,Ganapathi Sankar,limited_access,,2020-04-29 00:00:00,True,Tamil Nadu
2b26feee-6ff7-4c94-b9e8-b5bf363fc3ae,531,madhubala.eshwari@doordash.com,Madhubala Eshwari,member,,2020-05-04 00:00:00,True,Tamil Nadu
0675ccc3-e544-4b0c-9c1c-7369d6aa9cb6,531,vidhyaraj.sivakumar@doordash.com,Vidhyaraj Sivakumar,member,,2020-06-20 00:00:00,True,Tamil Nadu
035e5154-4353-43ac-8933-a06bc76db1f8,531,bhavani.thayalan@doordash.com,Bhavani Thayalan,limited_access,,2020-05-24 00:00:00,True,Tamil Nadu
5fec7c03-10ca-44ac-8460-f142ec6270d7,531,vinod.srinivas@doordash.com,Vinod Srinivas,admin,,2020-04-20 00:00:00,True,Tamil Nadu
3abc177b-28c3-4a9f-b6de-441dfc10fede,531,ranjani.poomalai@doordash.com,Ranjani Poomalai,admin,,2020-09-09 00:00:00,True,Tamil Nadu
5a2d62dc-7e1d-4283-8291-995d6c56972b,531,thavapalan.sambath@doordash.com,Thavapalan Sambath,member,,2020-04-17 00:00:00,True,Tamil Nadu
67cfd36f-3ea5-4cbe-8c6f-4654d0370eea,531,balamani.udayakumari@doordash.com,Balamani Udayakumari,limited_access,,2020-04-30 00:00:00,True,Tamil Nadu
9399da6e-7ee7-472b-9cb6-6d26432da477,531,arul.nandhakumar@doordash.com,Arul Nandhakumar,admin,,2020-05-05 00:00:00,True,Tamil Nadu
42d2807d-4a45-4b48-a15b-f11919cb8919,531,diya.sundarapandi@doordash.com,Diya Sundarapandi,admin,,2020-06-05 00:00:00,True,Tamil Nadu
50a6cde7-a46e-46a1-a049-70cc3f02bf8a,531,kandhan.devarajan@doordash.com,Kandhan Devarajan,member,,2020-05-16 00:00:00,True,Tamil Nadu
8922659b-25d3-4f7a-9f77-b6c4e3103527,531,chandrika.thirumalar@doordash.com,Chandrika Thirumalar,member,,2020-02-24 00:00:00,True,Tamil Nadu
2116ba2f-2ca8-4bdf-83c4-f848d4ee8559,531,vishwaraj.venkataraman@doordash.com,Vishwaraj Venkataraman,admin,,2020-06-11 00:00:00,True,Tamil Nadu
55adaba0-0ae7-4c87-804e-f6503660cb82,531,vishnupriya.sundari@doordash.com,Vishnupriya Sundari,admin,,2020-05-11 00:00:00,True,Tamil Nadu
61575d73-7b74-4d82-afa9-294053998215,531,tharv.ganeshwaran@doordash.com,Tharv Ganeshwaran,member,,2020-07-23 00:00:00,True,Tamil Nadu
f00fcceb-3412-41ed-89ee-294c0d3354b4,531,chandrakala.karpagam@doordash.com,Chandrakala Karpagam,admin,,2020-09-08 00:00:00,True,Tamil Nadu
64e3bb55-2bca-4116-9179-895c99a8183b,531,dineshwaran.yogeshwaran@doordash.com,Dineshwaran Yogeshwaran,guest,,2020-03-24 00:00:00,True,Tamil Nadu
f18307e9-8058-4232-aa06-6375cdc7d563,531,vanathi.kalyanika@doordash.com,Vanathi Kalyanika,guest,,2020-10-19 00:00:00,True,Tamil Nadu
10e7b38e-5c92-43bb-a761-6b934dd886ae,531,kanchana.sundaramurthy@doordash.com,Kanchana Sundaramurthy,guest,,2020-09-06 00:00:00,True,Tamil Nadu
d05d2e8f-b218-4873-9de9-6304dd710c73,531,ishwari.vallambal@doordash.com,Ishwari Vallambal,guest,,2020-06-23 00:00:00,True,Tamil Nadu
ae47668d-4b45-43d6-9d4c-d6c6f57053ca,531,kovalan.ramesh@doordash.com,Kovalan Ramesh,admin,,2020-05-21 00:00:00,True,Tamil Nadu
293f72fb-4aa7-4ac6-acec-20821159b34a,531,azhagi.madhavi@doordash.com,Azhagi Madhavi,limited_access,,2020-03-04 00:00:00,True,Tamil Nadu
7be1636a-d9b6-4d2f-8dff-f6d8646dc8e9,531,aravindan.tharun@doordash.com,Aravindan Tharun,member,,2020-05-26 00:00:00,True,Tamil Nadu
c6e15e07-1d7e-46c2-ad99-a2638ba78aec,531,rajani.yasodha@doordash.com,Rajani Yasodha,admin,,2020-03-19 00:00:00,True,Tamil Nadu
b0359fb2-9bb0-4e19-b702-0d229db23d40,531,eshwaran.vasishth@doordash.com,Eshwaran Vasishth,admin,,2020-05-30 00:00:00,True,Tamil Nadu
bbdd3279-dc0a-420b-9960-01de379de66f,531,kamadhenu.kamaraj@doordash.com,Kamadhenu Kamaraj,limited_access,,2020-08-06 00:00:00,True,Tamil Nadu
64b673d0-59ba-45b2-8bb3-aeb624c7a81c,531,sankar.venkataraman@doordash.com,Sankar Venkataraman,member,,2020-12-25 00:00:00,True,Tamil Nadu
9b6dafa7-4f82-42fe-a1fa-910324223cdd,531,ramaa.krithika@doordash.com,Ramaa Krithika,admin,,2020-01-02 00:00:00,True,Tamil Nadu
db823cfd-b26b-4a70-879b-2e13209cc0a8,531,sundarajan.karthik@doordash.com,Sundarajan Karthik,guest,,2020-03-10 00:00:00,True,Tamil Nadu
c292bda4-0d57-49fc-9284-4c74365cc4e2,531,malar.sivagami@doordash.com,Malar Sivagami,admin,,2020-01-04 00:00:00,True,Tamil Nadu
e0d81fb6-0034-45ef-919f-c1c8ce302039,531,muthu.rajapandiyan@doordash.com,Muthu Rajapandiyan,guest,,2020-09-05 00:00:00,True,Tamil Nadu
140a03bb-2058-480b-8a22-e78dbe426afd,531,rajani.pudhumai@doordash.com,Rajani Pudhumai,guest,,2020-02-12 00:00:00,True,Tamil Nadu
76e739ba-e821-436c-82d0-f34d0622f266,531,ravindran.elangovan@doordash.com,Ravindran Elangovan,member,,2020-06-27 00:00:00,True,Tamil Nadu
42a48e59-ec0a-44f9-92e3-0b3854e159b2,531,sangeetha.manju@doordash.com,Sangeetha Manju,member,,2020-04-20 00:00:00,True,Tamil Nadu
18f2c3fd-e558-4dc9-a4c6-e100b523c31a,531,thayalan.krishnan@doordash.com,Thayalan Krishnan,member,,2020-06-26 00:00:00,True,Tamil Nadu
0601b6b0-85f0-4876-96e7-20eded2c5f5c,531,yasmin.lalithambal@doordash.com,Yasmin Lalithambal,admin,,2020-03-08 00:00:00,True,Tamil Nadu
482c60a3-3217-4653-90cd-3a8d0ad00009,531,aarav.vikraman@doordash.com,Aarav Vikraman,member,,2020-06-09 00:00:00,True,Tamil Nadu
32adc718-947a-4e54-be76-c7d01494da81,531,anushka.rajamani@doordash.com,Anushka Rajamani,admin,,2020-01-18 00:00:00,True,Tamil Nadu
01f7fe1f-24bf-4a4d-a564-24094f19250d,531,raghavan.ramanan@doordash.com,Raghavan Ramanan,admin,,2020-01-15 00:00:00,True,Tamil Nadu
cb39bb90-e3e2-43bf-9609-82e36f7b03e7,531,lakshmipriya.azhagi@doordash.com,Lakshmipriya Azhagi,guest,,2020-10-12 00:00:00,True,Tamil Nadu
21db27f1-20ed-4e18-9d94-93edddaa52aa,531,sujay.manickan@doordash.com,Sujay Manickan,admin,,2020-08-14 00:00:00,True,Tamil Nadu
d4a9eb43-deba-4f23-8780-0acf7edf0653,531,geethika.balarani@doordash.com,Geethika Balarani,limited_access,,2020-11-17 00:00:00,True,Tamil Nadu
8616783a-dcfb-4aa4-88c8-489b9825d1c7,531,vikram.chidambaram@doordash.com,Vikram Chidambaram,limited_access,,2020-09-19 00:00:00,True,Tamil Nadu
466acad2-c3b0-4654-8de9-b58d8354950b,531,vijaya.meenambal@doordash.com,Vijaya Meenambal,guest,,2020-04-29 00:00:00,True,Tamil Nadu
046d5f28-04fb-4160-8b2d-98987a6dc0f4,531,muthuraj.kavi@doordash.com,Muthuraj Kavi,guest,,2020-09-19 00:00:00,True,Tamil Nadu
59f57535-079e-42a1-ae9a-2efaef60454c,531,bala.thirumalar@doordash.com,Bala Thirumalar,limited_access,,2020-04-15 00:00:00,True,Tamil Nadu
79d4eaef-8f4c-47a2-be2c-f86eecf17812,531,aadhavan.lakshminarayanan@doordash.com,Aadhavan Lakshmi Narayanan,limited_access,,2020-04-29 00:00:00,True,Tamil Nadu
2ba26920-831c-4482-9e05-e90af98b5f05,531,vani.savitri@doordash.com,Vani Savitri,limited_access,,2020-05-24 00:00:00,True,Tamil Nadu
62d99de8-387e-475d-860a-21ba6b72ef40,531,keshavan.vasanthakumar@doordash.com,Keshavan Vasanthakumar,guest,,2020-04-03 00:00:00,True,Tamil Nadu
5bbd84c4-952d-4f77-8821-2cf1add7e09b,531,nila.geethalakshmi@doordash.com,Nila Geethalakshmi,member,,2020-03-17 00:00:00,True,Tamil Nadu
542cf6a9-c943-4e87-bb7c-68dc374b3d3d,531,nandhan.vithalaraman@doordash.com,Nandhan Vithalaraman,limited_access,,2020-06-19 00:00:00,True,Tamil Nadu
6d149caa-8abc-4cfd-b852-ed00c41cc91f,531,vimala.eshwari@doordash.com,Vimala Eshwari,limited_access,,2020-04-03 00:00:00,True,Tamil Nadu
827d4dc7-8d3d-4d69-a29e-09e42caa39e8,531,balasubramanyam.bhavani@doordash.com,Balasubramanyam Bhavani,member,,2020-05-15 00:00:00,True,Tamil Nadu
a5ffad37-aec7-4965-88c4-c7896ede695f,531,nila.chandramathi@doordash.com,Nila Chandramathi,admin,,2020-11-22 00:00:00,True,Tamil Nadu
a83787a8-dfcb-4d9e-a4d3-dff0d99baff6,531,muthuraj.tharun@doordash.com,Muthuraj Tharun,limited_access,,2020-08-09 00:00:00,True,Tamil Nadu
8b491479-6e69-45ae-8acd-35cd4446cbd8,531,swathi.vishalakshi@doordash.com,Swathi Vishalakshi,admin,,2020-04-29 00:00:00,True,Tamil Nadu
aad7c1ae-3c40-48ab-b78e-dc05f7eadde6,531,rathinavel.jayaraman@doordash.com,Rathinavel Jayaraman,member,,2020-10-11 00:00:00,True,Tamil Nadu
e11180ba-8809-49d9-8bb5-4d8d9bb3c16c,531,sithara.manimekalai@doordash.com,Sithara Manimekalai,member,,2020-06-23 00:00:00,True,Tamil Nadu
56d652a3-48d6-47d8-9946-2642d48bd3e5,531,vikram.lakshminarayanan@doordash.com,Vikram Lakshmi Narayanan,limited_access,,2020-10-12 00:00:00,True,Tamil Nadu
2e598742-ae42-4aa6-8f7c-a0b26802a316,531,sharmila.vimaladevi@doordash.com,Sharmila Vimaladevi,guest,,2020-03-03 00:00:00,True,Tamil Nadu
635281e8-2dc6-4ff1-b202-58833ae2101b,531,kumar.raghuraman@doordash.com,Kumar Raghuraman,limited_access,,2020-10-02 00:00:00,True,Tamil Nadu
b27c383a-b579-420d-bfe5-03ad7e21b4c9,531,ishwari.vijayanthi@doordash.com,Ishwari Vijayanthi,limited_access,,2020-04-18 00:00:00,True,Tamil Nadu
08837f18-408d-4f88-9a82-3e7e5cddbe6e,531,vajendra.sundaram@doordash.com,Vajendra Sundaram,limited_access,,2020-10-17 00:00:00,True,Tamil Nadu
7f59b777-4a5c-43df-b049-c3ce0bd40088,531,yashoda.rajeswari@doordash.com,Yashoda Rajeswari,admin,,2020-10-21 00:00:00,True,Tamil Nadu
7a42b567-2f49-421e-a748-98e67b30d9b9,531,venkatraman.karthik@doordash.com,Venkatraman Karthik,admin,,2020-06-03 00:00:00,True,Tamil Nadu
fb547df8-e77c-4d23-ba6f-d9a99a6c1f03,531,lakshmi.priyavedavati@doordash.com,Lakshmi Priya Vedavati,limited_access,,2020-10-24 00:00:00,True,Tamil Nadu
d7b98b94-0aad-4cc2-91d0-b7531edc6c00,531,subramanian.yathish@doordash.com,Subramanian Yathish,admin,,2020-11-01 00:00:00,True,Tamil Nadu
483abea5-e87b-495c-bbd1-8797bd46a8fe,531,suhasini.saraswatidevi@doordash.com,Suhasini Saraswatidevi,limited_access,,2020-09-25 00:00:00,True,Tamil Nadu
d44fabf3-4498-4cf0-a07e-ee17d4c8ca76,531,kannan.vinayak@doordash.com,Kannan Vinayak,admin,,2020-11-04 00:00:00,True,Tamil Nadu
7e1094e2-d136-49d8-897f-20c32f075c2e,531,balamani.vijayalakshmi@doordash.com,Balamani Vijayalakshmi,member,,2020-08-31 00:00:00,True,Tamil Nadu
a9a9141f-8f77-4840-84d3-cb2daa035e8e,531,sundar.ayappan@doordash.com,Sundar Ayappan,member,,2020-06-20 00:00:00,True,Tamil Nadu
d72b1d68-e348-4e53-95f8-5c4b32fabdfe,531,ravathi.ravindran@doordash.com,Ravathi Ravindran,member,,2020-02-21 00:00:00,True,Tamil Nadu
08a5e3f0-a462-429a-aed7-3589a8ef689c,531,vishwarup.raghuraj@doordash.com,Vishwarup Raghuraj,admin,,2020-04-09 00:00:00,True,Tamil Nadu
61b692f8-baf1-4a70-84ba-1887cf999663,531,aaradhya.chandramukhi@doordash.com,Aaradhya Chandramukhi,member,,2020-06-21 00:00:00,True,Tamil Nadu
39476b66-0e8d-4500-9052-ccf1bdede89e,531,venkatesan.vijayakumar@doordash.com,Venkatesan Vijayakumar,guest,,2020-12-21 00:00:00,True,Tamil Nadu
a8727675-bbaa-4b32-9aea-524bc65c7b6d,531,ravathi.lalithambal@doordash.com,Ravathi Lalithambal,guest,,2020-09-29 00:00:00,True,Tamil Nadu
43b1c466-b651-4475-ac82-004bb7c58d07,531,nataraj.kumarasamy@doordash.com,Nataraj Kumarasamy,member,,2020-04-20 00:00:00,True,Tamil Nadu
5fcb354f-5599-444b-8cb2-fc43176c530b,531,anjali.vandana@doordash.com,Anjali Vandana,limited_access,,2020-10-20 00:00:00,True,Tamil Nadu
d37c1ef3-8865-4a00-93b7-9757d563f6ea,531,ananthan.iyer@doordash.com,Ananthan Iyer,limited_access,,2020-04-25 00:00:00,True,Tamil Nadu
39c53cce-c054-4ffd-9240-8f7b0bfbc40d,531,haripriya.subhadra@doordash.com,Haripriya Subhadra,admin,,2020-01-12 00:00:00,True,Tamil Nadu
545b1aa1-52d4-4ade-8262-a41a99e1e86d,531,sujay.manickam@doordash.com,Sujay Manickam,admin,,2020-11-21 00:00:00,True,Tamil Nadu
d5cb77e6-11c4-4eea-bd1c-4d708b692bd2,531,subha.vidyanjali@doordash.com,Subha Vidyanjali,guest,,2020-08-28 00:00:00,True,Tamil Nadu
d7622046-d3fe-4163-9a78-4d8855fcec3d,531,vijayan.sundar@doordash.com,Vijayan Sundar,limited_access,,2020-08-02 00:00:00,True,Tamil Nadu
b974a89a-071a-4c04-9516-73c8f6d23b14,531,kumari.devapriya@doordash.com,Kumari Devapriya,admin,,2020-05-11 00:00:00,True,Tamil Nadu
cc5d3f50-2d2c-4b09-9599-5cc553deec2a,531,azhagan.vasundhara@doordash.com,Azhagan Vasundhara,guest,,2020-02-23 00:00:00,True,Tamil Nadu
553f55eb-1bf9-4277-ac6d-aed6331c1657,531,valliammai.thyagaraja@doordash.com,Valliammai Thyagaraja,guest,,2020-08-17 00:00:00,True,Tamil Nadu
954aefdd-122e-47a6-aa39-bb2e14a8d490,531,vijayendra.lakshmanan@doordash.com,Vijayendra Lakshmanan,member,,2020-04-07 00:00:00,True,Tamil Nadu
0f8aad7f-1def-4c6f-81ff-85b60d8c06b2,531,srinidhi.kanakammal@doordash.com,Srinidhi Kanakammal,limited_access,,2020-01-07 00:00:00,True,Tamil Nadu
260ebf3a-9394-4b89-ad05-c723b0e520d7,531,krishnan.sundararajan@doordash.com,Krishnan Sundararajan,limited_access,,2020-11-28 00:00:00,True,Tamil Nadu
0098f40d-4627-4b6b-9adf-c04b8212c5ee,531,lalitha.thulasi@doordash.com,Lalitha Thulasi,member,,2020-01-18 00:00:00,True,Tamil Nadu
a73a2b84-5b72-4f41-b79a-467c6e6b2224,531,kamalakannan.manickam@doordash.com,Kamalakannan Manickam,guest,,2020-09-25 00:00:00,True,Tamil Nadu
76fee5c9-2a1d-4be5-bd8c-f430f4701bfa,531,meena.rajeswari@doordash.com,Meena Rajeswari,limited_access,,2020-10-22 00:00:00,True,Tamil Nadu
cddc8d1c-297b-4464-aefa-08a6d22b2a9d,531,madhusudhanan.murugan@doordash.com,Madhusudhanan Murugan,member,,2020-10-20 00:00:00,True,Tamil Nadu
248803e4-7f6b-4f61-b7b8-1dcdc624a7ad,531,shanvika.valliyamma@doordash.com,Shanvika Valliyamma,admin,,2020-10-29 00:00:00,True,Tamil Nadu
2afe5b9a-7b13-4812-9686-20e4e88f7224,531,kovalan.shanmugapriya@doordash.com,Kovalan Shanmugapriya,guest,,2020-01-22 00:00:00,True,Tamil Nadu
9eadb364-50bf-477e-840b-e5895327c3e5,531,vennila.manimekalai@doordash.com,Vennila Manimekalai,member,,2020-11-20 00:00:00,True,Tamil Nadu
48646de6-2ca5-431a-90db-5251fc092d53,531,vishal.raghuraj@doordash.com,Vishal Raghuraj,member,,2020-09-13 00:00:00,True,Tamil Nadu
bbdca3f1-d8a7-4f48-9ef2-84c1b315c4b7,531,shashvathi.saraswatidevi@doordash.com,Shashvathi Saraswatidevi,admin,,2020-12-19 00:00:00,True,Tamil Nadu
bb26dffc-dc2a-499c-b3d5-cdc52bd30003,531,sundarajan.sundaralingam@doordash.com,Sundarajan Sundaralingam,limited_access,,2020-09-10 00:00:00,True,Tamil Nadu
ed65fe27-e90e-4389-bea2-24e412016198,531,malini.sundaravalli@doordash.com,Malini Sundaravalli,admin,,2020-09-05 00:00:00,True,Tamil Nadu
28c0749d-b1cc-4e3b-8111-c35ef9e16949,531,kadhir.vasanthi@doordash.com,Kadhir Vasanthi,limited_access,,2020-08-18 00:00:00,True,Tamil Nadu
69c18200-cd17-4d42-a682-3f05e6587045,531,madhavi.sithamathi@doordash.com,Madhavi Sithamathi,admin,,2020-12-15 00:00:00,True,Tamil Nadu
6bc7b1ec-cbe8-4367-94c9-9fdeae0ff85c,531,ramasamy.arulmozhivarman@doordash.com,Ramasamy Arulmozhivarman,guest,,2020-09-11 00:00:00,True,Tamil Nadu
569335b0-30ed-471f-ab6d-d9c0c5f02cd0,531,sabarinath.chidambaram@doordash.com,Sabarinath Chidambaram,limited_access,,2020-05-31 00:00:00,True,Tamil Nadu
879331b7-c239-46d3-b2b6-2d89b825cb1b,531,dilip.vijayakumar@doordash.com,Dilip Vijayakumar,guest,,2020-05-21 00:00:00,True,Tamil Nadu
41583fb3-11ec-4fec-9ec3-e99d5cd0530d,531,shree.madhavi@doordash.com,Shree Madhavi,member,,2020-07-04 00:00:00,True,Tamil Nadu
04df424e-e835-4fd6-adac-8fbe0d45a7ec,531,raghu.ganapathiraj@doordash.com,Raghu Ganapathiraj,member,,2020-03-16 00:00:00,True,Tamil Nadu
0cd4cda4-bc6b-4ca2-be40-d41ba0dd7d22,531,saraswati.alagammal@doordash.com,Saraswati Alagammal,member,,2020-08-03 00:00:00,True,Tamil Nadu
a4bd266f-6213-44cf-a5f6-18fa7ae85fb0,531,sundar.kuppusamy@doordash.com,Sundar Kuppusamy,member,,2020-04-24 00:00:00,True,Tamil Nadu
a7db2013-37d3-4e56-a8e5-f9525eb862f3,531,chandrakala.kalyanavalli@doordash.com,Chandrakala Kalyanavalli,guest,,2020-09-24 00:00:00,True,Tamil Nadu
42e64e0b-2e45-42d5-9393-529db1245d2a,531,dineshwaran.kali@doordash.com,Dineshwaran Kali,admin,,2020-06-19 00:00:00,True,Tamil Nadu
148412da-326a-4496-bc31-c5354b82333c,531,shashvathi.rajalakshmi@doordash.com,Shashvathi Rajalakshmi,guest,,2020-03-20 00:00:00,True,Tamil Nadu
1edfc755-02ab-4e7b-a645-a08f1e22841a,531,ganeshan.vikram@doordash.com,Ganeshan Vikram,member,,2020-03-03 00:00:00,True,Tamil Nadu
68659c0f-aa53-473b-8a77-d2f249b68ff3,531,madhuri.kavitha@doordash.com,Madhuri Kavitha,guest,,2020-04-22 00:00:00,True,Tamil Nadu
2a3ef10b-b8c5-46f0-9ccd-0424e05f1874,531,vinayak.gopalan@doordash.com,Vinayak Gopalan,member,,2020-12-27 00:00:00,True,Tamil Nadu
15d3f459-005d-48b5-9fdd-a24e43113149,531,saraswati.periyamma@doordash.com,Saraswati Periyamma,admin,,2020-03-10 00:00:00,True,Tamil Nadu
2e1bc955-ca41-48f5-a24c-7d7a1dbba9fe,531,sajith.vasishth@doordash.com,Sajith Vasishth,limited_access,,2020-05-03 00:00:00,True,Tamil Nadu
80f892d2-6600-4b79-bff2-ba703a43eaff,531,harini.suvira@doordash.com,Harini Suvira,guest,,2020-04-08 00:00:00,True,Tamil Nadu
1cf150fa-5335-497e-991d-2da742b99032,531,ravindran.suresh@doordash.com,Ravindran Suresh,member,,2020-02-09 00:00:00,True,Tamil Nadu
0436e1d6-5ba9-4c59-9b1d-fee0f32f22d0,531,rani.vijayanthi@doordash.com,Rani Vijayanthi,limited_access,,2020-01-09 00:00:00,True,Tamil Nadu
fa3259d1-8595-4cc3-bfff-3f6432d12a6a,531,vijayendra.raghul@doordash.com,Vijayendra Raghul,limited_access,,2020-01-16 00:00:00,True,Tamil Nadu
4e998fb7-2398-4f1d-b51c-26dbf4a59037,531,suhasini.dayanidhi@doordash.com,Suhasini Dayanidhi,guest,,2020-11-27 00:00:00,True,Tamil Nadu
83014613-6e83-4eaa-899e-3df42ed61d1f,531,ravichandran.anandaraj@doordash.com,Ravichandran Anandaraj,member,,2020-07-04 00:00:00,True,Tamil Nadu
f0f1e134-aea4-4065-bcf5-4642516fe64a,531,sanjana.chellarani@doordash.com,Sanjana Chellarani,limited_access,,2020-01-08 00:00:00,True,Tamil Nadu
f921c4d7-30c3-4d58-b055-73df121d1648,531,karthick.jeevan@doordash.com,Karthick Jeevan,limited_access,,2020-06-15 00:00:00,True,Tamil Nadu
698e1b75-5aa4-4ce3-accd-b17062954ed5,531,kalpana.srinivasan@doordash.com,Kalpana Srinivasan,member,,2020-06-01 00:00:00,True,Tamil Nadu
6ac5bf88-085f-43f3-9bed-7641682288ac,531,vinod.ravishankar@doordash.com,Vinod Ravi Shankar,admin,,2020-07-02 00:00:00,True,Tamil Nadu
ebd9efe9-9c29-40d6-80b8-25da5e0779ee,531,lakshana.alagammal@doordash.com,Lakshana Alagammal,limited_access,,2020-02-12 00:00:00,True,Tamil Nadu
c683228b-0ef7-4984-9900-7abd87cd056d,531,nadhiyal.yoganathan@doordash.com,Nadhiyal Yoganathan,guest,,2020-07-17 00:00:00,True,Tamil Nadu
110e4bf8-92a2-49f9-b4c9-8c392a846c18,531,balamani.lalithambal@doordash.com,Balamani Lalithambal,admin,,2020-09-20 00:00:00,True,Tamil Nadu
4ed68875-e175-4c85-8a4b-dbbc9ec0556c,531,sankaralingam.sundararaj@doordash.com,Sankaralingam Sundararaj,limited_access,,2020-05-04 00:00:00,True,Tamil Nadu
3d19134f-2d95-47d0-b2d3-c5761d9ce18a,531,shalini.rajalakshmi@doordash.com,Shalini Rajalakshmi,limited_access,,2020-07-18 00:00:00,True,Tamil Nadu
d641809a-f45f-4cff-8a88-a6e1605537e7,531,siddharthan.sundara@doordash.com,Siddharthan Sundara,member,,2020-02-28 00:00:00,True,Tamil Nadu
f82c6e17-e4dd-4b1d-8fff-f84595fbf564,531,ramya.sukanya@doordash.com,Ramya Sukanya,admin,,2020-03-30 00:00:00,True,Tamil Nadu
f498759a-4a7b-4d33-aa2e-e1deea2fb824,531,dhandapani.kanchan@doordash.com,Dhandapani Kanchan,admin,,2020-07-03 00:00:00,True,Tamil Nadu
39dd3b18-7419-4335-b5e1-09361f3c0e18,531,varsha.vallambal@doordash.com,Varsha Vallambal,member,,2020-11-14 00:00:00,True,Tamil Nadu
898739cd-ecf1-47af-8dad-5624a1c777c6,531,shankar.sankaran@doordash.com,Shankar Sankaran,guest,,2020-05-09 00:00:00,True,Tamil Nadu
474da532-51c5-44d6-9de1-ddc364152e0a,531,ezhil.ranganayaki@doordash.com,Ezhil Ranganayaki,admin,,2020-07-02 00:00:00,True,Tamil Nadu
652aa07f-b6f7-4c2e-bca0-3cc5b656ce2c,531,vijayakumar.ganapathi@doordash.com,Vijayakumar Ganapathi,admin,,2020-05-01 00:00:00,True,Tamil Nadu
c911549b-9c84-4a2a-ae74-130d670549df,531,sandhya.avvaiyar@doordash.com,Sandhya Avvaiyar,guest,,2020-05-31 00:00:00,True,Tamil Nadu
80abc476-9604-4afd-a4fa-cda6985445e5,531,sampath.sivasamy@doordash.com,Sampath Sivasamy,guest,,2020-03-29 00:00:00,True,Tamil Nadu
137b1af0-15e9-4036-9682-67dcbc383a66,531,tharani.periyamma@doordash.com,Tharani Periyamma,guest,,2020-12-31 00:00:00,True,Tamil Nadu
ed639a07-153d-4011-adee-83f81992d1e0,531,raghavan.sudarshan@doordash.com,Raghavan Sudarshan,guest,,2020-03-17 00:00:00,True,Tamil Nadu
78e4fda8-823b-4e91-a2de-fc1784e56892,531,bhuvana.valliyamma@doordash.com,Bhuvana Valliyamma,admin,,2020-10-13 00:00:00,True,Tamil Nadu
bec86bea-3af2-4810-a764-a9765e357ef2,531,kovalan.vignesh@doordash.com,Kovalan Vignesh,admin,,2020-05-04 00:00:00,True,Tamil Nadu
22a81b70-24bc-4c37-b519-cdf5bac8cb1a,531,saraswati.varadarajan@doordash.com,Saraswati Varadarajan,admin,,2020-10-26 00:00:00,True,Tamil Nadu
e8badecd-0b7f-47a5-8366-ee091e0c28ac,531,yogeshwaran.sundaralingam@doordash.com,Yogeshwaran Sundaralingam,limited_access,,2020-01-07 00:00:00,True,Tamil Nadu
c6fa7d34-b180-46fb-a588-7dc67d111fa4,531,geetha.vishvakannan@doordash.com,Geetha Vishvakannan,guest,,2020-10-27 00:00:00,True,Tamil Nadu
522c6dc3-3b7c-40f5-8681-9e4d22818e02,531,vasudevan.elangovan@doordash.com,Vasudevan Elangovan,member,,2020-11-19 00:00:00,True,Tamil Nadu
956a2532-df4c-491c-a298-403d226af39c,531,vasundhara.devarajani@doordash.com,Vasundhara Devarajani,member,,2020-03-26 00:00:00,True,Tamil Nadu
dbefbf4d-ffbb-4518-9cb3-126a1d361823,531,vishwaraj.venkatesan@doordash.com,Vishwaraj Venkatesan,member,,2020-04-16 00:00:00,True,Tamil Nadu
5f038106-aa37-46c3-bbce-9d173082bc47,531,sathvika.dhanalakshmi@doordash.com,Sathvika Dhanalakshmi,admin,,2020-04-28 00:00:00,True,Tamil Nadu
8ec0e39d-c6d8-44fd-b1ad-4b709c28cd8e,531,dinesh.vishwakarma@doordash.com,Dinesh Vishwakarma,admin,,2020-10-24 00:00:00,True,Tamil Nadu
b2a7715b-00b3-4d3f-8f3d-892d32909a3d,531,yalini.viththiya@doordash.com,Yalini Viththiya,guest,,2020-10-09 00:00:00,True,Tamil Nadu
b28fd2fe-5342-4943-81b0-7a5c605387b8,531,vijayendra.duraisamy@doordash.com,Vijayendra Duraisamy,limited_access,,2020-10-05 00:00:00,True,Tamil Nadu
51429c26-ceab-48aa-bfe8-3625cb558c34,531,thavani.sundararani@doordash.com,Thavani Sundararani,guest,,2020-02-14 00:00:00,True,Tamil Nadu
91858afa-58b9-422f-ad6a-8f196250dc3b,531,perumal.arunachalam@doordash.com,Perumal Arunachalam,limited_access,,2020-10-28 00:00:00,True,Tamil Nadu
91929480-97da-47f2-b388-778ffbca7f36,531,hema.chellamma@doordash.com,Hema Chellamma,admin,,2020-09-24 00:00:00,True,Tamil Nadu
0b4cbd98-578b-48b3-ad5f-80a4b1f28f13,531,vishwarup.vijayakumar@doordash.com,Vishwarup Vijayakumar,limited_access,,2020-03-14 00:00:00,True,Tamil Nadu
5d88e916-0a8e-4ed1-88e1-42a2ba1657b5,531,kavya.sivagami@doordash.com,Kavya Sivagami,admin,,2020-05-22 00:00:00,True,Tamil Nadu
3a06668b-dc57-4228-a9e0-fd0d68d33a77,531,prabhakaran.kali@doordash.com,Prabhakaran Kali,guest,,2020-04-04 00:00:00,True,Tamil Nadu
f89e906d-78fa-476f-b9da-46eee08deb61,531,kasturi.chidambaramani@doordash.com,Kasturi Chidambaramani,guest,,2020-05-29 00:00:00,True,Tamil Nadu
6b117641-b850-4c95-b941-d3bf4ba10498,531,subramanian.nataraj@doordash.com,Subramanian Nataraj,admin,,2020-08-23 00:00:00,True,Tamil Nadu
5838b737-d693-4d92-ba33-ade421874b4a,531,bhavadharini.sivanthi@doordash.com,Bhavadharini Sivanthi,limited_access,,2020-06-14 00:00:00,True,Tamil Nadu
36323003-4450-4144-b0e9-87641e821b19,531,muthuraj.chandran@doordash.com,Muthuraj Chandran,limited_access,,2020-09-20 00:00:00,True,Tamil Nadu
1dd19684-f54b-46f2-bbd3-d5dbd91817fb,531,rashmi.sudarani@doordash.com,Rashmi Sudarani,admin,,2020-11-15 00:00:00,True,Tamil Nadu
bacf7bd7-c8c0-4d1a-b83b-bf520495e9f6,531,vinod.balasubramanian@doordash.com,Vinod Balasubramanian,limited_access,,2020-10-03 00:00:00,True,Tamil Nadu
57d60a08-5dad-4b74-bf2a-06295dcde880,531,akhila.bhuvaneshwari@doordash.com,Akhila Bhuvaneshwari,member,,2020-10-09 00:00:00,True,Tamil Nadu
24f8021a-7fea-4136-82d5-ca8d659c92bb,531,jayaramanjayarajan.ramesh@doordash.com,JayaramanJayarajan Ramesh,member,,2020-03-29 00:00:00,True,Kerala
63dd1696-69d6-49a0-b6ed-05c4b94ffa2f,531,nijil.rajeev@doordash.com,Nijil Rajeev,admin,,2020-01-17 00:00:00,True,Kerala
03660b61-c4ab-41ae-b7c8-83b62692c02f,531,ravi.gopinathan@doordash.com,Ravi Gopinathan,admin,,2020-10-27 00:00:00,True,Kerala
6d606c07-1318-4bee-851c-5fa2db497c87,531,ananthanarayaņa.jayan@doordash.com,Ananthanarayaņa Jayan,guest,,2020-11-17 00:00:00,True,Kerala
989730b6-600e-46da-918b-c2e62f7030e2,531,suresh.vaidyar@doordash.com,Suresh Vaidyar,admin,,2020-09-19 00:00:00,True,Kerala
5a5d1670-7fe2-4517-a1dc-55fb17c95fe2,531,jayakrishnan.ramachandran@doordash.com,Jayakrishnan Ramachandran,limited_access,,2020-08-14 00:00:00,True,Kerala
1ff0682f-6621-4596-bac3-e23afbd57c55,531,gopinathan.sivadas@doordash.com,Gopinathan Sivadas,limited_access,,2020-05-31 00:00:00,True,Kerala
3b3574d0-8a27-4db6-a98e-842ef09ba25a,531,achuthan.pillai@doordash.com,Achuthan Pillai,member,,2020-02-23 00:00:00,True,Kerala
56c18249-d365-4cc4-887a-8ae6f23bdd12,531,kuppukrisņan.krishnan@doordash.com,Kuppukrisņan Krishnan,limited_access,,2020-06-26 00:00:00,True,Kerala
8d6f90f3-4d76-4890-86a4-286dd4215107,531,nagaishwara.ravindran@doordash.com,Nagaishwara Ravindran,admin,,2020-01-31 00:00:00,True,Kerala
66ed4ea9-a971-4dc8-a893-1d3ab65837b3,531,binu.gokul@doordash.com,Binu Gokul,limited_access,,2020-01-16 00:00:00,True,Kerala
028e1b42-365e-4857-99e4-8050efa78916,531,annamalai.sreenivasan@doordash.com,Annamalai Sreenivasan,admin,,2020-04-07 00:00:00,True,Kerala
a1a59874-422e-432d-9d6b-397c55f8dd29,531,venkataiah.hemanth@doordash.com,Venkataiah Hemanth,member,,2020-02-02 00:00:00,True,Kerala
74f480cd-43d7-41fc-8ed9-e57a9500c228,531,ananthanarayana.prakash@doordash.com,Ananthanarayana Prakash,admin,,2020-06-27 00:00:00,True,Kerala
d4bdc30c-1365-4ff7-9227-ca8b452c8581,531,vishnu.thampi@doordash.com,Vishnu Thampi,admin,,2020-03-23 00:00:00,True,Kerala
6bbf2df0-d673-4004-bb0f-7b2ee3326870,531,gopimohana.ajayan@doordash.com,Gopimohana Ajayan,guest,,2020-01-14 00:00:00,True,Kerala
4c7d9743-3bdd-49ff-a90c-38706b7a8d73,531,gopiraghavan.kurian@doordash.com,Gopiraghavan Kurian,admin,,2020-04-08 00:00:00,True,Kerala
45e8aeaa-7e59-4552-9ceb-cc9a9eb5000b,531,ananthanarayana.srinivasan@doordash.com,Ananthanarayana Srinivasan,admin,,2020-03-02 00:00:00,True,Kerala
d97a98f3-4099-4388-8416-8b59774e86c9,531,shivaramakrisnan.sreenivasan@doordash.com,Shivaramakrisnan Sreenivasan,limited_access,,2020-07-09 00:00:00,True,Kerala
a1fedf63-560e-4ec3-b304-8824b009f339,531,surya.soman@doordash.com,Surya Soman,admin,,2020-12-08 00:00:00,True,Kerala
6806b3d4-f893-4f65-ae95-7130c254cc76,531,nagishvari.hariharan@doordash.com,Nagishvari Hariharan,limited_access,,2020-11-26 00:00:00,True,Kerala
71b40631-85fd-4156-bbe1-06ea86f27b08,531,suresh.nair@doordash.com,Suresh Nair,guest,,2020-01-23 00:00:00,True,Kerala
e7b49a31-6c38-42a0-871d-9f8c06c4d026,531,ananthakrisņa.padmini@doordash.com,Ananthakrisņa Padmini,admin,,2020-03-11 00:00:00,True,Kerala
2c8e830e-fd50-4d7e-b2b4-4ef260fe5939,531,binu.ramachandran@doordash.com,Binu Ramachandran,guest,,2020-05-12 00:00:00,True,Kerala
ebce20a5-fe80-445e-8f61-2598d39a1943,531,shiva.warrier@doordash.com,Shiva Warrier,admin,,2020-10-16 00:00:00,True,Kerala
dab04970-f269-4ebd-a05c-63fe77339729,531,madhavan.pradeep@doordash.com,Madhavan Pradeep,admin,,2020-09-17 00:00:00,True,Kerala
ec34d0b8-c206-46f4-bf93-9e338c78d42a,531,nagalingam.rajesh@doordash.com,Nagalingam Rajesh,admin,,2020-07-13 00:00:00,True,Kerala
732a0848-ec7c-4591-b221-19eafadcbebf,531,ramanuja.nair@doordash.com,Ramanuja Nair,member,,2020-11-19 00:00:00,True,Kerala
477f9d07-22fc-4f72-bc57-ad3a0fe7736a,531,nithya.hariharan@doordash.com,Nithya Hariharan,member,,2020-04-28 00:00:00,True,Kerala
4c4c2217-70dc-418d-8ce1-a2d97aef00c7,531,umamasheshwara.anoop@doordash.com,Umamasheshwara Anoop,limited_access,,2020-11-23 00:00:00,True,Kerala
ad584530-fe85-4a26-82e2-6f520eb782f0,531,krishna.ramanan@doordash.com,Krishna Ramanan,member,,2020-02-18 00:00:00,True,Kerala
00edac45-2d1d-4e5f-ad3b-8bc04d3bd75b,531,prem.sridhar@doordash.com,Prem Sridhar,admin,,2020-03-15 00:00:00,True,Kerala
f13e74c1-2448-4ce3-9bac-10c2c083b0e1,531,ananthakrisņa.srinivasan@doordash.com,Ananthakrisņa Srinivasan,member,,2020-05-07 00:00:00,True,Kerala
b550a187-26fc-4aa7-9ec9-d27b33bb93ef,531,hemanth.narayana@doordash.com,Hemanth Narayana,limited_access,,2020-11-07 00:00:00,True,Kerala
37d81729-5b52-4227-a7ca-f84b3037e663,531,shivarama.lakshmanan@doordash.com,Shivarama Lakshmanan,member,,2020-01-18 00:00:00,True,Kerala
b2207882-df7b-4c30-ae0d-ad380eb9d198,531,lalith.vaidyar@doordash.com,Lalith Vaidyar,admin,,2020-05-28 00:00:00,True,Kerala
ba1044de-4144-4d32-80ee-510087a61d70,531,vijayan.govindan@doordash.com,Vijayan Govindan,limited_access,,2020-07-24 00:00:00,True,Kerala
5be18361-acb7-4bdd-b122-a3e40b46ee35,531,kuppuswamy.vaidyar@doordash.com,Kuppuswamy Vaidyar,admin,,2020-01-23 00:00:00,True,Kerala
8d12e750-45a3-4841-98c0-d9271d77e592,531,rudrambika.harish@doordash.com,Rudrambika Harish,limited_access,,2020-09-22 00:00:00,True,Kerala
b0a635db-be7b-4947-98a1-a4e78ce5e203,531,kuttiappa.vishwanathan@doordash.com,Kuttiappa Vishwanathan,guest,,2020-02-02 00:00:00,True,Kerala
ba42fd1b-9c67-4859-ba0b-dac869fc9041,531,renjith.sankar@doordash.com,Renjith Sankar,member,,2020-11-29 00:00:00,True,Kerala
b1ab2a41-6647-4070-a92f-a1ffab5c5848,531,girish.ramesh@doordash.com,Girish Ramesh,member,,2020-10-09 00:00:00,True,Kerala
207a16dc-ff51-41a0-a73f-381e7b400073,531,nashit.lakshmanan@doordash.com,Nashit Lakshmanan,admin,,2020-04-02 00:00:00,True,Kerala
0f97ae18-1a5e-479c-9263-f0e48e345267,531,sudhakara.balakrishnan@doordash.com,Sudhakara Balakrishnan,admin,,2020-12-11 00:00:00,True,Kerala
2c9cf95e-2110-453f-b026-c5878f2912ca,531,krishnamurthy.warrier@doordash.com,Krishnamurthy Warrier,member,,2020-05-28 00:00:00,True,Kerala
d10c192c-bc2f-4dbb-8029-8fd463b3eb7d,531,meekshisundaram.nair@doordash.com,Meekshisundaram Nair,admin,,2020-04-26 00:00:00,True,Kerala
a6b297d1-3f38-426c-a4cc-e54c1b04f149,531,venkata.gokul@doordash.com,Venkata Gokul,guest,,2020-08-11 00:00:00,True,Kerala
22bafa52-99eb-4433-99c9-5d59c3c79fac,531,kumar.krishnan@doordash.com,Kumar Krishnan,member,,2020-12-05 00:00:00,True,Kerala
415ab0be-fb6c-4b79-b366-8546345f773d,531,kiran.vasudevan@doordash.com,Kiran Vasudevan,guest,,2020-05-29 00:00:00,True,Kerala
dcea4288-480d-4e60-8fa5-d8b81e27f3c6,531,kurumurthy.narayana@doordash.com,Kurumurthy Narayana,member,,2020-06-12 00:00:00,True,Kerala
e6733e78-8357-440c-a072-81ae79bb22a2,531,balamurugan.rajendran@doordash.com,Balamurugan Rajendran,admin,,2020-08-04 00:00:00,True,Kerala
ace30c94-8f05-4357-b85e-b56c06818e80,531,venkataiah.sridhar@doordash.com,Venkataiah Sridhar,member,,2020-06-01 00:00:00,True,Kerala
4bf57989-7b87-415f-992d-702962f3b8bd,531,yogesh.madhavan@doordash.com,Yogesh Madhavan,member,,2020-01-31 00:00:00,True,Kerala
d2c596e3-3e44-4503-acd3-f2f86a4f0d10,531,siddharamaiah.sathish@doordash.com,Siddharamaiah Sathish,limited_access,,2020-08-02 00:00:00,True,Kerala
bb685b26-49f6-4567-8fa9-a8655da56182,531,ashwin.shanil@doordash.com,Ashwin Shanil,member,,2020-12-29 00:00:00,True,Kerala
3f6a5fdd-1aee-4bb4-8f7f-f3ed99ae5203,531,kuppuswamy.nair@doordash.com,Kuppuswamy Nair,guest,,2020-09-16 00:00:00,True,Kerala
a0e61b36-bac5-454d-9adc-ee7e96f3cdb8,531,vimal.sridhar@doordash.com,Vimal Sridhar,limited_access,,2020-08-15 00:00:00,True,Kerala
2a2e5c15-c4dd-4ae6-9985-2019b37e48e7,531,shankar.suresh@doordash.com,Shankar Suresh,member,,2020-07-05 00:00:00,True,Kerala
4d20779e-af46-4af5-bb14-088cb14ea551,531,padmavilasam.gopalakrishnan@doordash.com,Padmavilasam Gopalakrishnan,admin,,2020-11-12 00:00:00,True,Kerala
cd6df462-7f6a-4096-a32f-6b0150aa68fc,531,bilal.zulfikar@doordash.com,Bilal Zulfikar,member,,2020-11-14 00:00:00,True,Kerala
5fae4455-4de1-4db5-9698-3756905fcb65,531,zaid.barakat@doordash.com,Zaid Barakat,limited_access,,2020-01-22 00:00:00,True,Kerala
754d5892-dcd5-428c-8236-2d856f76582e,531,zaid.shahida@doordash.com,Zaid Shahida,limited_access,,2020-05-11 00:00:00,True,Kerala
c4a4708c-862b-44fa-86c2-fb42fd02b4fe,531,taha.muhammad@doordash.com,Taha Muhammad,limited_access,,2020-10-19 00:00:00,True,Kerala
7af2a86c-37bb-4318-a4e0-19bbfbd704de,531,akbar.sharif@doordash.com,Akbar Sharif,admin,,2020-08-31 00:00:00,True,Kerala
ccd5ba9d-1ee1-4750-b884-0ac8fe632374,531,imad.sulaimankutty@doordash.com,Imad Sulaimankutty,admin,,2020-03-06 00:00:00,True,Kerala
f2ae23fc-a0e7-41c5-8127-1e962d41f22c,531,latif.nadapuram@doordash.com,Latif Nadapuram,guest,,2020-11-18 00:00:00,True,Kerala
47b2692f-dddc-4313-b635-432a92bb14f9,531,zayyan.aziz@doordash.com,Zayyan Aziz,limited_access,,2020-02-29 00:00:00,True,Kerala
d6ca5e2c-dbc8-4b92-b21c-a9cf34ae30d1,531,tariq.sajeer@doordash.com,Tariq Sajeer,admin,,2020-05-05 00:00:00,True,Kerala
1961f88a-ca92-474f-9755-b9b57dbbcfc6,531,nawaz.mohiuddin@doordash.com,Nawaz Mohiuddin,guest,,2020-01-31 00:00:00,True,Kerala
e16e1bc4-d8f4-4aa3-ae55-4bebaa615e3f,531,madhin.shamsu@doordash.com,Madhin Shamsu,guest,,2020-11-17 00:00:00,True,Kerala
49965983-8e19-4c24-b5eb-b88b63c4abd8,531,hasan.vaidy@doordash.com,Hasan Vaidy,member,,2020-05-08 00:00:00,True,Kerala
748a8296-ca95-421f-8770-44ee7750a27a,531,shazib.saheer@doordash.com,Shazib Saheer,admin,,2020-11-14 00:00:00,True,Kerala
9f8d014a-64b1-4733-a1d4-fbb4c83fc5e3,531,muneeb.muthalali@doordash.com,Muneeb Muthalali,limited_access,,2020-03-29 00:00:00,True,Kerala
89e57898-eb09-4d7d-8e13-bcb8b7d192ec,531,azim.kareem@doordash.com,Azim Kareem,guest,,2020-06-09 00:00:00,True,Kerala
fb42e56c-b50e-4cdc-8e98-2fae0cd11aea,531,raza.salahuddin@doordash.com,Raza Salahuddin,guest,,2020-05-10 00:00:00,True,Kerala
4b895a34-09ae-4b72-9ea2-d60fda8ec24b,531,fayaz.arafath@doordash.com,Fayaz Arafath,member,,2020-07-23 00:00:00,True,Kerala
3f92d420-688b-498f-ad45-ff5c2120e7ea,531,muneer.azhar@doordash.com,Muneer Azhar,limited_access,,2020-07-08 00:00:00,True,Kerala
a04c5603-b10e-4c7e-b0f8-cafa85408f5e,531,farhan.alavi@doordash.com,Farhan Alavi,member,,2020-12-13 00:00:00,True,Kerala
2cbc62a4-e58d-4f6b-a63b-9f7ee703dd86,531,afnan.shiraj@doordash.com,Afnan Shiraj,limited_access,,2020-07-28 00:00:00,True,Kerala
5ca7a235-f749-4d42-909d-19411e6dc6d0,531,ali.anwar@doordash.com,Ali Anwar,admin,,2020-09-21 00:00:00,True,Kerala
40bff94f-f8d3-42c1-affb-2d21bde18691,531,bilal.bashirudheen@doordash.com,Bilal Bashirudheen,admin,,2020-07-15 00:00:00,True,Kerala
3183a979-6976-4550-b002-1262e2d79488,531,firoz.zaheer@doordash.com,Firoz Zaheer,member,,2020-10-22 00:00:00,True,Kerala
2cbbd82d-0bac-4570-9d2e-7557730de961,531,badar.arafath@doordash.com,Badar Arafath,limited_access,,2020-06-03 00:00:00,True,Kerala
4e25e735-b393-4e84-95c1-bf6c1c330011,531,murtaza.sharif@doordash.com,Murtaza Sharif,limited_access,,2020-10-10 00:00:00,True,Kerala
92e61951-b899-4081-89bf-21543b7c3ed8,531,nashit.ghani@doordash.com,Nashit Ghani,limited_access,,2020-06-21 00:00:00,True,Kerala
667cc1da-f3b8-4504-b4e7-dfb8305b2640,531,shazib.sulaiman@doordash.com,Shazib Sulaiman,limited_access,,2020-04-25 00:00:00,True,Kerala
06ceee36-ae16-4555-b178-2df2a4ee76d7,531,sulaiman.ghouse@doordash.com,Sulaiman Ghouse,guest,,2020-11-15 00:00:00,True,Kerala
73275e64-69f0-4116-9c28-e9bf3af4d520,531,arsalan.jasim@doordash.com,Arsalan Jasim,admin,,2020-10-23 00:00:00,True,Kerala
341fd8fd-bd51-4bd4-849b-3972731e85c7,531,kashif.muneerali@doordash.com,Kashif Muneerali,limited_access,,2020-09-28 00:00:00,True,Kerala
bb407bdb-083b-4804-8994-775fdb279a01,531,amin.javed@doordash.com,Amin Javed,admin,,2020-09-18 00:00:00,True,Kerala
6d606d67-9391-4677-bb5c-84d6a4459ece,531,sardar.hidaya@doordash.com,Sardar Hidaya,limited_access,,2020-12-25 00:00:00,True,Kerala
5b915584-599c-45d6-84e2-3df9cbabaf67,531,mansoor.bashir@doordash.com,Mansoor Bashir,admin,,2020-02-15 00:00:00,True,Kerala
615dd647-9613-41df-8bc3-893fd41af90e,531,muneeb.chirath@doordash.com,Muneeb Chirath,guest,,2020-03-27 00:00:00,True,Kerala
17d6612f-3150-44d8-9a1e-990ad2f4335a,531,moazzam.nadir@doordash.com,Moazzam Nadir,guest,,2020-03-24 00:00:00,True,Kerala
de45a034-53c7-4235-a21c-2d131308ea1b,531,abdullah.rafeeq@doordash.com,Abdullah Rafeeq,guest,,2020-12-30 00:00:00,True,Kerala
6af5a8da-ec1d-4b3e-bd95-a7ac76cb99ab,531,asif.basheer@doordash.com,Asif Basheer,member,,2020-07-30 00:00:00,True,Kerala
6873d730-476c-45ee-b9c4-28582bce97b4,531,latif.saheer@doordash.com,Latif Saheer,admin,,2020-07-12 00:00:00,True,Kerala
27749a28-ed72-408d-990a-73098387c224,531,fahad.fahad@doordash.com,Fahad Fahad,limited_access,,2020-12-05 00:00:00,True,Kerala
7e90db8a-7080-480a-8aea-46a6f5daeac1,531,jibril.madrasi@doordash.com,Jibril Madrasi,admin,,2020-01-02 00:00:00,True,Kerala
4729f237-c002-4ace-9cb9-4799674cf886,531,muneeb.ali@doordash.com,Muneeb Ali,admin,,2020-05-22 00:00:00,True,Kerala
7cbbd9cd-9308-4d1b-a99b-c0ecc5e369f3,531,sharif.muneer@doordash.com,Sharif Muneer,guest,,2020-09-18 00:00:00,True,Kerala
645753ef-7493-4307-a7fe-f6d73ad7b727,531,arsalan.ameer@doordash.com,Arsalan Ameer,admin,,2020-04-23 00:00:00,True,Kerala
9d691a99-6559-4ca3-b011-c85cfcb4b540,531,shahid.alavi@doordash.com,Shahid Alavi,member,,2020-05-18 00:00:00,True,Kerala
8e22e2b0-4c11-42e3-a1f4-2a6c6034a002,531,majeed.suleman@doordash.com,Majeed Suleman,guest,,2020-02-16 00:00:00,True,Kerala
a31a63f2-33ab-4157-a6f8-3e73a94a8388,531,akram.kareem@doordash.com,Akram Kareem,limited_access,,2020-03-08 00:00:00,True,Kerala
e7f3a5bf-db90-4483-941f-b549232392ac,531,faraz.latif@doordash.com,Faraz Latif,limited_access,,2020-08-11 00:00:00,True,Kerala
a3936130-e72f-4ca0-8ae9-97115f38c7d9,531,jamal.ashrafiya@doordash.com,Jamal Ashrafiya,admin,,2020-11-01 00:00:00,True,Kerala
8a3e5187-5c9b-4462-9717-a77c137148b9,531,osman.ghani@doordash.com,Osman Ghani,member,,2020-07-11 00:00:00,True,Kerala
18748e27-84ff-40c7-8dbf-9e2ddf49504a,531,khalid.latif@doordash.com,Khalid Latif,admin,,2020-04-16 00:00:00,True,Kerala
80fd1ba5-e073-43d0-92fd-a63a7c14e9b8,531,yaseen.sharif@doordash.com,Yaseen Sharif,limited_access,,2020-10-15 00:00:00,True,Kerala
bdef3b6b-b3ce-4359-9073-2c760f0fadaf,531,faraz.burhan@doordash.com,Faraz Burhan,limited_access,,2020-07-03 00:00:00,True,Kerala
f9cfef25-aa4e-4b5f-bc90-50b43b115e70,531,imran.abid@doordash.com,Imran Abid,guest,,2020-01-17 00:00:00,True,Kerala
b6e40761-ceac-4e0a-9a8d-42bf24e9f45c,531,iftikhar.ibrahim@doordash.com,Iftikhar Ibrahim,admin,,2020-08-11 00:00:00,True,Kerala
fed076ed-d42c-45e7-acbf-0defe7c13aa0,531,junaid.shihabudheen@doordash.com,Junaid Shihabudheen,admin,,2020-11-25 00:00:00,True,Kerala
7ddf2701-455d-4ab8-ae2d-86365f22ac78,531,salman.rashid@doordash.com,Salman Rashid,member,,2020-12-06 00:00:00,True,Kerala
d497a300-e7e3-4e90-a54f-94bd1115c80f,531,basharat.hamza@doordash.com,Basharat Hamza,limited_access,,2020-07-27 00:00:00,True,Kerala
e0359f89-619a-4154-8856-ecdc96576c12,531,rashid.koroth@doordash.com,Rashid Koroth,member,,2020-01-02 00:00:00,True,Kerala
d2bdd0f2-231a-413f-84e5-3885fc1b1db9,531,mustafa.nashid@doordash.com,Mustafa Nashid,member,,2020-10-06 00:00:00,True,Kerala
24fbc9c2-3bb3-4059-820c-9aab0f8f9805,531,jai.elisabeth@doordash.com,jai Elisabeth,guest,,2020-09-21 00:00:00,True,Kerala
8e3e69e8-a8e9-410f-a3d3-848ad8e334d9,531,ajay.panayil@doordash.com,Ajay Panayil,member,,2020-04-07 00:00:00,True,Kerala
3c4dfc73-4df4-4345-b7f4-8e49b15cfbc1,531,matthew.david@doordash.com,Matthew David,guest,,2020-07-25 00:00:00,True,Kerala
bbe1f16f-e8a0-434f-b042-d2f7332c307c,531,sam.freda@doordash.com,sam Freda,limited_access,,2020-09-18 00:00:00,True,Kerala
23f5b565-a201-4367-827f-c9b0c7ac7309,531,aravind.joanna@doordash.com,Aravind Joanna,member,,2020-05-08 00:00:00,True,Kerala
9e05fbc2-0f8c-4752-98fd-f3cbd6ce1b0b,531,john.kudilil@doordash.com,John kudilil,limited_access,,2020-05-13 00:00:00,True,Kerala
89387753-b9b1-4c3b-9a51-b190ccfbda4a,531,aldrin.anish@doordash.com,Aldrin anish,admin,,2020-04-25 00:00:00,True,Kerala
407278c6-f3b1-49bb-bad0-3c4ad4e8eb2d,531,noel.kochuvadakel@doordash.com,Noel kochuvadakel,admin,,2020-09-13 00:00:00,True,Kerala
f925c08e-71dc-4c9f-9479-31dfb9a05d82,531,sibin.valanjickal@doordash.com,Sibin Valanjickal,admin,,2020-12-18 00:00:00,True,Kerala
8c38ed04-8024-4f7e-96d0-bb1ccd5ada71,531,josiah.kizhakkethil@doordash.com,Josiah Kizhakkethil,member,,2020-10-06 00:00:00,True,Kerala
926e0240-16d2-4e2f-ad1d-4e45803426b7,531,georgekutty.sophia@doordash.com,georgekutty Sophia,admin,,2020-11-22 00:00:00,True,Kerala
6b0fc806-8a0b-4375-af92-fc5f0fa82a8b,531,jebinzubin.iype@doordash.com,jebinzubin Iype,admin,,2020-01-08 00:00:00,True,Kerala
b7152d2a-7b1d-4d17-aacd-f282765bfc99,531,siju.puthenveettil@doordash.com,Siju Puthenveettil,limited_access,,2020-06-17 00:00:00,True,Kerala
fda82e47-1bd2-4b53-a10e-0f8999a100dd,531,loy.mazhavil@doordash.com,Loy Mazhavil,guest,,2020-06-07 00:00:00,True,Kerala
a6eeb466-a42a-48ad-99a6-85af894b6f9e,531,kris.cherian@doordash.com,Kris Cherian,admin,,2020-10-20 00:00:00,True,Kerala
7d576c57-0d79-41d1-bc9c-e7861b87a292,531,manoj.kuttikkatt@doordash.com,Manoj Kuttikkatt,admin,,2020-01-28 00:00:00,True,Kerala
257e2897-9528-47af-94ea-d2fc4b1f722a,531,mohan.eepanantony@doordash.com,Mohan eepanantony,guest,,2020-01-07 00:00:00,True,Kerala
152eb047-fd74-4825-8403-6721cd5d9031,531,mose.valanjickal@doordash.com,Mose Valanjickal,member,,2020-12-24 00:00:00,True,Kerala
b25c6194-1b3c-4dbe-af61-b728988d5090,531,justin.huldah@doordash.com,Justin Huldah,guest,,2020-08-30 00:00:00,True,Kerala
9bd5a3e0-6306-4de7-8385-c5b48d9ae30e,531,emanuel.karakatt@doordash.com,Emanuel Karakatt,member,,2020-03-15 00:00:00,True,Kerala
b5df9724-804d-46eb-a471-12baa450df96,531,milan.carmela@doordash.com,Milan Carmela,admin,,2020-02-12 00:00:00,True,Kerala
957ede9d-f676-4f70-b27c-9a437dd0338c,531,rocky.annie@doordash.com,Rocky Annie,member,,2020-06-29 00:00:00,True,Kerala
adf00a8d-a5e1-42b3-8c84-686e99bc07d8,531,benson.eepanantony@doordash.com,Benson eepanantony,limited_access,,2020-11-01 00:00:00,True,Kerala
ff4be266-f619-4a80-8d8c-6addcf21a2b2,531,jashan.chavara@doordash.com,Jashan Chavara,admin,,2020-10-23 00:00:00,True,Kerala
25dd07c6-417a-49ff-8615-16359a5be675,531,prince.anand@doordash.com,Prince anand,member,,2020-09-20 00:00:00,True,Kerala
ed857fe1-5324-42d2-9bf0-393d6c61f5a5,531,alexander.judith@doordash.com,Alexander Judith,member,,2020-11-10 00:00:00,True,Kerala
4b1fef75-d071-4f82-a369-ce2bd933c6cf,531,rolf.kanjiramattom@doordash.com,Rolf Kanjiramattom,guest,,2020-07-16 00:00:00,True,Kerala
c0174d1d-f5eb-4cee-8b4c-6fdfd684778b,531,sajeev.puthankandy@doordash.com,Sajeev Puthankandy,guest,,2020-09-19 00:00:00,True,Kerala
d3f11b90-b21b-4276-a827-a32e386f026b,531,vinod.sophia@doordash.com,vinod Sophia,member,,2020-12-12 00:00:00,True,Kerala
17087103-debe-4118-b8a8-b2855dedf659,531,indu.chandran@doordash.com,Indu Chandran,admin,,2020-10-01 00:00:00,True,Kerala
ce3fc656-34f5-42d1-a930-5cb097589664,531,tulasi.madhavan@doordash.com,Tulasi Madhavan,admin,,2020-09-17 00:00:00,True,Kerala
91d018d2-f6ab-435c-9910-f715282478d4,531,gajini.kailas@doordash.com,Gajini Kailas,admin,,2020-07-07 00:00:00,True,Kerala
1c15a576-64a9-43f4-9fb7-90b95a63877b,531,shubha.shaan@doordash.com,Shubha Shaan,limited_access,,2020-12-27 00:00:00,True,Kerala
647b969f-e980-4704-9cef-e52eee441b1c,531,meena.gopal@doordash.com,Meena Gopal,limited_access,,2020-12-04 00:00:00,True,Kerala
4a6a14c7-f795-4712-bc3a-e32b7b3dc564,531,sreevani.harikrishnan@doordash.com,Sreevani Harikrishnan,limited_access,,2020-10-05 00:00:00,True,Kerala
d1dfa828-9664-428b-93d7-05f6206c1511,531,madhavi.chandran@doordash.com,Madhavi Chandran,admin,,2020-04-19 00:00:00,True,Kerala
8c3a566b-21db-4396-9a4d-ba967e231b19,531,nandhini.meenakshi@doordash.com,Nandhini Meenakshi,member,,2020-09-02 00:00:00,True,Kerala
ea7cf093-d1fa-466a-a844-f1bea62073ba,531,prema.prasanna@doordash.com,Prema Prasanna,limited_access,,2020-04-24 00:00:00,True,Kerala
bf2065df-998f-4970-89a0-e047f0ff8d66,531,alaka.sundar@doordash.com,Alaka Sundar,member,,2020-07-13 00:00:00,True,Kerala
d27d2e63-1cc5-47f3-ad82-9048cd4acbb4,531,sharmila.sathish@doordash.com,Sharmila Sathish,member,,2020-06-02 00:00:00,True,Kerala
6cd407e8-3e97-45df-bdb3-ce1337b21ecd,531,shruthi.kurup@doordash.com,Shruthi Kurup,limited_access,,2020-06-24 00:00:00,True,Kerala
48129365-779e-49e9-814a-6e3b73baf0b3,531,sahana.eapen@doordash.com,Sahana Eapen,member,,2020-04-21 00:00:00,True,Kerala
d509669f-5b11-49e9-96f8-f6a4230c0682,531,ravina.sreenivasan@doordash.com,Ravina Sreenivasan,member,,2020-01-18 00:00:00,True,Kerala
baa848d5-1aaf-462d-8a4f-b6c0727180f5,531,keerti.sridhar@doordash.com,Keerti Sridhar,limited_access,,2020-06-07 00:00:00,True,Kerala
346d8729-4c06-4d6b-bf60-0484f7fbb5f1,531,janaki.sivadas@doordash.com,Janaki Sivadas,member,,2020-03-16 00:00:00,True,Kerala
eadab74a-eaca-4bdd-b97d-c9d3e65ebe66,531,sajini.balakrishnan@doordash.com,Sajini Balakrishnan,admin,,2020-11-20 00:00:00,True,Kerala
111691a0-77c2-4a66-9593-4bc381377e9b,531,yogini.ajayan@doordash.com,Yogini Ajayan,admin,,2020-06-25 00:00:00,True,Kerala
241569e2-776e-4bd4-a4f0-bd2cccad7318,531,vidhitha.hemanth@doordash.com,Vidhitha Hemanth,member,,2020-04-08 00:00:00,True,Kerala
9ef1412d-0bf5-4f4a-ac45-f6377e89d3f2,531,kripa.chidambaram@doordash.com,Kripa Chidambaram,member,,2020-10-12 00:00:00,True,Kerala
d1c94086-7f48-4881-b8c8-b7c2198b5bad,531,pooja.vasudevan@doordash.com,Pooja Vasudevan,limited_access,,2020-08-05 00:00:00,True,Kerala
67a1758c-59ff-41f5-ba69-ea0210f29cb6,531,neela.rajesh@doordash.com,Neela Rajesh,member,,2020-04-06 00:00:00,True,Kerala
d297d55c-d0c7-43c2-bcad-c43532724762,531,pavithra.vijayan@doordash.com,Pavithra Vijayan,member,,2020-07-24 00:00:00,True,Kerala
ef7e17e1-9fe4-4021-b093-f77f6e4cfd43,531,jaya.shanil@doordash.com,Jaya Shanil,member,,2020-11-20 00:00:00,True,Kerala
27e90f0b-9816-4e27-a016-cbfc1915cade,531,sadhvika.vijayan@doordash.com,Sadhvika Vijayan,member,,2020-04-08 00:00:00,True,Kerala
f466a531-a10f-4636-a3b9-c16c68f844be,531,gajini.ravindran@doordash.com,Gajini Ravindran,admin,,2020-04-05 00:00:00,True,Kerala
0fab28f1-15c5-48d7-9bc6-fd328fb6da9e,531,nithila.kumar@doordash.com,Nithila Kumar,guest,,2020-12-19 00:00:00,True,Kerala
49f9b3e5-7730-4fe8-b1a6-272077520dde,531,janaki.balan@doordash.com,Janaki Balan,limited_access,,2020-10-26 00:00:00,True,Kerala
d49acf11-a007-4b6c-94d2-8c9c8d67d96b,531,disha.rajeev@doordash.com,Disha Rajeev,member,,2020-04-19 00:00:00,True,Kerala
89f159a0-5f83-47a2-9b2a-6938bc0b5241,531,anagha.balan@doordash.com,Anagha Balan,guest,,2020-02-28 00:00:00,True,Kerala
7fe49176-c8a9-41ce-8602-9b2b7d8c7821,531,kairavi.nambiar@doordash.com,Kairavi Nambiar,member,,2020-01-14 00:00:00,True,Kerala
95ef16ef-676b-48ee-87f1-b54ba3376c92,531,riya.soman@doordash.com,Riya Soman,limited_access,,2020-11-08 00:00:00,True,Kerala
8e36abc3-1f6d-45aa-a4c9-81e8b90b9e0e,531,malathi.ramesh@doordash.com,Malathi Ramesh,member,,2020-11-12 00:00:00,True,Kerala
9b1ee322-e293-43bd-9213-284553fd2161,531,swarna.ajayan@doordash.com,Swarna Ajayan,guest,,2020-11-28 00:00:00,True,Kerala
5a37f5b5-105b-4fcd-b0c8-1a26b415d5c8,531,manju.menon@doordash.com,Manju Menon,admin,,2020-01-14 00:00:00,True,Kerala
9efbdb19-10aa-4017-8fbd-56c47f29c81d,531,madhavi.shaji@doordash.com,Madhavi Shaji,limited_access,,2020-09-17 00:00:00,True,Kerala
4e299857-2504-4d52-a5d0-9d13c01ac87b,531,thara.madhusoodhanan@doordash.com,Thara Madhusoodhanan,limited_access,,2020-08-30 00:00:00,True,Kerala
124093ca-909b-43d9-84a3-848f4e265ef6,531,manorama.nair@doordash.com,Manorama Nair,admin,,2020-11-15 00:00:00,True,Kerala
8dafce2b-950c-43aa-9c6f-a558074947f8,531,divyapriya.gopal@doordash.com,Divyapriya Gopal,guest,,2020-04-12 00:00:00,True,Kerala
1a8be1a5-2fa0-4a1c-8b50-3302e8ee8106,531,sharanya.ramanan@doordash.com,Sharanya Ramanan,guest,,2020-07-06 00:00:00,True,Kerala
2acbf7ff-8f78-4ef5-9eb1-d2c5b9f09486,531,vinitha.venu@doordash.com,Vinitha Venu,admin,,2020-01-25 00:00:00,True,Kerala
5d83b308-f3e4-4b71-9204-a69a3e3a5a0c,531,preethi.vaidyar@doordash.com,Preethi Vaidyar,admin,,2020-07-01 00:00:00,True,Kerala
7ae46ba3-c417-4844-b92e-2d100877cc4b,531,krishna.sunil@doordash.com,Krishna Sunil,member,,2020-02-20 00:00:00,True,Kerala
9974eb94-5611-47c4-a27b-0ccfd101eb7d,531,pranitha.shaji@doordash.com,Pranitha Shaji,member,,2020-07-23 00:00:00,True,Kerala
98685293-841b-404c-985b-82641eaf85b4,531,vimala.bharath@doordash.com,Vimala Bharath,limited_access,,2020-12-03 00:00:00,True,Kerala
052eeaaa-8a1a-44c9-80e2-21f1d5f3ca67,531,swetha.balan@doordash.com,Swetha Balan,admin,,2020-03-18 00:00:00,True,Kerala
9cb7c65b-ad1a-4935-a5ba-57e1bcf54756,531,eshwari.vishwanathan@doordash.com,Eshwari Vishwanathan,limited_access,,2020-06-04 00:00:00,True,Kerala
d2c2731b-5a9b-4aa8-a8a9-3c0433079e93,531,lalitha.sandeep@doordash.com,Lalitha Sandeep,member,,2020-04-28 00:00:00,True,Kerala
4e1a4aa7-85f9-4d9e-ae76-2273a521553c,531,preethi.rathnakumar@doordash.com,Preethi Rathnakumar,guest,,2020-08-04 00:00:00,True,Kerala
63774fa6-4b6c-4d4c-a308-103bd9933c37,531,narayani.vayalil@doordash.com,Narayani Vayalil,member,,2020-03-18 00:00:00,True,Kerala
c27abcec-f3ba-464e-b056-1a893cc24e98,531,nithila.nellikkal@doordash.com,Nithila Nellikkal,limited_access,,2020-04-17 00:00:00,True,Kerala
5323ea61-da3e-4336-817c-25fcf091c8ca,531,vidhitha.padmini@doordash.com,Vidhitha Padmini,guest,,2020-10-21 00:00:00,True,Kerala
491dee71-2548-4d13-971d-cefc8c4f1103,531,amrutha.balan@doordash.com,Amrutha Balan,guest,,2020-06-22 00:00:00,True,Kerala
7da88565-2b9a-4688-ac9f-d57ec5d1147d,531,charutha.pillai@doordash.com,Charutha Pillai,guest,,2020-06-11 00:00:00,True,Kerala
385d6c26-b296-47f1-8c69-200f59152625,531,janaki.ravindran@doordash.com,Janaki Ravindran,limited_access,,2020-12-13 00:00:00,True,Kerala
09ae70fc-fa3c-4009-84bb-6d439822dbb6,531,vidhyashree.rajeev@doordash.com,Vidhyashree Rajeev,limited_access,,2020-05-16 00:00:00,True,Kerala
cb436d27-7963-48f8-8da2-7cffd76608af,531,dhanalakshmi.aravind@doordash.com,Dhanalakshmi Aravind,admin,,2020-06-30 00:00:00,True,Kerala
db5ae3e3-87e7-44f6-a0d1-5bede7461f5f,531,disha.rathnakumar@doordash.com,Disha Rathnakumar,guest,,2020-02-26 00:00:00,True,Kerala
4193acd2-0168-42b1-81e7-04a3e06d3255,531,keerti.raghu@doordash.com,Keerti Raghu,limited_access,,2020-12-19 00:00:00,True,Kerala
fb6706b4-d930-4769-b984-02b7612f2d71,531,nafisa.said@doordash.com,Nafisa Said,guest,,2020-07-28 00:00:00,True,Kerala
91b076c6-2c34-424e-8bf9-96b1bc0497a2,531,azra.amin@doordash.com,Azra Amin,guest,,2020-11-19 00:00:00,True,Kerala
1dd9cb5d-6058-47e7-86bc-bf77a7d3535e,531,rania.hidaya@doordash.com,Rania Hidaya,guest,,2020-08-01 00:00:00,True,Kerala
639593a2-759d-408a-a70d-62ffe0837666,531,sobia.ameer@doordash.com,Sobia Ameer,guest,,2020-01-10 00:00:00,True,Kerala
4047c236-4d9b-4333-8dee-d9d291965aaa,531,alya.yusuf@doordash.com,Alya Yusuf,admin,,2020-07-22 00:00:00,True,Kerala
32da03ef-f482-4510-a7f7-6d45140fae30,531,aysha.amin@doordash.com,Aysha Amin,guest,,2020-11-01 00:00:00,True,Kerala
2d9555ae-67a8-441b-9807-d894b101f702,531,abla.said@doordash.com,Abla Said,limited_access,,2020-09-23 00:00:00,True,Kerala
51c18694-2af5-4f04-ba74-3f9d178b23e2,531,inas.pookoya@doordash.com,Inas Pookoya,member,,2020-02-09 00:00:00,True,Kerala
893d2b97-8be1-4f8a-867e-9c1433bcc350,531,naila.hassan@doordash.com,Naila Hassan,member,,2020-02-06 00:00:00,True,Kerala
dd9f0ee6-239a-4ad6-819f-443240a26270,531,bibi.ameer@doordash.com,Bibi Ameer,guest,,2020-05-11 00:00:00,True,Kerala
928744df-357a-4a98-a085-8f16b71f359d,531,alya.madhavath@doordash.com,Alya Madhavath,member,,2020-03-20 00:00:00,True,Kerala
d5229639-df6e-455d-8c28-d5722dd7fd4d,531,lubna.abdullah@doordash.com,Lubna Abdullah,member,,2020-07-08 00:00:00,True,Kerala
f6062aa4-00bd-40e9-81f4-14b4366ee556,531,fatima.rashid@doordash.com,Fatima Rashid,admin,,2020-03-24 00:00:00,True,Kerala
e3880ff9-55c6-4a8e-9364-640b0faefa3f,531,nehar.zubair@doordash.com,Nehar Zubair,guest,,2020-03-18 00:00:00,True,Kerala
ce8c8503-23f0-4513-bfc7-6ef8f57f8dd5,531,suman.shihabudheen@doordash.com,Suman Shihabudheen,member,,2020-04-23 00:00:00,True,Kerala
2a8c3c6e-6656-4a1f-9435-390aac81d1ea,531,ghina.shihab@doordash.com,Ghina Shihab,admin,,2020-05-05 00:00:00,True,Kerala
a498a669-070c-4b8b-80b0-a1056e8e621c,531,haya.madhavath@doordash.com,Haya Madhavath,guest,,2020-07-14 00:00:00,True,Kerala
c26636ad-6bf6-4fe3-9096-8c44b04c75bf,531,hafeeza.rauf@doordash.com,Hafeeza Rauf,limited_access,,2020-04-29 00:00:00,True,Kerala
3acc7d5b-7eb1-49d8-8a54-bf19c7df801b,531,sumiya.al-hassan@doordash.com,Sumiya Al-Hassan,member,,2020-02-01 00:00:00,True,Kerala
65f56a48-3b01-47ee-8526-b55aa2818732,531,sadaf.zahra@doordash.com,Sadaf Zahra,guest,,2020-07-29 00:00:00,True,Kerala
9e3990d3-2871-43b0-a364-f51645a10924,531,khadija.palliyath@doordash.com,Khadija Palliyath,admin,,2020-09-13 00:00:00,True,Kerala
6bfa3b28-53f5-4b52-8e9c-c606dbdba1b5,531,fareeha.ali@doordash.com,Fareeha Ali,limited_access,,2020-08-04 00:00:00,True,Kerala
fcc7f729-4998-48b9-94c1-01cb755a5bd1,531,shaista.musliyar@doordash.com,Shaista Musliyar,admin,,2020-11-20 00:00:00,True,Kerala
ce4e222b-0ab9-4045-9ba6-36aae8b29080,531,rimsha.riyad@doordash.com,Rimsha Riyad,member,,2020-09-25 00:00:00,True,Kerala
ce001b9e-9564-4a79-8beb-fa5e8db13d24,531,zoya.muneer@doordash.com,Zoya Muneer,guest,,2020-03-17 00:00:00,True,Kerala
529cc6d8-bd07-4075-ae19-9351659eaf06,531,lina.khalid@doordash.com,Lina Khalid,member,,2020-09-04 00:00:00,True,Kerala
9fde8bef-17f9-4e86-be98-8d81d43db673,531,hanan.kutty@doordash.com,Hanan Kutty,guest,,2020-10-17 00:00:00,True,Kerala
59438a6a-d814-4e45-be2e-74afd5fcaaf4,531,lina.muneer@doordash.com,Lina Muneer,admin,,2020-05-17 00:00:00,True,Kerala
6ac02160-c657-47ca-a37c-d10797db8c32,531,abeer.musliyar@doordash.com,Abeer Musliyar,member,,2020-10-17 00:00:00,True,Kerala
de4e1162-f72c-480a-9423-e80b650c4727,531,shaheena.ibrahim@doordash.com,Shaheena Ibrahim,limited_access,,2020-10-22 00:00:00,True,Kerala
6705ba04-7067-4279-af94-6f27f7b04a17,531,shirin.fazal@doordash.com,Shirin Fazal,admin,,2020-07-11 00:00:00,True,Kerala
ad6434a6-f325-49cb-a7df-b5739a125091,531,sarai.al-hassan@doordash.com,Sarai Al-Hassan,admin,,2020-07-08 00:00:00,True,Kerala
03ef1cd9-7be2-493b-838d-156f3b67399e,531,jumana.muneer@doordash.com,Jumana Muneer,guest,,2020-04-28 00:00:00,True,Kerala
3be3863d-36f5-45ed-8ca4-b023e2fb36aa,531,nabila.syeda@doordash.com,Nabila Syeda,member,,2020-02-09 00:00:00,True,Kerala
ee849b9a-f2d3-4df3-b2ba-a8d45f4604b2,531,jamila.pookoya@doordash.com,Jamila Pookoya,member,,2020-10-06 00:00:00,True,Kerala
7ffb3ded-51dc-4dfc-b487-28ae17a215e5,531,syeda.palliyath@doordash.com,Syeda Palliyath,member,,2020-06-04 00:00:00,True,Kerala
6af3dff6-c204-4e5b-9218-aeab04d0e58e,531,shanaz.thangal@doordash.com,Shanaz Thangal,member,,2020-02-24 00:00:00,True,Kerala
928fb39e-b64d-4d8d-ba43-0f2cf1ef8491,531,asfiya.shihabudheen@doordash.com,Asfiya Shihabudheen,guest,,2020-02-16 00:00:00,True,Kerala
26038d3b-53b3-4f55-9300-47ac6fec6607,531,sumiya.amin@doordash.com,Sumiya Amin,member,,2020-09-12 00:00:00,True,Kerala
0d7341e2-33b1-47b8-812d-cae50efb8bce,531,suma.palliyath@doordash.com,Suma Palliyath,limited_access,,2020-08-08 00:00:00,True,Kerala
656f614d-b0fc-4175-94da-1d78c65bd230,531,sumaira.shahida@doordash.com,Sumaira Shahida,guest,,2020-06-07 00:00:00,True,Kerala
3cad531a-56d3-4957-8728-aef8a472084b,531,jazmin.feroze@doordash.com,Jazmin Feroze,admin,,2020-07-16 00:00:00,True,Kerala
eb936ce2-fc25-4610-a82b-746d629be7d0,531,anum.chekkan@doordash.com,Anum Chekkan,admin,,2020-06-09 00:00:00,True,Kerala
4ee65e0e-2752-43d3-bfb8-b2b361f56ceb,531,lana.zubair@doordash.com,Lana Zubair,member,,2020-02-12 00:00:00,True,Kerala
bdfbd55b-72b1-4cfc-b1f8-2a4799a38293,531,hanan.farooq@doordash.com,Hanan Farooq,member,,2020-05-04 00:00:00,True,Kerala
e620b352-2d15-4f43-ad03-04ce4c6abd52,531,haya.fahad@doordash.com,Haya Fahad,guest,,2020-12-04 00:00:00,True,Kerala
89bb9250-38f4-4aa7-ad4b-76bc6ebdc261,531,asiya.pookoya@doordash.com,Asiya Pookoya,admin,,2020-04-08 00:00:00,True,Kerala
79c46690-d8af-48e5-ad90-fae6cede239c,531,aziza.vallikkunnu@doordash.com,Aziza Vallikkunnu,guest,,2020-12-14 00:00:00,True,Kerala
7c86ed51-5e9d-47d0-a626-c822a502033e,531,hafsa.ashrafiya@doordash.com,Hafsa Ashrafiya,limited_access,,2020-10-25 00:00:00,True,Kerala
8cf3d4a8-bf55-479f-bfad-689961465b43,531,shania.syeda@doordash.com,Shania Syeda,guest,,2020-02-16 00:00:00,True,Kerala
46df4f59-cb6a-41af-8bb1-aa021ab18300,531,syeda.riyad@doordash.com,Syeda Riyad,admin,,2020-07-26 00:00:00,True,Kerala
15f0eb65-59cc-4899-9fa9-bc36ead32ff4,531,nida.farooq@doordash.com,Nida Farooq,limited_access,,2020-08-27 00:00:00,True,Kerala
7ab5eb9b-1a7f-4dbb-8669-d495f0d453b7,531,raihana.khalid@doordash.com,Raihana Khalid,member,,2020-12-16 00:00:00,True,Kerala
fdb47886-41a6-4570-a9ba-9f373fd64ace,531,tariqa.madhavath@doordash.com,Tariqa Madhavath,admin,,2020-12-08 00:00:00,True,Kerala
c1723aa8-8bb5-441a-b3b6-8867184f99cb,531,reem.pookoya@doordash.com,Reem Pookoya,guest,,2020-10-23 00:00:00,True,Kerala
489e5a34-e559-48b2-9014-c1122e572512,531,maliha.thangal@doordash.com,Maliha Thangal,limited_access,,2020-02-11 00:00:00,True,Kerala
84a361f7-7d40-4ff8-9628-aa41f369f3fd,531,shahida.feroze@doordash.com,Shahida Feroze,guest,,2020-05-14 00:00:00,True,Kerala
fc5e0b21-88ec-449c-a9a6-315606c7d8b9,531,rima.kutty@doordash.com,Rima Kutty,guest,,2020-01-27 00:00:00,True,Kerala
9f7ffd9c-5513-49c9-bc58-b43f26bba9ae,531,maha.riyad@doordash.com,Maha Riyad,admin,,2020-12-05 00:00:00,True,Kerala
83f1352d-b3d1-4952-8720-18ad1ecac4ef,531,nehemiah.anand@doordash.com,Nehemiah anand,admin,,2020-05-17 00:00:00,True,Kerala
848cc9da-ca91-434d-abdf-5411ec4f0c87,531,anu.lydia@doordash.com,anu Lydia,limited_access,,2020-06-06 00:00:00,True,Kerala
86964d14-2273-4001-87bd-ee13523df882,531,elisabeth.jude@doordash.com,Elisabeth Jude,member,,2020-07-17 00:00:00,True,Kerala
f8a4f0b8-8574-4d12-9655-6e67be8f9158,531,galatia.kuriakoseelias@doordash.com,Galatia Kuriakose Elias,guest,,2020-04-04 00:00:00,True,Kerala
f83312ce-cb03-4c03-af0d-7b8eb7eb7f93,531,binu.vettukattil@doordash.com,binu Vettukattil,admin,,2020-08-15 00:00:00,True,Kerala
a508888b-1f8d-474e-a4a1-516a468131fb,531,hannah.anish@doordash.com,Hannah anish,limited_access,,2020-08-21 00:00:00,True,Kerala
28f6df83-a93a-4291-85f9-88b616a728b0,531,anila.martha@doordash.com,anila Martha,guest,,2020-08-31 00:00:00,True,Kerala
4eda3853-814d-4b56-9dae-e85aa2c20643,531,lana.esther@doordash.com,Lana Esther,member,,2020-03-15 00:00:00,True,Kerala
50b7dddd-1ec4-4ecd-bafe-876305cd2cf4,531,kavitha.punnathra@doordash.com,Kavitha Punnathra,member,,2020-09-10 00:00:00,True,Kerala
0acdb80f-9897-41d0-b912-6af85b559cf1,531,shreya.esther@doordash.com,shreya Esther,limited_access,,2020-08-09 00:00:00,True,Kerala
2ea251b8-f733-48b5-acb0-516eec89ebe0,531,jeny.sarah@doordash.com,jeny Sarah,limited_access,,2020-07-02 00:00:00,True,Kerala
5800997d-c145-48b3-9aef-18d05bb3c161,531,neevan.chali@doordash.com,neevan Chali,limited_access,,2020-05-26 00:00:00,True,Kerala
453b57ab-1f95-4d79-9bc8-84ecc4916cd0,531,elsa.priscilla@doordash.com,Elsa Priscilla,admin,,2020-07-20 00:00:00,True,Kerala
8ce75ad7-2fe8-427f-b736-a144f29dca4e,531,susan.victoria@doordash.com,susan Victoria,limited_access,,2020-04-19 00:00:00,True,Kerala
1c4c086a-abd3-486d-a6f0-941d28d9269b,531,elisha.vettukattil@doordash.com,elisha Vettukattil,limited_access,,2020-01-13 00:00:00,True,Kerala
228c5722-c053-41c0-b946-58f207d54974,531,vineetha.william@doordash.com,Vineetha William,guest,,2020-05-15 00:00:00,True,Kerala
e7360675-5e74-4e56-8efb-342ad474a44a,531,zipporah.vettukattil@doordash.com,Zipporah Vettukattil,guest,,2020-06-05 00:00:00,True,Kerala
fa5f89e2-a757-4aeb-830f-e29ef9d831ce,531,lisha.puthankandy@doordash.com,lisha Puthankandy,guest,,2020-01-06 00:00:00,True,Kerala
78025d4e-00e9-4ee1-99c4-471124c8c157,531,kunjumol.jameson@doordash.com,kunjumol Jameson,limited_access,,2020-01-15 00:00:00,True,Kerala
74f661ea-bb5f-4271-bae5-c07b82846950,531,gretta.eve@doordash.com,Gretta Eve,guest,,2020-10-11 00:00:00,True,Kerala
8ab63562-8918-4948-9a59-0e890cf15b00,531,jasna.tharakan@doordash.com,jasna Tharakan,member,,2020-01-31 00:00:00,True,Kerala
81ced606-ac69-4b63-9699-a19787f3d9fc,531,emily.rahab@doordash.com,Emily Rahab,member,,2020-05-11 00:00:00,True,Kerala
3234734f-0110-4a9f-9a7d-ee938b12f7d1,531,jisty.puthankandy@doordash.com,jisty Puthankandy,guest,,2020-12-31 00:00:00,True,Kerala
57055e7b-117a-45f3-aa51-56532997a170,531,rhea.james@doordash.com,rhea James,admin,,2020-02-26 00:00:00,True,Kerala
06596c6b-3be5-4e54-a05e-a28d64404efa,531,annmaria.puthankandy@doordash.com,annmaria Puthankandy,limited_access,,2020-03-02 00:00:00,True,Kerala
92b31364-327d-4bbc-9696-dcef33d1f1fc,531,neha.kochuparambil@doordash.com,neha kochuparambil,limited_access,,2020-06-30 00:00:00,True,Kerala
117981d8-0caa-48db-abca-c23c9424ce78,531,angel.james@doordash.com,angel James,limited_access,,2020-07-08 00:00:00,True,Kerala
31a9dc32-2b89-4caa-a447-6d41aec36797,531,deborah.abraham@doordash.com,Deborah Abraham,member,,2020-07-30 00:00:00,True,Kerala
44b7efe4-915a-4beb-95e0-20978f30c68a,531,lisha.kizhakkethil@doordash.com,lisha Kizhakkethil,limited_access,,2020-02-12 00:00:00,True,Kerala
6929c27a-41e5-4d58-923f-679ee0db1e57,531,bipin.charannanda@doordash.com,Bipin charan Nanda,member,,2020-06-23 00:00:00,True,Odisha
8d52fc81-7443-4bfc-9353-a4b6e51a343e,531,rama.barik@doordash.com,Rama Barik,member,,2020-12-31 00:00:00,True,Odisha
504d36e4-f251-41df-be8d-aca945264027,531,manish.nayak@doordash.com,Manish Nayak,admin,,2020-04-29 00:00:00,True,Odisha
f3b97d17-0a5e-4010-b0b3-23eb5a6fbc14,531,ranjana.ranidasgupta@doordash.com,Ranjana rani Dasgupta,limited_access,,2020-01-29 00:00:00,True,Odisha
e947151a-8f33-4483-86a4-191a05a282a6,531,sabyasachi.mallick@doordash.com,Sabyasachi Mallick ,limited_access,,2020-11-21 00:00:00,True,Odisha
2d5c6a78-387f-459c-9bcb-650cb3ca2c15,531,sitarani.devinayak@doordash.com,Sitarani devi Nayak,guest,,2020-05-20 00:00:00,True,Odisha
d6f262fd-da93-455c-8b39-7a0db0a4022f,531,debasish.mishra@doordash.com,Debasish Mishra,member,,2020-01-03 00:00:00,True,Odisha
65679ff0-3dff-44cb-bdd0-e966fabaccec,531,sushila.pattnaik@doordash.com,Sushila Pattnaik,guest,,2020-07-10 00:00:00,True,Odisha
0ff3f4ef-bd5c-4a93-ad2e-f8da46e940b7,531,karan.dasdas@doordash.com,Karan das Das,member,,2020-01-13 00:00:00,True,Odisha
da2b4898-056d-475c-9ac4-ee2138d12c4c,531,puja.dasarathi@doordash.com,Puja Dasarathi,limited_access,,2020-02-11 00:00:00,True,Odisha
b9d10a5f-1e65-423d-8b28-02c240ffb061,531,achyut.ranjanpatel@doordash.com,Achyut ranjan Patel,member,,2020-10-31 00:00:00,True,Odisha
ba094444-bd86-4316-b00e-15997992cc5b,531,shalini.sahu@doordash.com,Shalini Sahu,guest,,2020-08-22 00:00:00,True,Odisha
51915b7b-2ba5-4136-a4b9-484fc985e366,531,bikash.padhy@doordash.com,Bikash Padhy,member,,2020-05-30 00:00:00,True,Odisha
14e7d06f-3285-4b06-be7b-c433513dadc9,531,eka.priyadas@doordash.com,Eka priya Das,admin,,2020-01-30 00:00:00,True,Odisha
88545783-54b7-45e7-804a-8bb7cf56f08e,531,narayana.sarnayat@doordash.com,Narayana Sarnayat,guest,,2020-07-20 00:00:00,True,Odisha
a867fcd3-9fc3-462b-ab0d-724155245ceb,531,jaiwanti.priyapatnaik@doordash.com,Jaiwanti priya Patnaik,limited_access,,2020-11-08 00:00:00,True,Odisha
960bc450-989a-4fcb-8d46-f22ab8bd687e,531,bishnu.ranjandhal@doordash.com,Bishnu ranjan Dhal,limited_access,,2020-02-25 00:00:00,True,Odisha
ae3b7575-7e44-46b6-9e7b-07458a010024,531,rachana.shreerai@doordash.com,Rachana shree Rai,guest,,2020-02-23 00:00:00,True,Odisha
7a8d61b5-6705-4365-8dc9-2fc7d130427e,531,rameswar.mohandasarathi@doordash.com,Rameswar mohan Dasarathi,guest,,2020-10-26 00:00:00,True,Odisha
4c8bb102-bff5-44bc-8e66-93e16f1eb2b7,531,debasmita.rathore@doordash.com,Debasmita Rathore,member,,2020-02-24 00:00:00,True,Odisha
3dc9bf08-d287-4aa8-8dd9-5295d44ef8c6,531,kamal.khalat@doordash.com,Kamal Khalat,guest,,2020-06-01 00:00:00,True,Odisha
ab0e1b58-cb33-4820-a1b9-098fbb69ffe9,531,pallabi.khalat@doordash.com,Pallabi Khalat,member,,2020-03-15 00:00:00,True,Odisha
a9daf099-b0d5-4383-8b11-6a52fe7022fd,531,kamalakar.rath@doordash.com,Kamalakar Rath,guest,,2020-02-29 00:00:00,True,Odisha
3fad75d2-6fc0-4e71-9752-edb867a070e3,531,sushmita.sundarisahoo@doordash.com,Sushmita sundari Sahoo,limited_access,,2020-02-24 00:00:00,True,Odisha
03c0317a-97a5-419b-b024-e67e146dc988,531,rathindra.mohannayak@doordash.com,Rathindra mohan Nayak,limited_access,,2020-06-14 00:00:00,True,Odisha
2b5f71ba-667a-4ab1-92ce-0fe93c730b9e,531,sweta.prabhamohapatra@doordash.com,Sweta prabha Mohapatra,member,,2020-05-17 00:00:00,True,Odisha
a28651eb-19b9-4f93-aca0-624e23ac64bd,531,subash.chaitanyarathore@doordash.com,Subash chaitanya Rathore,guest,,2020-04-04 00:00:00,True,Odisha
cef5b346-2fd9-45d4-9359-3fbd78fee319,531,manjari.linapradhan@doordash.com,Manjari lina Pradhan,limited_access,,2020-04-01 00:00:00,True,Odisha
a24ff21e-53c9-4496-965c-a234dff02c4d,531,satyendra.prasadpanigrahi@doordash.com,Satyendra prasad Panigrahi,member,,2020-02-23 00:00:00,True,Odisha
cdf47a8a-9cfe-4b2d-9203-8c650ae9cbd1,531,aradhya.prabhaswain@doordash.com,Aradhya prabha Swain,guest,,2020-01-29 00:00:00,True,Odisha
523bd3db-b6a3-4979-a208-f06764459993,531,bijay.chandramohant@doordash.com,Bijay chandra Mohant,limited_access,,2020-05-18 00:00:00,True,Odisha
5868bbff-0b84-405d-801c-1f6597157d5f,531,nitika.parida@doordash.com,Nitika Parida,limited_access,,2020-08-23 00:00:00,True,Odisha
0f50674c-6a7d-403e-9217-ee665ab2c43b,531,sudhir.pattnaik@doordash.com,Sudhir Pattnaik,admin,,2020-12-14 00:00:00,True,Odisha
3e252aab-7d16-4fc9-8973-4e634d8f6aa9,531,hemanti.devisahu@doordash.com,Hemanti devi Sahu,guest,,2020-09-25 00:00:00,True,Odisha
8e9701f0-2b62-4607-af6c-bd0f46018a13,531,madhukanta.babusamantray@doordash.com,Madhukanta babu Samantray,limited_access,,2020-02-22 00:00:00,True,Odisha
2128b137-ac33-461a-8f2b-00a95ee41d22,531,radhika.prabhatiwari@doordash.com,Radhika prabha Tiwari,member,,2020-05-04 00:00:00,True,Odisha
c432fe69-d5f3-466f-8f6e-0ca53d5d3c39,531,saswat.charansahoo@doordash.com,Saswat charan Sahoo,guest,,2020-09-15 00:00:00,True,Odisha
b9cdeb01-0f4b-4f5f-81d8-feb5dcdbaf19,531,madhuri.raninayak@doordash.com,Madhuri rani Nayak,admin,,2020-07-11 00:00:00,True,Odisha
e7c0420b-443f-4800-bc80-771a17171bf6,531,pratap.charandhal@doordash.com,Pratap charan Dhal,admin,,2020-07-26 00:00:00,True,Odisha
25dea457-2fef-4089-9a2b-cc2d616c3711,531,kasturi.patnaik@doordash.com,Kasturi Patnaik,guest,,2020-12-18 00:00:00,True,Odisha
346f34c6-2ca8-4e6d-9f89-9dfdf756697a,531,arup.chandrasatpathy@doordash.com,Arup chandra Satpathy,guest,,2020-10-12 00:00:00,True,Odisha
4eaa1a13-3ba0-4f27-ad41-859861599702,531,chandrika.linasahu@doordash.com,Chandrika lina Sahu,admin,,2020-04-25 00:00:00,True,Odisha
65a0c1ae-ada6-47c7-bc9a-99cee33dfbaa,531,manoj.chandradasarathi@doordash.com,Manoj chandra Dasarathi,admin,,2020-07-26 00:00:00,True,Odisha
51beb5bb-65fd-4d49-ac44-d21b65f7feff,531,binapani.acharya@doordash.com,Binapani Acharya,member,,2020-04-14 00:00:00,True,Odisha
eeeba91a-40c7-467f-b931-204a28bbcfba,531,sourav.nathbhoi@doordash.com,Sourav nath Bhoi,admin,,2020-10-21 00:00:00,True,Odisha
f8dea093-ea26-487e-9e11-9a16e9e80dea,531,sakhi.prabhatripathy@doordash.com,Sakhi prabha Tripathy,member,,2020-04-25 00:00:00,True,Odisha
81b61e0c-8ab2-4a40-bd4d-bb840a10f620,531,shubham.sundarpattnaik@doordash.com,Shubham sundar Pattnaik,limited_access,,2020-04-02 00:00:00,True,Odisha
26f18956-4509-4f09-b1d3-e94080a1d8d3,531,neelam.pradhan@doordash.com,Neelam Pradhan,limited_access,,2020-06-02 00:00:00,True,Odisha
28094047-6e67-456a-ab81-48bde35ea8fd,531,saswat.kumardasarath@doordash.com,Saswat kumar Dasarath,member,,2020-06-03 00:00:00,True,Odisha
fefa59e7-65f1-466d-aa24-99e866d28186,531,sujata.behera@doordash.com,Sujata Behera,member,,2020-01-17 00:00:00,True,Odisha
0b994cc0-8914-4db4-8aee-7110c4c56f92,531,kushal.bhushansamal@doordash.com,Kushal bhushan Samal,admin,,2020-02-07 00:00:00,True,Odisha
07f54c5e-9d9b-4519-b908-84905f80b229,531,satyasri.sarnayat@doordash.com,Satyasri Sarnayat,member,,2020-01-08 00:00:00,True,Odisha
e0f4ac3f-dacf-4120-b982-0e0c594381fc,531,prakash.sahoo@doordash.com,Prakash Sahoo,admin,,2020-11-29 00:00:00,True,Odisha
973fde57-ba92-4ebf-9644-8ea7eca7b835,531,kamala.ranipanigrahi@doordash.com,Kamala rani Panigrahi,member,,2020-09-23 00:00:00,True,Odisha
63d85964-d36d-4ae3-b1d9-ff27f923d869,531,binod.jena@doordash.com,Binod Jena,limited_access,,2020-03-15 00:00:00,True,Odisha
46ae21c2-640e-4f15-89b5-7bae4a5773c2,531,kanti.devitripathy@doordash.com,Kanti devi Tripathy,limited_access,,2020-12-27 00:00:00,True,Odisha
d918bf6f-7740-49ed-a0d1-6e6af1c6f034,531,sanjay.hota@doordash.com,Sanjay Hota,guest,,2020-08-16 00:00:00,True,Odisha
8e77d00a-2516-40a1-be1e-0cc2884f5961,531,oindrila.bhartibarik@doordash.com,Oindrila bharti Barik,guest,,2020-03-27 00:00:00,True,Odisha
6206a40f-0111-4cbb-8169-570a8b873af2,531,balaram.sethi@doordash.com,Balaram Sethi,guest,,2020-06-05 00:00:00,True,Odisha
6b323a73-7946-4b75-a1ed-8ffd96cb67a7,531,alpana.linachoudhury@doordash.com,Alpana lina Choudhury,member,,2020-09-19 00:00:00,True,Odisha
c5686c02-5daa-4245-a2ab-b16e02feb4a4,531,satyabrata.maninanda@doordash.com,Satyabrata mani Nanda,admin,,2020-06-05 00:00:00,True,Odisha
da5e1040-01d0-4b3c-9e5e-51b28f110210,531,madhusmitha.sahu@doordash.com,Madhusmitha Sahu,admin,,2020-09-20 00:00:00,True,Odisha
69299499-cc12-4ccc-8355-b297f1a7400f,531,hariprasad.sahoo@doordash.com,Hariprasad Sahoo,member,,2020-07-10 00:00:00,True,Odisha
558a236c-4793-4500-b1f2-1948e56a4b6e,531,bharati.sundarirathore@doordash.com,Bharati sundari Rathore,admin,,2020-12-19 00:00:00,True,Odisha
9df4df47-084e-414a-acd3-eecb76282899,531,ajit.sethi@doordash.com,Ajit Sethi,admin,,2020-10-19 00:00:00,True,Odisha
1a0c08a4-e9ce-444f-b0f7-3b2e0b8abe2c,531,rajashree.linajena@doordash.com,Rajashree lina Jena,admin,,2020-12-22 00:00:00,True,Odisha
a9d370be-50ba-4096-a2cf-52137bebca26,531,kailash.kumarswain@doordash.com,Kailash kumar Swain,limited_access,,2020-06-28 00:00:00,True,Odisha
e36b6a4f-ff6a-466f-9e9a-dcb693fa3786,531,ritika.shreesamal@doordash.com,Ritika shree Samal,member,,2020-01-31 00:00:00,True,Odisha
59198338-acbf-46cb-8dea-38a159a3fea0,531,tapan.mishra@doordash.com,Tapan Mishra,member,,2020-03-20 00:00:00,True,Odisha
7484e3e9-d780-4382-8a95-4e93b7de9d5f,531,alpana.priyarathore@doordash.com,Alpana priya Rathore,limited_access,,2020-07-27 00:00:00,True,Odisha
6d64d3da-3238-4573-9885-80a37275edc8,531,keshav.nathdasarathi@doordash.com,Keshav nath Dasarathi,guest,,2020-06-25 00:00:00,True,Odisha
a9f01ff9-6058-441e-a30e-ddf0bf3228ad,531,madhurima.sundarikant@doordash.com,Madhurima sundari Kant,guest,,2020-09-11 00:00:00,True,Odisha
52b6e1af-fe10-430c-a750-c2f1f2c8bfcf,531,chiranjeevi.pradhan@doordash.com,Chiranjeevi Pradhan,guest,,2020-04-04 00:00:00,True,Odisha
d7e6fbd2-f8d9-4d58-80fc-d02dfff48326,531,krishna.baral@doordash.com,Krishna Baral,limited_access,,2020-07-15 00:00:00,True,Odisha
b429b72d-f884-4bff-b2cc-af3c94dcbc45,531,chinmay.choudhury@doordash.com,Chinmay Choudhury,member,,2020-02-26 00:00:00,True,Odisha
bb0da174-d0f5-4814-9b74-ce3933c2538c,531,chhavi.priyasamantray@doordash.com,Chhavi priya Samantray,guest,,2020-05-14 00:00:00,True,Odisha
15709278-b646-4402-9745-f564d17a55e0,531,sambit.prasadpatnaik@doordash.com,Sambit prasad Patnaik,guest,,2020-07-19 00:00:00,True,Odisha
c75979ff-f02e-4e96-b32d-243424b91a7d,531,sharmila.nayak@doordash.com,Sharmila Nayak,member,,2020-10-21 00:00:00,True,Odisha
74fcc7bd-c1ae-435f-9ff1-2cbceeaaae6b,531,arun.dasarathi@doordash.com,Arun Dasarathi,limited_access,,2020-01-31 00:00:00,True,Odisha
dfd44622-9f0c-4be0-812e-af21d733adb4,531,bindiya.prabhabarik@doordash.com,Bindiya prabha Barik,guest,,2020-09-08 00:00:00,True,Odisha
c80239a6-6b3f-4e30-bc4b-34c0ab69c4d2,531,ranjit.mohanbhoi@doordash.com,Ranjit mohan Bhoi,limited_access,,2020-08-12 00:00:00,True,Odisha
f68e8bd0-1fd1-4204-8698-ccc12ab7295b,531,parbati.patnaik@doordash.com,Parbati Patnaik,guest,,2020-07-20 00:00:00,True,Odisha
dd55c39d-9ca0-4bc8-8383-dc9fd0fc6032,531,saswat.sundarpatnaik@doordash.com,Saswat sundar Patnaik,admin,,2020-10-26 00:00:00,True,Odisha
56367760-2ec2-4b1c-a32c-8b6215dac4a6,531,mitali.pati@doordash.com,Mitali Pati,guest,,2020-02-21 00:00:00,True,Odisha
3b3d2873-73b7-42d7-b7a1-4d48ec86dad4,531,tanmay.jeetrana@doordash.com,Tanmay jeet Rana,guest,,2020-10-02 00:00:00,True,Odisha
3677d46a-d6bb-461f-ace9-c5867a2bf749,531,nitika.kant@doordash.com,Nitika Kant,guest,,2020-05-28 00:00:00,True,Odisha
52598906-fb37-4760-863f-3daedaf6dbe4,531,sushant.sahoo@doordash.com,Sushant Sahoo,limited_access,,2020-11-08 00:00:00,True,Odisha
32257d41-e5e4-4c26-bb5a-56f16d7110ad,531,sashwati.swain@doordash.com,Sashwati Swain,guest,,2020-03-07 00:00:00,True,Odisha
e89bb466-3744-4a64-86ca-af606f8bccd5,531,kedar.patnaik@doordash.com,Kedar Patnaik,limited_access,,2020-10-21 00:00:00,True,Odisha
6c4810ed-00f6-4b39-94ea-6ba028e991d6,531,bharati.behera@doordash.com,Bharati Behera,member,,2020-09-10 00:00:00,True,Odisha
3a3631e7-51a0-4a7a-ac99-698e3338c350,531,bipin.chaitanyasatpathy@doordash.com,Bipin chaitanya Satpathy,member,,2020-11-20 00:00:00,True,Odisha
9a2bc5e0-d314-43eb-bace-ed6cb27ac8c4,531,neha.sethi@doordash.com,Neha Sethi,limited_access,,2020-02-19 00:00:00,True,Odisha
574431e4-e95f-45a8-8dfe-5b66f81a0286,531,uday.prusty@doordash.com,Uday Prusty,member,,2020-03-15 00:00:00,True,Odisha
5824410f-a878-4783-938f-9eae14676c08,531,madhavi.bhartisethi@doordash.com,Madhavi bharti Sethi,member,,2020-12-13 00:00:00,True,Odisha
32ccfa06-1520-4858-b05e-b7cd9cc491d4,531,dibakar.kant@doordash.com,Dibakar Kant,admin,,2020-12-10 00:00:00,True,Odisha
15f18212-9e16-4255-9ab8-baca3891f632,531,malini.linasahu@doordash.com,Malini lina Sahu,guest,,2020-05-07 00:00:00,True,Odisha
aa2d3d7f-2ea6-4641-afb7-5e1841544f65,531,anirudh.prasadsamantray@doordash.com,Anirudh prasad Samantray,admin,,2020-09-24 00:00:00,True,Odisha
35f7334c-ae8d-4370-b1cc-6a4cf34fa382,531,hemanti.pattnaik@doordash.com,Hemanti Pattnaik,admin,,2020-08-21 00:00:00,True,Odisha
4dabacb3-50bb-45b1-9cbc-b5e7514d7847,531,jagadish.sundarsethi@doordash.com,Jagadish sundar Sethi,admin,,2020-12-30 00:00:00,True,Odisha
e943e72d-e473-42fe-a91b-53e117463d5b,531,priyanka.das@doordash.com,Priyanka Das,member,,2020-11-17 00:00:00,True,Odisha
50013602-8217-4cfb-a582-b50c69ea4042,531,shankar.parida@doordash.com,Shankar Parida,admin,,2020-09-26 00:00:00,True,Odisha
c075b7fc-89a6-4b24-a44e-bafd459e6f46,531,amita.chakraborty@doordash.com,Amita Chakraborty,member,,2020-01-04 00:00:00,True,Odisha
05138fdb-1dcf-49e2-b437-9ee2fe37f96f,531,raghunandan.dasarath@doordash.com,Raghunandan Dasarath,admin,,2020-01-06 00:00:00,True,Odisha
6c29a509-67a6-479b-90f8-a5f838a551ee,531,sakina.sundarisahoo@doordash.com,Sakina sundari Sahoo,limited_access,,2020-04-12 00:00:00,True,Odisha
a6d357c5-b7d9-46cf-92bf-3671f6d65a7e,531,manish.ranjanjena@doordash.com,Manish ranjan Jena,limited_access,,2020-11-23 00:00:00,True,Odisha
50db0482-7a9e-444d-aef9-48068b88de23,531,mrunalini.bhartinanda@doordash.com,Mrunalini bharti Nanda,member,,2020-07-25 00:00:00,True,Odisha
c23b6bed-9aaa-4215-a5ba-ac11a5013f4d,531,debasish.chandrajena@doordash.com,Debasish chandra Jena,guest,,2020-01-23 00:00:00,True,Odisha
e176e520-241d-4e12-930c-da333533508e,531,shanta.madhusmita@doordash.com,Shanta Madhusmita,member,,2020-02-06 00:00:00,True,Odisha
e8aee611-bf64-4fa2-af16-91fc95690782,531,naveen.sundarsahu@doordash.com,Naveen sundar Sahu,guest,,2020-01-15 00:00:00,True,Odisha
79d7290c-f0fa-48de-add6-1be76250f245,531,tara.shreekumar@doordash.com,Tara shree Kumar,limited_access,,2020-04-28 00:00:00,True,Odisha
79cb502f-51c3-4fc5-b747-202a02e69833,531,arvind.manimadhusmita@doordash.com,Arvind mani Madhusmita,member,,2020-01-18 00:00:00,True,Odisha
76e35fe4-9b19-4f22-8385-26eaef03e971,531,vishali.patel@doordash.com,Vishali Patel,guest,,2020-11-03 00:00:00,True,Odisha
ac4a0acb-f18d-40a2-a192-ddcd64d23462,531,kishore.behera@doordash.com,Kishore Behera,guest,,2020-02-13 00:00:00,True,Odisha
4bd3174c-e484-4cf3-94d3-bc4a8895ddf7,531,shakti.nanda@doordash.com,Shakti Nanda,member,,2020-09-30 00:00:00,True,Odisha
4116a9a2-a6cd-4374-95e7-e812543d6db3,531,sudhanshu.prasadprusty@doordash.com,Sudhanshu prasad Prusty,limited_access,,2020-07-24 00:00:00,True,Odisha
199c0f0e-b95d-4bce-8757-ffdc3e143dba,531,pallavi.linadasarathi@doordash.com,Pallavi lina Dasarathi,guest,,2020-04-21 00:00:00,True,Odisha
ab35e506-c500-4cb6-84fd-924e22269b51,531,prithvi.parida@doordash.com,Prithvi Parida,guest,,2020-10-11 00:00:00,True,Odisha
2269eef8-ba50-4ae5-b166-2343294b6db1,531,sarojini.kant@doordash.com,Sarojini Kant,admin,,2020-02-28 00:00:00,True,Odisha
0d236298-c90f-4715-ba45-0210f327f61d,531,saroj.duttarana@doordash.com,Saroj dutta Rana,guest,,2020-04-18 00:00:00,True,Odisha
fdc66e80-e74b-4842-8323-5a4512ebf274,531,chhaya.rathore@doordash.com,Chhaya Rathore,guest,,2020-07-21 00:00:00,True,Odisha
2ebe000e-2b4f-4196-9f32-bbf68e834cd2,531,prasanna.mohanty@doordash.com,Prasanna Mohanty,guest,,2020-04-04 00:00:00,True,Odisha
ab757092-8ec3-4b0c-939b-502b080d35e1,531,sakhi.ghosh@doordash.com,Sakhi Ghosh,admin,,2020-09-16 00:00:00,True,Odisha
12b018e3-3d1f-4ab6-a801-5f4a6dd7a723,531,bishnu.manirai@doordash.com,Bishnu mani Rai,limited_access,,2020-06-01 00:00:00,True,Odisha
93879ca3-6622-4653-b6da-e02e4f15f973,531,diksha.priyaprusty@doordash.com,Diksha priya Prusty,guest,,2020-05-13 00:00:00,True,Odisha
4042f198-8b54-4ea0-8433-f02120f44d7e,531,chinmay.chaitanyakumar@doordash.com,Chinmay chaitanya Kumar,member,,2020-08-26 00:00:00,True,Odisha
d2d778ad-c64a-42f0-9465-bc29e200b3ea,531,neelima.panigrahi@doordash.com,Neelima Panigrahi,admin,,2020-01-17 00:00:00,True,Odisha
efd6dc2b-d5cf-4efd-9ce3-f1484a22691d,531,vikrant.dasmohant@doordash.com,Vikrant das Mohant,admin,,2020-05-11 00:00:00,True,Odisha
b8678b14-f00d-4687-a335-409a6231af4a,531,shakuntala.dasgupta@doordash.com,Shakuntala Dasgupta,limited_access,,2020-01-27 00:00:00,True,Odisha
7afa745c-66e7-480a-b416-e36302fc49af,531,ramesh.sahu@doordash.com,Ramesh Sahu,limited_access,,2020-02-07 00:00:00,True,Odisha
0fb6e053-0a3e-4ef2-92db-c05f5912f541,531,abanti.das@doordash.com,Abanti Das,admin,,2020-02-25 00:00:00,True,Odisha
66712d61-206c-4076-b929-66e93fac82b0,531,suraj.baburathore@doordash.com,Suraj babu Rathore,member,,2020-10-10 00:00:00,True,Odisha
959dc1c8-404f-4931-912c-99763c176094,531,sampada.dasarathi@doordash.com,Sampada Dasarathi,limited_access,,2020-01-16 00:00:00,True,Odisha
46b08122-7093-464b-844c-aa38d0b53d92,531,uday.mohanswain@doordash.com,Uday mohan Swain,limited_access,,2020-03-12 00:00:00,True,Odisha
1a311607-cf57-41e4-b2e2-369550eab479,531,sangeeta.jena@doordash.com,Sangeeta Jena,limited_access,,2020-06-29 00:00:00,True,Odisha
494c5a47-2114-4e30-8e45-daa6cc033683,531,raghunandan.nathpati@doordash.com,Raghunandan nath Pati,admin,,2020-09-25 00:00:00,True,Odisha
73e7d1a1-4e73-4548-8023-14341364cf41,531,sweta.bhartibaral@doordash.com,Sweta bharti Baral,guest,,2020-06-03 00:00:00,True,Odisha
36833d6a-9a38-4ccf-bead-210d6d4d0af3,531,jitendra.bhushansamal@doordash.com,Jitendra bhushan Samal,limited_access,,2020-01-15 00:00:00,True,Odisha
211ccd02-ed29-4bf5-bd9e-2ae22ded61e1,531,parwati.dasarath@doordash.com,Parwati Dasarath,member,,2020-10-29 00:00:00,True,Odisha
0e713364-ab1c-49af-b489-5747c56dbfd7,531,pradeep.mohanchoudhury@doordash.com,Pradeep mohan Choudhury,guest,,2020-08-31 00:00:00,True,Odisha
d084e355-bae0-4b0a-8851-086ea5d92734,531,vibhuti.nanda@doordash.com,Vibhuti Nanda,limited_access,,2020-05-16 00:00:00,True,Odisha
608245b2-43a7-4b38-80a3-820e1c6d1a00,531,debashish.deepmohant@doordash.com,Debashish deep Mohant,limited_access,,2020-12-23 00:00:00,True,Odisha
1f08d47b-28d3-4a1a-8091-6b1708494130,531,ranjana.rathore@doordash.com,Ranjana Rathore,guest,,2020-03-24 00:00:00,True,Odisha
3398979f-e17b-4107-8fce-e63155247634,531,haribandhu.jeetchakraborty@doordash.com,Haribandhu jeet Chakraborty,guest,,2020-12-06 00:00:00,True,Odisha
6815b70a-a4d4-4633-8012-030cfbdbfbea,531,pooja.devikohli@doordash.com,Pooja devi Kohli,member,,2020-09-23 00:00:00,True,Odisha
97497003-e550-4aaa-9b20-2fa1dc99b492,531,karan.jeetnanda@doordash.com,Karan jeet Nanda,admin,,2020-10-17 00:00:00,True,Odisha
cccc4bcd-644d-453a-8206-a0adbd0b92f4,531,madhusree.ranibarik@doordash.com,Madhusree rani Barik,limited_access,,2020-07-18 00:00:00,True,Odisha
babf0459-4724-4c06-b5f3-13addedc3e41,531,kamalakar.rai@doordash.com,Kamalakar Rai,member,,2020-06-09 00:00:00,True,Odisha
73ad047c-37f1-47d3-abcd-0dd00f157d97,531,puja.priyadasarathi@doordash.com,Puja priya Dasarathi,limited_access,,2020-08-31 00:00:00,True,Odisha
ad04d7b0-7d13-4592-bbbe-1cd438ce3f7a,531,kishore.deepkohli@doordash.com,Kishore deep Kohli,guest,,2020-03-16 00:00:00,True,Odisha
82583e4e-4ac4-4d3b-9c46-bb2783cfb853,531,madhuri.mohant@doordash.com,Madhuri Mohant,admin,,2020-12-02 00:00:00,True,Odisha
be7f21f3-14d1-4e6f-bde8-3c3d4f488d8c,531,dharma.dasarathi@doordash.com,Dharma Dasarathi,member,,2020-01-25 00:00:00,True,Odisha
d3827bbf-0a51-47d6-8e80-f917ea69f5f2,531,diksha.dasgupta@doordash.com,Diksha Dasgupta,limited_access,,2020-10-23 00:00:00,True,Odisha
219ff9b7-0de6-4971-9c42-56efa25df485,531,madhukanta.rathore@doordash.com,Madhukanta Rathore,limited_access,,2020-02-06 00:00:00,True,Odisha
11a15c6e-f4a5-4733-b5b0-47f6a7931062,531,kasturi.prusty@doordash.com,Kasturi Prusty,member,,2020-01-24 00:00:00,True,Odisha
03824110-4c62-4bfa-a363-d654ce57cde3,531,haribandhu.mallick@doordash.com,Haribandhu Mallick ,limited_access,,2020-09-19 00:00:00,True,Odisha
ed037cc3-ed98-4f58-9db6-de5f484cbba1,531,shanti.prusty@doordash.com,Shanti Prusty,admin,,2020-04-20 00:00:00,True,Odisha
edf92d5a-ec17-482c-b49f-12571238648b,531,chaitanya.mohanpatel@doordash.com,Chaitanya mohan Patel,admin,,2020-09-12 00:00:00,True,Odisha
60024120-b9b3-4432-b109-55c1174a2879,531,shashi.sarnayat@doordash.com,Shashi Sarnayat,limited_access,,2020-10-07 00:00:00,True,Odisha
3009aa6e-994d-4e7b-95c0-140ac7a863d6,531,ravindra.mohapatra@doordash.com,Ravindra Mohapatra,guest,,2020-04-26 00:00:00,True,Odisha
f6ef1c5f-597c-43d7-a0bf-702cba49a397,531,trupti.sahu@doordash.com,Trupti Sahu,guest,,2020-12-19 00:00:00,True,Odisha
78089558-e103-40ed-9de3-05c73ad6c070,531,saswat.swain@doordash.com,Saswat Swain,guest,,2020-04-07 00:00:00,True,Odisha
3e4c74fa-2f4e-4c20-849f-16d170670f68,531,subhra.ranibarik@doordash.com,Subhra rani Barik,guest,,2020-06-25 00:00:00,True,Odisha
115e6f65-f49c-4ce1-a45d-359ee9a59ffc,531,madhusudan.nanda@doordash.com,Madhusudan Nanda,limited_access,,2020-09-25 00:00:00,True,Odisha
305af299-3e12-401a-94d7-bebe14a06da4,531,bina.devidasarathi@doordash.com,Bina devi Dasarathi,member,,2020-09-03 00:00:00,True,Odisha
d17227e3-73f1-4aea-918f-fffff7063df6,531,rajat.dasgupta@doordash.com,Rajat Dasgupta,limited_access,,2020-08-28 00:00:00,True,Odisha
913ae353-1fd9-47ea-a3a9-0834055e3d59,531,palak.prusty@doordash.com,Palak Prusty,member,,2020-06-06 00:00:00,True,Odisha
0b1394a1-2ef2-4d62-8158-70245164036c,531,vineet.mallick@doordash.com,Vineet Mallick ,admin,,2020-05-08 00:00:00,True,Odisha
cbff6f84-8dbb-4b93-b89e-c0615ebf30f5,531,tulasi.mishra@doordash.com,Tulasi Mishra,member,,2020-12-15 00:00:00,True,Odisha
02b96c79-6edf-4bda-a7da-d63cf121e498,531,manoj.nathprusty@doordash.com,Manoj nath Prusty,member,,2020-10-23 00:00:00,True,Odisha
bd9f127d-b4cc-47e4-91dd-e455a711aeef,531,komal.linapanigrahi@doordash.com,Komal lina Panigrahi,limited_access,,2020-06-25 00:00:00,True,Odisha
ffe068cc-1b72-4fb3-9081-79db2d2ca299,531,manish.das@doordash.com,Manish Das,limited_access,,2020-07-20 00:00:00,True,Odisha
1f123e21-a83b-48dc-9792-4df2a87d454e,531,vijaya.priyajagtap@doordash.com,Vijaya priya Jagtap,admin,,2020-09-08 00:00:00,True,Odisha
6731feb1-f7f4-4f36-a5d6-dd66c7cd6f0e,531,deepak.duttanayak@doordash.com,Deepak dutta Nayak,limited_access,,2020-12-07 00:00:00,True,Odisha
bf7cb94a-2add-4459-977c-6c61b4bc110e,531,parwati.samal@doordash.com,Parwati Samal,member,,2020-09-25 00:00:00,True,Odisha
ae395bee-cadf-4050-9b07-1f73c440ad24,531,sudarshan.ashokrathore@doordash.com,Sudarshan ashok Rathore,admin,,2020-12-10 00:00:00,True,Odisha
ad5ba9b1-06ae-4262-a0df-67df503d4326,531,preeti.barik@doordash.com,Preeti Barik,admin,,2020-12-24 00:00:00,True,Odisha
c6f48993-9d9e-4598-a5d7-b6b1b789ad81,531,subhendu.tiwari@doordash.com,Subhendu Tiwari,member,,2020-03-05 00:00:00,True,Odisha
75317602-2c7d-451b-b80f-90a826c2bfe0,531,poonam.behera@doordash.com,Poonam Behera,limited_access,,2020-04-02 00:00:00,True,Odisha
03def7f8-aac5-4b80-9eba-60fe50259b41,531,jitendra.duttamallick@doordash.com,Jitendra dutta Mallick ,member,,2020-03-08 00:00:00,True,Odisha
35579ca9-69e1-477e-833d-0763ba8f839e,531,jaswanti.routray@doordash.com,Jaswanti Routray,admin,,2020-04-06 00:00:00,True,Odisha
d6967e0b-9824-4d5a-a777-e1daf68be5e4,531,bhanu.charankant@doordash.com,Bhanu charan Kant,guest,,2020-03-17 00:00:00,True,Odisha
e765f66f-b0e9-4cd8-8de1-16ced38285b9,531,subhashini.mishra@doordash.com,Subhashini Mishra,guest,,2020-08-10 00:00:00,True,Odisha
d08b6f90-daf4-430a-a0a0-bde55b828124,531,prithvi.dasgupta@doordash.com,Prithvi Dasgupta,guest,,2020-12-06 00:00:00,True,Odisha
adf73734-4407-4252-b8e2-8e51e14bdaf7,531,vishali.bhartirai@doordash.com,Vishali bharti Rai,guest,,2020-11-28 00:00:00,True,Odisha
4328b27e-b9e6-43d8-9cdb-a96f3be6e8cb,531,kailash.mishra@doordash.com,Kailash Mishra,guest,,2020-08-04 00:00:00,True,Odisha
77f293ed-2ef0-449d-a588-11ee009b83a0,531,kasturi.khalat@doordash.com,Kasturi Khalat,limited_access,,2020-02-21 00:00:00,True,Odisha
fa91edd2-81ad-4d91-82cd-6ebbfeeb36d7,531,manish.ashokrana@doordash.com,Manish ashok Rana,admin,,2020-11-29 00:00:00,True,Odisha
a495b1cb-ff74-4c83-ad2c-5dad0f208207,531,vandana.pattnaik@doordash.com,Vandana Pattnaik,guest,,2020-06-19 00:00:00,True,Odisha
15030f94-f533-46d5-b0f6-c8f66ad3438c,531,amar.sundarpanigrahi@doordash.com,Amar sundar Panigrahi,limited_access,,2020-08-06 00:00:00,True,Odisha
defba34c-f350-4c89-bc34-219f0342b6d2,531,ranjana.raninayak@doordash.com,Ranjana rani Nayak,member,,2020-03-18 00:00:00,True,Odisha
aa946e4f-e01f-403b-8a88-85548ab913d1,531,vishwanath.dasdas@doordash.com,Vishwanath das Das,limited_access,,2020-06-01 00:00:00,True,Odisha
7bf7c69c-6470-4737-9c02-bd753d7dfce3,531,gita.tiwari@doordash.com,Gita Tiwari,member,,2020-06-11 00:00:00,True,Odisha
82291d69-702a-4640-8e4b-059d10a12697,531,niranjan.duttajena@doordash.com,Niranjan dutta Jena,admin,,2020-10-16 00:00:00,True,Odisha
ce84b8e9-dd49-4ba7-be0c-157784b0f0d2,531,subhra.linahota@doordash.com,Subhra lina Hota,member,,2020-12-31 00:00:00,True,Odisha
34412369-5fe5-48e0-b334-d55afba46426,531,rajendra.prasadpradhan@doordash.com,Rajendra prasad Pradhan,member,,2020-09-03 00:00:00,True,Odisha
fa759a4f-81c2-43c2-87ee-629c40040295,531,tulika.sundarisarnayat@doordash.com,Tulika sundari Sarnayat,limited_access,,2020-02-03 00:00:00,True,Odisha
91ec3501-8dbd-4e63-a192-dd32dac1addc,531,raghunandan.chandraswain@doordash.com,Raghunandan chandra Swain,member,,2020-07-25 00:00:00,True,Odisha
05d353f1-325e-4850-9960-1290c4cd15a3,531,shanta.devinayak@doordash.com,Shanta devi Nayak,member,,2020-02-11 00:00:00,True,Odisha
1bc3f6e6-0ca0-428c-b4a4-db766243fe75,531,kamal.mishra@doordash.com,Kamal Mishra,guest,,2020-07-04 00:00:00,True,Odisha
eb5cf160-3cbc-452c-ab66-8c6a9a8846c4,531,parbati.baral@doordash.com,Parbati Baral,limited_access,,2020-04-13 00:00:00,True,Odisha
4bd62f96-656c-45a0-bb8a-4e20e8fe072d,531,rakesh.pradhan@doordash.com,Rakesh Pradhan,limited_access,,2020-05-11 00:00:00,True,Odisha
64d70a6a-7803-4aa0-8898-e0b41d9c15e5,531,usha.kumar@doordash.com,Usha Kumar,admin,,2020-01-13 00:00:00,True,Odisha
fcf532f3-e7f8-4dd2-a0a9-1766cf0c7022,531,rakesh.jena@doordash.com,Rakesh Jena,member,,2020-10-10 00:00:00,True,Odisha
28316c5a-fcae-49e1-bcb7-6879643cd45d,531,durgati.swain@doordash.com,Durgati Swain,guest,,2020-04-12 00:00:00,True,Odisha
28f8b540-d733-47c5-97bf-80c2b7395d41,531,tanmay.babukumar@doordash.com,Tanmay babu Kumar,limited_access,,2020-08-12 00:00:00,True,Odisha
bd36b530-7c6e-4d2f-a5bf-70662de3d4bc,531,neelam.chakraborty@doordash.com,Neelam Chakraborty,limited_access,,2020-01-12 00:00:00,True,Odisha
dd4e0ab2-d0ac-4204-993d-a41129ce2c6f,531,arvind.ashokpatel@doordash.com,Arvind ashok Patel,admin,,2020-08-13 00:00:00,True,Odisha
348aad6d-5169-4adf-bc18-bca93894c240,531,saraswati.prabhakant@doordash.com,Saraswati prabha Kant,guest,,2020-03-27 00:00:00,True,Odisha
f99d7b98-7e55-4a40-9b5b-5ca96c871591,531,shyam.devmallick@doordash.com,Shyam dev Mallick ,guest,,2020-10-14 00:00:00,True,Odisha
d8a02626-d439-4205-bf5c-40d634d6696a,531,nayana.acharya@doordash.com,Nayana Acharya,admin,,2020-09-01 00:00:00,True,Odisha
58152f41-ffda-46b9-b566-f836d24653eb,531,umesh.ranjanmohanty@doordash.com,Umesh ranjan Mohanty,admin,,2020-01-12 00:00:00,True,Odisha
a3039329-0aa9-438d-8fa1-f18b040124c1,531,sadhana.bhartichoudhury@doordash.com,Sadhana bharti Choudhury,member,,2020-03-29 00:00:00,True,Odisha
98ded187-e63c-44ed-84c2-3c626ff2606f,531,pradeep.jeettiwari@doordash.com,Pradeep jeet Tiwari,admin,,2020-10-29 00:00:00,True,Odisha
010e5998-3fa5-41cb-b8f6-d5f37a2447d2,531,ratna.sundarimohant@doordash.com,Ratna sundari Mohant,guest,,2020-05-04 00:00:00,True,Odisha
d086db07-e9f6-4aed-84e3-54fbaaeb1e08,531,ananta.kumarchoudhury@doordash.com,Ananta kumar Choudhury,guest,,2020-11-27 00:00:00,True,Odisha
d306f644-20a3-41ad-8e81-91db04f11687,531,pranjali.sundarichoudhury@doordash.com,Pranjali sundari Choudhury,guest,,2020-10-07 00:00:00,True,Odisha
ca8e7393-5bec-474d-9651-2e96511225e2,531,umesh.bhushanchoudhury@doordash.com,Umesh bhushan Choudhury,member,,2020-08-01 00:00:00,True,Odisha
71ec8042-e639-42b3-a5aa-f1adcf6b0098,531,ratna.ranimadhusmita@doordash.com,Ratna rani Madhusmita,member,,2020-02-11 00:00:00,True,Odisha
197f6853-301d-48c3-bb97-be9c6a2384a4,531,ishwar.charanchakraborty@doordash.com,Ishwar charan Chakraborty,admin,,2020-06-19 00:00:00,True,Odisha
9db9e3d6-d17c-407d-a17a-bdea451bf10a,531,vasanti.rai@doordash.com,Vasanti Rai,limited_access,,2020-06-29 00:00:00,True,Odisha
98a0c83a-c527-4ff1-b6d7-1c118d137886,531,bishnu.patel@doordash.com,Bishnu Patel,limited_access,,2020-06-06 00:00:00,True,Odisha
f2b8820f-1b61-476a-acdf-49fea4f601a0,531,sanjana.devisamal@doordash.com,Sanjana devi Samal,limited_access,,2020-12-29 00:00:00,True,Odisha
1f088e55-cf29-4240-8eff-faeb673e51a9,531,amresh.tripathy@doordash.com,Amresh Tripathy,limited_access,,2020-12-29 00:00:00,True,Odisha
4464dfb8-ee11-455b-9b44-31602930fd78,531,nabaprabha.sahu@doordash.com,Nabaprabha Sahu,limited_access,,2020-01-02 00:00:00,True,Odisha
99e6c065-00fc-4032-99dc-90d9b559782a,531,pranav.jeetsahoo@doordash.com,Pranav jeet Sahoo,member,,2020-11-14 00:00:00,True,Odisha
2ed0e907-0de0-48e0-bfd1-eaf58902740c,531,rajani.sundaripradhan@doordash.com,Rajani sundari Pradhan,limited_access,,2020-07-03 00:00:00,True,Odisha
e5384f55-5154-4048-a8c4-455234b13047,531,kailash.kant@doordash.com,Kailash Kant,limited_access,,2020-05-04 00:00:00,True,Odisha
f23b4ebf-222d-48b3-8738-46972a197020,531,jaya.patnaik@doordash.com,Jaya Patnaik,guest,,2020-04-19 00:00:00,True,Odisha
aa208af0-4caf-4506-a097-0e9ac2134712,531,sabyasachi.ranjanhota@doordash.com,Sabyasachi ranjan Hota,admin,,2020-04-18 00:00:00,True,Odisha
0d076861-0b6f-4046-8350-09be3435c790,531,sunita.ranipatnaik@doordash.com,Sunita rani Patnaik,guest,,2020-01-18 00:00:00,True,Odisha
3fcb8e1a-2bc8-4806-8bb2-46324ce2852b,531,shubham.kumarhota@doordash.com,Shubham kumar Hota,admin,,2020-04-27 00:00:00,True,Odisha
afd25611-8658-4d64-8c7e-17f254d4f648,531,tara.sundaripadhy@doordash.com,Tara sundari Padhy,guest,,2020-12-06 00:00:00,True,Odisha
f5e8101c-b144-4ac0-aeee-52e94298b62c,531,giridhar.chandrarathore@doordash.com,Giridhar chandra Rathore,admin,,2020-08-22 00:00:00,True,Odisha
524e94ac-4ee5-4834-bcee-1420f8cdeb93,531,ranjana.ranijena@doordash.com,Ranjana rani Jena,admin,,2020-05-09 00:00:00,True,Odisha
d186797a-5bb1-4853-91e9-dedb689041d5,531,nirakar.daspattnaik@doordash.com,Nirakar das Pattnaik,guest,,2020-09-16 00:00:00,True,Odisha
938ce6ca-38b2-423e-b7ca-af0db501a4cc,531,parwati.sahoo@doordash.com,Parwati Sahoo,limited_access,,2020-04-16 00:00:00,True,Odisha
ba96df12-5e2d-45af-b236-50eddfd0b76b,531,kandarp.deepdas@doordash.com,Kandarp deep Das,guest,,2020-10-09 00:00:00,True,Odisha
a0ee37cc-5766-4431-8ef4-9d86353f58ac,531,ishita.khalat@doordash.com,Ishita Khalat,member,,2020-08-25 00:00:00,True,Odisha
add3772f-75b2-4481-8bd3-5e796cf6859c,531,raghunandan.kumar@doordash.com,Raghunandan Kumar,admin,,2020-09-03 00:00:00,True,Odisha
ac694265-0dd3-4d91-9d56-b78c0c23374e,531,nabaja.linaroutray@doordash.com,Nabaja lina Routray,admin,,2020-08-12 00:00:00,True,Odisha
ea427584-2466-4d71-ab91-ac51dcac7a2d,531,pranav.dhal@doordash.com,Pranav Dhal,admin,,2020-08-05 00:00:00,True,Odisha
df3c3398-e90b-4163-a557-21f38ee9c5b9,531,arpita.dasgupta@doordash.com,Arpita Dasgupta,limited_access,,2020-11-19 00:00:00,True,Odisha
155d27ca-cc70-4e2d-b5cd-94020ad5caa7,531,saswat.panigrahi@doordash.com,Saswat Panigrahi,guest,,2020-09-09 00:00:00,True,Odisha
fc75c0b0-fe72-4516-987f-bc0a44d1331f,531,chaitali.raninayak@doordash.com,Chaitali rani Nayak,admin,,2020-01-31 00:00:00,True,Odisha
d2a552a3-3e08-4044-91c1-5587e800ba49,531,lalit.ranjansamantray@doordash.com,Lalit ranjan Samantray,admin,,2020-05-01 00:00:00,True,Odisha
3e242bcb-6652-47ab-b0e9-e091c86e1d15,531,subhra.behera@doordash.com,Subhra Behera,limited_access,,2020-12-11 00:00:00,True,Odisha
5fce7158-e3ca-446b-90b1-76f7afefb464,531,dinesh.sarnayat@doordash.com,Dinesh Sarnayat,limited_access,,2020-06-15 00:00:00,True,Odisha
097ddcc2-8193-4b36-aae1-aa086b2c9754,531,sonali.sundarikohli@doordash.com,Sonali sundari Kohli,limited_access,,2020-07-20 00:00:00,True,Odisha
2c8d4a66-2dc2-4367-b9fe-688c32bab716,531,debasish.priyakumar@doordash.com,Debasish priya Kumar,admin,,2020-10-14 00:00:00,True,Odisha
bf834433-c03f-4e15-b410-df7689cf1e75,531,jivika.tiwari@doordash.com,Jivika Tiwari,guest,,2020-05-06 00:00:00,True,Odisha
3afc3fc9-0451-403c-a6a3-f265625b0489,531,debabrata.mohanswain@doordash.com,Debabrata mohan Swain,guest,,2020-10-08 00:00:00,True,Odisha
da5743b5-74a2-49b7-aeae-5e0afcd7496a,531,sitarani.samal@doordash.com,Sitarani Samal,limited_access,,2020-08-26 00:00:00,True,Odisha
627fd9c4-84fc-4730-a3a3-cf2c68866bd4,531,ratan.ranjanbaral@doordash.com,Ratan ranjan Baral,limited_access,,2020-07-06 00:00:00,True,Odisha
53658091-1548-4de7-880a-4361a62c65ac,531,kumudini.nanda@doordash.com,Kumudini Nanda,limited_access,,2020-11-19 00:00:00,True,Odisha
266ffa2a-0640-42e5-be4a-8f5158ba4a85,531,giridhar.bhushankhalat@doordash.com,Giridhar bhushan Khalat,member,,2020-07-17 00:00:00,True,Odisha
118e8b50-58fe-41f9-bfc3-fa207fe3d769,531,rashmi.linasamal@doordash.com,Rashmi lina Samal,guest,,2020-06-06 00:00:00,True,Odisha
30bc3552-5a60-4326-aa23-d29178884de6,531,arvind.chaitanyanayak@doordash.com,Arvind chaitanya Nayak,member,,2020-10-01 00:00:00,True,Odisha
4429e3ed-3df4-4eb7-a70c-871fa6be66f1,531,kumudini.rana@doordash.com,Kumudini Rana,guest,,2020-03-18 00:00:00,True,Odisha
c3da3243-7a7e-427d-bf85-2596e3d27aa3,531,sahadev.duttatripathy@doordash.com,Sahadev dutta Tripathy,limited_access,,2020-01-14 00:00:00,True,Odisha
35d4a8ac-372a-454d-add5-3226e3dbc2e1,531,rachana.kohli@doordash.com,Rachana Kohli,admin,,2020-08-06 00:00:00,True,Odisha
2b7f4835-00f5-4365-8f09-cfe010bacff6,531,nirmal.devpatnaik@doordash.com,Nirmal dev Patnaik,admin,,2020-05-24 00:00:00,True,Odisha
5d8adf47-5ce4-40cc-abae-3b0319ce990e,531,shubhra.linaghosh@doordash.com,Shubhra lina Ghosh,limited_access,,2020-02-14 00:00:00,True,Odisha
691ec1ab-bb8a-4371-9ac0-8017e873e872,531,dinesh.ranjansarnayat@doordash.com,Dinesh ranjan Sarnayat,member,,2020-09-26 00:00:00,True,Odisha
a658caa6-4764-483f-8638-2db28fb459af,531,pallabi.chakraborty@doordash.com,Pallabi Chakraborty,member,,2020-06-23 00:00:00,True,Odisha
170b7149-3819-42f1-a8cd-99c496cf07a1,531,sanjay.charanmallick@doordash.com,Sanjay charan Mallick ,member,,2020-08-07 00:00:00,True,Odisha
2d34978e-fd40-4245-a4ba-8413a0223652,531,sampada.baral@doordash.com,Sampada Baral,member,,2020-03-07 00:00:00,True,Odisha
81456f76-e55f-41ec-8e84-ed8160b9596f,531,devendra.mohapatra@doordash.com,Devendra Mohapatra,limited_access,,2020-05-02 00:00:00,True,Odisha
8e795691-b7f1-4f26-9532-c6df01906ab5,531,jaswanti.devipati@doordash.com,Jaswanti devi Pati,guest,,2020-12-20 00:00:00,True,Odisha
311755f3-68d0-4225-85ff-fd2f9c23f71e,531,debendra.barik@doordash.com,Debendra Barik,guest,,2020-08-10 00:00:00,True,Odisha
c5011fe5-69d5-4979-9708-8d456db7e6c3,531,sampada.devipattnaik@doordash.com,Sampada devi Pattnaik,limited_access,,2020-06-15 00:00:00,True,Odisha
bf40e1b2-3b62-4ee7-9034-f2e89085c561,531,kamalakar.rajsahoo@doordash.com,Kamalakar raj Sahoo,limited_access,,2020-10-19 00:00:00,True,Odisha
09c3d0c6-79be-4c8e-ab49-b9973d8fb943,531,padma.bhoi@doordash.com,Padma Bhoi,guest,,2020-05-21 00:00:00,True,Odisha
9df78d3d-41f3-403e-84d8-1aad86629429,531,kamalakar.nathchakraborty@doordash.com,Kamalakar nath Chakraborty,admin,,2020-07-17 00:00:00,True,Odisha
fdde2613-3e4a-4535-a900-4b2c564e6ddb,531,mansi.mishra@doordash.com,Mansi Mishra,limited_access,,2020-11-03 00:00:00,True,Odisha
091a804c-665a-4769-8812-3ca73a7bba13,531,vineet.devhota@doordash.com,Vineet dev Hota,guest,,2020-10-11 00:00:00,True,Odisha
e3b40cc8-400b-404a-824a-5fb3d5bd58f9,531,chaitali.prabhasahu@doordash.com,Chaitali prabha Sahu,limited_access,,2020-01-07 00:00:00,True,Odisha
f671fe98-af43-4812-bdf2-888dc8310213,531,harishankar.babukumar@doordash.com,Harishankar babu Kumar,guest,,2020-11-06 00:00:00,True,Odisha
0db5d8e3-8f33-4136-81bb-b979c7bba42a,531,ranjana.samantray@doordash.com,Ranjana Samantray,guest,,2020-06-14 00:00:00,True,Odisha
754fd360-f7f7-4719-be93-7041e98dab1e,531,siddharth.bhoi@doordash.com,Siddharth Bhoi,limited_access,,2020-05-05 00:00:00,True,Odisha
c14344b7-1bb0-4adc-9427-847959d9d181,531,bindiya.ranipatel@doordash.com,Bindiya rani Patel,member,,2020-10-31 00:00:00,True,Odisha
5bfab782-fdf9-4cf3-8cfc-76b179ae5fd0,531,tejas.sundarsahoo@doordash.com,Tejas sundar Sahoo,member,,2020-08-13 00:00:00,True,Odisha
19bcb38f-6ad3-433a-84c2-bb69bd10aa4f,531,trishna.priyarana@doordash.com,Trishna priya Rana,admin,,2020-04-08 00:00:00,True,Odisha
fdd53170-06ff-41b5-9016-adb30f4b63bc,531,shankar.duttatiwari@doordash.com,Shankar dutta Tiwari,guest,,2020-04-25 00:00:00,True,Odisha
b4c3a295-e3f3-4920-9bbd-26d746e02e9a,531,nayana.barik@doordash.com,Nayana Barik,admin,,2020-12-04 00:00:00,True,Odisha
71a299f6-eef7-4150-b595-b9a799f97d41,531,bipin.prusty@doordash.com,Bipin Prusty,admin,,2020-07-06 00:00:00,True,Odisha
2f8b881a-4a47-4de7-97ba-10c56267b285,531,sushmita.devipati@doordash.com,Sushmita devi Pati,limited_access,,2020-11-28 00:00:00,True,Odisha
b4b89bd6-7d12-4f50-b351-2cf6e7427c79,531,bikash.deepsahoo@doordash.com,Bikash deep Sahoo,limited_access,,2020-03-29 00:00:00,True,Odisha
e8c1db43-f658-4de6-874f-62b7dbcb12d9,531,vijaya.ranidasarathi@doordash.com,Vijaya rani Dasarathi,admin,,2020-09-09 00:00:00,True,Odisha
e8185d7b-22f0-4841-9f37-4242498a9365,531,kalyan.kumar@doordash.com,Kalyan Kumar,guest,,2020-04-08 00:00:00,True,Odisha
e22a3e81-ee48-4371-971d-c033ac96acb5,531,niharika.sarnayat@doordash.com,Niharika Sarnayat,guest,,2020-08-09 00:00:00,True,Odisha
65e1de33-883a-46a9-ae95-7798a3841add,531,prasanna.nathchakraborty@doordash.com,Prasanna nath Chakraborty,limited_access,,2020-02-10 00:00:00,True,Odisha
068199f7-30ce-4908-ad25-39cb196cb1da,531,suman.tripathy@doordash.com,Suman Tripathy,guest,,2020-05-12 00:00:00,True,Odisha
eb235dca-7d0c-425f-8163-cdda7c41a2ef,531,madhukar.baburath@doordash.com,Madhukar babu Rath,guest,,2020-06-01 00:00:00,True,Odisha
532847b4-9b7b-48a5-854c-6bd5019b619f,531,sonal.bhartiacharya@doordash.com,Sonal bharti Acharya,guest,,2020-06-27 00:00:00,True,Odisha
fefb9272-4559-4aff-a8fd-905c0685ec2c,531,ratan.hota@doordash.com,Ratan Hota,guest,,2020-10-07 00:00:00,True,Odisha
6b63f0c4-126b-4fa2-9dae-915e2dcc5493,531,ratna.rai@doordash.com,Ratna Rai,guest,,2020-07-31 00:00:00,True,Odisha
81998632-d71c-440d-8c3c-97c8d9eeac59,531,subhendra.rath@doordash.com,Subhendra Rath,guest,,2020-12-29 00:00:00,True,Odisha
30071938-2eff-4b59-9abc-d85a93e6c918,531,gargee.priyapadhy@doordash.com,Gargee priya Padhy,limited_access,,2020-09-06 00:00:00,True,Odisha
1aa033fb-d5ac-4aee-88e7-99c913a45a38,531,vidyadhar.babupatnaik@doordash.com,Vidyadhar babu Patnaik,member,,2020-01-28 00:00:00,True,Odisha
bf1ac255-b5dc-46de-be7d-40fda11cd0fe,531,basantika.devichakraborty@doordash.com,Basantika devi Chakraborty,guest,,2020-08-19 00:00:00,True,Odisha
1f31eec7-2574-41ef-bbe4-c5da2609e65d,531,lalit.sahu@doordash.com,Lalit Sahu,limited_access,,2020-06-13 00:00:00,True,Odisha
9783ca7c-bb9d-4eff-80fb-505dc3df0695,531,swarna.linaparida@doordash.com,Swarna lina Parida,admin,,2020-09-12 00:00:00,True,Odisha
df713a31-f1fd-4f3c-bd68-2b5bb69bc0eb,531,brahmananda.deepsethi@doordash.com,Brahmananda deep Sethi,member,,2020-03-04 00:00:00,True,Odisha
0c1554d2-62e8-407f-824b-3ff4254d7039,531,kavya.mishra@doordash.com,Kavya Mishra,limited_access,,2020-10-20 00:00:00,True,Odisha
385cb73c-e60a-49c1-8dbb-d0c238a98243,531,shyam.sahu@doordash.com,Shyam Sahu,admin,,2020-04-12 00:00:00,True,Odisha
6ce4214c-6d9a-49d9-9c81-c6df4a51c643,531,gungun.sahoo@doordash.com,Gungun Sahoo,limited_access,,2020-07-01 00:00:00,True,Odisha
5d69cc99-159d-4e94-8f20-833b226b14fe,531,vishal.kumarmohapatra@doordash.com,Vishal kumar Mohapatra,limited_access,,2020-11-12 00:00:00,True,Odisha
df615113-eb0e-4af1-8084-2d92e95c804e,531,aradhya.jagtap@doordash.com,Aradhya Jagtap,limited_access,,2020-03-07 00:00:00,True,Odisha
04ab359b-7149-44b0-b80e-764a9254a3a8,531,sahadev.dasmohant@doordash.com,Sahadev das Mohant,limited_access,,2020-09-07 00:00:00,True,Odisha
497fab28-3564-4b31-a2d9-2021348fd763,531,swarna.acharya@doordash.com,Swarna Acharya,admin,,2020-03-22 00:00:00,True,Odisha
d4384ec6-615e-451d-bc08-fee916a10528,531,nirakar.mallick@doordash.com,Nirakar Mallick ,limited_access,,2020-03-26 00:00:00,True,Odisha
2efd4191-c027-4301-b259-25c170077232,531,arpita.raninanda@doordash.com,Arpita rani Nanda,member,,2020-08-03 00:00:00,True,Odisha
69cec3c7-0771-4ba7-9347-d56f7a9a7b7d,531,jasbir.behera@doordash.com,Jasbir Behera,limited_access,,2020-05-10 00:00:00,True,Odisha
21f5995e-ddde-4b1b-8d4a-654a05dcb4eb,531,neelima.shreejagtap@doordash.com,Neelima shree Jagtap,limited_access,,2020-10-20 00:00:00,True,Odisha
27d84231-6f0e-4787-b26b-f830a6968aa4,531,govind.ashoksarnayat@doordash.com,Govind ashok Sarnayat,admin,,2020-03-05 00:00:00,True,Odisha
f3d4423e-5b2c-4bf4-a344-d04941007b58,531,parbati.patel@doordash.com,Parbati Patel,limited_access,,2020-07-03 00:00:00,True,Odisha
8da43a7e-24e5-4577-8a59-f1959f99c999,531,debabrata.prasadpanigrahi@doordash.com,Debabrata prasad Panigrahi,limited_access,,2020-07-14 00:00:00,True,Odisha
b27ea680-f56f-4cc4-8232-3506420e3bd6,531,ishani.samantray@doordash.com,Ishani Samantray,member,,2020-02-28 00:00:00,True,Odisha
5c1d1350-4575-4656-80a2-dfb6d18c3ab1,531,achyut.nayak@doordash.com,Achyut Nayak,limited_access,,2020-09-14 00:00:00,True,Odisha
6b1c5aba-2a3c-42db-a91c-e66996e48773,531,manisha.das@doordash.com,Manisha Das,admin,,2020-01-16 00:00:00,True,Odisha
64b027a5-f691-4f62-a143-96d0d10fd46e,531,sourav.devpatel@doordash.com,Sourav dev Patel,admin,,2020-07-16 00:00:00,True,Odisha
42be50e9-0d10-4dbe-9976-1957a2c69456,531,poonam.mohapatra@doordash.com,Poonam Mohapatra,guest,,2020-11-04 00:00:00,True,Odisha
e7003947-1bfa-4e53-96fa-52fccabc7503,531,uday.swain@doordash.com,Uday Swain,limited_access,,2020-08-26 00:00:00,True,Odisha
0d35a794-3de1-47b7-bc54-f5a4d04564ec,531,hemanti.dasarath@doordash.com,Hemanti Dasarath,guest,,2020-07-12 00:00:00,True,Odisha
b4fa1684-4df3-4cf7-916a-1c42fefc03d4,531,vishnu.mohanty@doordash.com,Vishnu Mohanty,limited_access,,2020-07-13 00:00:00,True,Odisha
37e6c754-9dff-4150-a98b-fce62fe3cda9,531,ritika.deviprusty@doordash.com,Ritika devi Prusty,limited_access,,2020-04-03 00:00:00,True,Odisha
81b35303-c6be-4c87-a340-b302983e2a9a,531,bansidhar.dasswain@doordash.com,Bansidhar das Swain,member,,2020-12-24 00:00:00,True,Odisha
1f49c6c0-088f-40fd-91a7-7bac68b0bd4f,531,namita.linachoudhury@doordash.com,Namita lina Choudhury,guest,,2020-06-20 00:00:00,True,Odisha
2d9aefc5-044a-4bdc-b576-562cb0cb5a25,531,ujjwal.panigrahi@doordash.com,Ujjwal Panigrahi,admin,,2020-04-13 00:00:00,True,Odisha
40800de7-cd50-4c67-bf82-749152ebe1fb,531,dipika.linapati@doordash.com,Dipika lina Pati,admin,,2020-02-11 00:00:00,True,Odisha
6682d3c5-eb2b-4685-a17d-c12e44d8a9f5,531,puru.bhushanbarik@doordash.com,Puru bhushan Barik,admin,,2020-02-10 00:00:00,True,Odisha
363252d3-568e-4224-b6ed-76d46a879d18,531,nabaprabha.ranitiwari@doordash.com,Nabaprabha rani Tiwari,admin,,2020-07-16 00:00:00,True,Odisha
5fd9e0c9-98d0-4aac-b45e-83dbf5192ad5,531,vishnuprasad.ranjanacharya@doordash.com,Vishnuprasad ranjan Acharya,member,,2020-07-23 00:00:00,True,Odisha
1843b2c0-fcbb-4208-984a-ba1173c97676,531,kiranmayee.linamishra@doordash.com,Kiranmayee lina Mishra,limited_access,,2020-07-02 00:00:00,True,Odisha
cdbe3009-2db8-4cf2-ba3a-bd70177736dc,531,laxman.ranjankohli@doordash.com,Laxman ranjan Kohli,admin,,2020-09-16 00:00:00,True,Odisha
6053476b-8a25-4a8c-8d9f-3f78618ac7b0,531,shanta.pradhan@doordash.com,Shanta Pradhan,admin,,2020-08-19 00:00:00,True,Odisha
91f7be76-166c-4672-b0db-eb6860f27f9d,531,sahadev.babubhoi@doordash.com,Sahadev babu Bhoi,member,,2020-11-25 00:00:00,True,Odisha
752cb856-fcfe-466f-b53f-6fb52fffc314,531,binodini.dasgupta@doordash.com,Binodini Dasgupta,admin,,2020-03-29 00:00:00,True,Odisha
1963855d-1f58-4e8e-b934-d42d093f8c2f,531,debaraj.kumar@doordash.com,Debaraj Kumar,guest,,2020-08-12 00:00:00,True,Odisha
ffee8c1a-83ae-412d-838c-1116b5d5c3dc,531,binapani.dasarathi@doordash.com,Binapani Dasarathi,guest,,2020-01-29 00:00:00,True,Odisha
5d6e0130-269f-43f3-9e44-d47daf942edf,531,maitreya.manitripathy@doordash.com,Maitreya mani Tripathy,member,,2020-05-24 00:00:00,True,Odisha
a6f3d43f-ce2b-4b16-ac0c-fea1715ae19d,531,radhika.acharya@doordash.com,Radhika Acharya,guest,,2020-05-11 00:00:00,True,Odisha
afc9c5d5-e8a6-4a86-997a-d7f75e708c16,531,dharma.manidas@doordash.com,Dharma mani Das,admin,,2020-02-15 00:00:00,True,Odisha
cc1bd59b-62e9-4326-8c25-f01d95b1df4c,531,binodini.routray@doordash.com,Binodini Routray,member,,2020-03-02 00:00:00,True,Odisha
e1427726-5625-4e80-aa10-4695a38ec0e3,531,indrajit.sundarjena@doordash.com,Indrajit sundar Jena,member,,2020-03-16 00:00:00,True,Odisha
9e5b3bb4-1baf-4cf4-8acd-9a4ba504dfb5,531,amita.pattnaik@doordash.com,Amita Pattnaik,member,,2020-08-11 00:00:00,True,Odisha
48afe47f-a252-4d17-9d97-9cda75ee1f09,531,prakash.ashokparida@doordash.com,Prakash ashok Parida,limited_access,,2020-10-21 00:00:00,True,Odisha
09ce18d9-febc-41eb-9ea4-3bba885bce32,531,usha.devipadhy@doordash.com,Usha devi Padhy,guest,,2020-08-17 00:00:00,True,Odisha
30ce53a6-c3e8-46d2-abed-ad8c4e02a010,531,deon.chacko@doordash.com,Deon Chacko,guest,,2020-09-18 00:00:00,True,Goa
d39bafd1-5641-4f9c-80f4-80a0ba8305ae,531,jiliet.serrao@doordash.com,Jiliet Serrao,limited_access,,2020-05-08 00:00:00,True,Goa
7391b679-86e6-4a86-a97f-32edf68001eb,531,israel.benjamin@doordash.com,Israel Benjamin,admin,,2020-07-17 00:00:00,True,Goa
8063d548-9227-40a2-a229-ba7b7c50f72d,531,ann.d'silva@doordash.com,Ann D'Silva,guest,,2020-07-04 00:00:00,True,Goa
20d554fc-c8e7-4743-9569-aaa2e6d5ed60,531,jesse.morais@doordash.com,Jesse Morais,admin,,2020-03-09 00:00:00,True,Goa
b40749d0-f915-44e1-9a4c-bfc93930c689,531,christy.daniel@doordash.com,Christy Daniel,member,,2020-02-25 00:00:00,True,Goa
09bfa308-d59a-457e-8867-921be9cdc16b,531,chaitanya.naik@doordash.com,Chaitanya Naik,admin,,2020-12-20 00:00:00,True,Goa
7a4742d2-35bf-4efd-8658-896a4ee69de5,531,roopa.madgaonkar@doordash.com,Roopa Madgaonkar,member,,2020-09-30 00:00:00,True,Goa
e6e9edba-a357-4062-a9e4-c34619df2644,531,gratian.timothy@doordash.com,Gratian Timothy,member,,2020-12-17 00:00:00,True,Goa
6fc4b9ae-8911-4e53-b763-b578943f93af,531,dhanashree.gawas@doordash.com,Dhanashree Gawas,member,,2020-04-28 00:00:00,True,Goa
e7f6f963-6049-4652-bb9c-47dc2d9666b0,531,maxim.saldanha@doordash.com,Maxim Saldanha,admin,,2020-09-24 00:00:00,True,Goa
0783ed30-b39c-425c-bc65-de2c246865f0,531,rafaela.saldanha@doordash.com,Rafaela Saldanha,limited_access,,2020-08-26 00:00:00,True,Goa
c092adba-82e8-4bb8-9ff1-6b1a84e9414d,531,roger.xavier@doordash.com,Roger Xavier,guest,,2020-03-19 00:00:00,True,Goa
395ca26e-659c-45a9-b60a-ff58696aa4be,531,jagadamba.bhandary@doordash.com,Jagadamba Bhandary,admin,,2020-09-15 00:00:00,True,Goa
f350034d-dc8a-4af1-9e9f-45cadfb746d1,531,shruthan.mascarenhas@doordash.com,Shruthan Mascarenhas,limited_access,,2020-02-09 00:00:00,True,Goa
4f02266a-5e9e-42d5-b6ea-b25f5a4cab73,531,jiya.shenoy@doordash.com,Jiya Shenoy,admin,,2020-01-21 00:00:00,True,Goa
a7472581-1216-42d1-8b03-62fd1e6323d1,531,sharon.george@doordash.com,Sharon George,admin,,2020-07-09 00:00:00,True,Goa
5641f974-3d07-4d37-bc51-36377198a393,531,esha.gawas@doordash.com,Esha Gawas,limited_access,,2020-10-15 00:00:00,True,Goa
ca164ce5-1250-4b18-b960-bd0f47c5cbb3,531,nathaniel.michael@doordash.com,Nathaniel Michael,admin,,2020-07-28 00:00:00,True,Goa
832c2bee-d3fb-48b2-855e-d0cae606700f,531,riya.bhat@doordash.com,Riya Bhat,limited_access,,2020-03-24 00:00:00,True,Goa
b6291780-a4d5-4b0a-981c-f06a7a5dea04,531,benedict.samuel@doordash.com,Benedict Samuel,guest,,2020-06-12 00:00:00,True,Goa
18e235e7-f22e-4d57-b511-4920f5127dbf,531,hemal.vernekar@doordash.com,Hemal Vernekar,guest,,2020-12-17 00:00:00,True,Goa
b3ba0a9c-69cf-4bbc-adfb-917d8e948296,531,sebastian.chacko@doordash.com,Sebastian Chacko,member,,2020-02-26 00:00:00,True,Goa
7f1e6345-2890-4597-8d8b-4644905ec2b8,531,margaret.desouza@doordash.com,Margaret De Souza,admin,,2020-11-13 00:00:00,True,Goa
3452dde2-bf40-463f-85c0-638a6c19c4f0,531,avinash.prabhu@doordash.com,Avinash Prabhu,admin,,2020-06-21 00:00:00,True,Goa
31cd7a4e-dec7-4429-b455-5ab957398c31,531,sharlene.d'mello@doordash.com,Sharlene D'Mello,admin,,2020-12-17 00:00:00,True,Goa
323777f2-890f-44b1-a839-43d4a62e0503,531,bhavesh.bhandary@doordash.com,Bhavesh Bhandary,admin,,2020-02-05 00:00:00,True,Goa
094e75b1-d95d-42ad-9fd4-33920d1d0672,531,deborah.costa@doordash.com,Deborah Costa,member,,2020-06-17 00:00:00,True,Goa
a93330d4-f5f4-4fd8-873a-f5841c6b9e60,531,ashwin.kamat@doordash.com,Ashwin Kamat,guest,,2020-11-10 00:00:00,True,Goa
85ef8d1d-9cf8-4fbb-b508-dda997477424,531,vaidehi.hegde@doordash.com,Vaidehi Hegde,member,,2020-06-14 00:00:00,True,Goa
af9fda60-a951-4a5e-b0cb-20a5476f2869,531,edward.baptista@doordash.com,Edward Baptista,limited_access,,2020-04-07 00:00:00,True,Goa
da8ed51f-7f82-4bfe-bb6d-f059c17ddd74,531,edna.mathias@doordash.com,Edna Mathias,limited_access,,2020-07-27 00:00:00,True,Goa
693da4d1-3b27-445f-9a93-c2958d214c8a,531,jerald.zacharias@doordash.com,Jerald Zacharias,admin,,2020-03-10 00:00:00,True,Goa
1979ff8a-8e7e-43c5-80e0-508e6c587be1,531,annapurna.bhat@doordash.com,Annapurna Bhat,limited_access,,2020-10-18 00:00:00,True,Goa
32c43abe-318d-435c-a430-9966fbe3947e,531,nelson.monteiro@doordash.com,Nelson Monteiro,guest,,2020-01-14 00:00:00,True,Goa
9405716b-2540-4de5-ae84-362359a03a0d,531,hemangi.rane@doordash.com,Hemangi Rane,admin,,2020-04-03 00:00:00,True,Goa
e37bb9c0-2839-4cb8-beb1-0d493f6edb08,531,chaitanya.naik1@doordash.com,Chaitanya Naik,member,,2020-10-26 00:00:00,True,Goa
70e1246f-5ee5-4c1c-b1e4-074b5f5e973a,531,felcy.d'mello@doordash.com,Felcy D'Mello,limited_access,,2020-02-13 00:00:00,True,Goa
f5b0c099-7b3e-4cb1-b277-1f8fc1d46332,531,lancy.desouza@doordash.com,Lancy De Souza,admin,,2020-07-31 00:00:00,True,Goa
37d983df-f909-4293-9b57-8e7381706f87,531,julia.victor@doordash.com,Julia Victor,guest,,2020-06-02 00:00:00,True,Goa
1e9d2226-4d9d-4b55-b566-285ddde89352,531,micah.dias@doordash.com,Micah Dias,admin,,2020-11-22 00:00:00,True,Goa
45cf544a-d445-4a93-bd98-c984bf7aa8b8,531,damini.rao@doordash.com,Damini Rao,guest,,2020-04-13 00:00:00,True,Goa
99426d67-4b53-44e7-bc54-86c9f9da15fb,531,santosh.gaonkar@doordash.com,Santosh Gaonkar,member,,2020-01-16 00:00:00,True,Goa
8ef5f469-5249-4886-a96f-2b2f488b45bd,531,rafaela.george@doordash.com,Rafaela George,member,,2020-07-07 00:00:00,True,Goa
53d39a4f-7a05-4b0b-918b-2731934cc6d0,531,jonathan.mathew@doordash.com,Jonathan Mathew,admin,,2020-02-28 00:00:00,True,Goa
026d646d-c077-40e7-968e-c3edb1020ebf,531,monica.jacob@doordash.com,Monica Jacob,member,,2020-06-10 00:00:00,True,Goa
6a3f56cb-d4a9-4216-a29d-b9563a726ef4,531,shivanand.kunte@doordash.com,Shivanand Kunte,guest,,2020-10-30 00:00:00,True,Goa
f5a4428d-5d4e-49dc-be80-1aa35381b040,531,mary.alberto@doordash.com,Mary Alberto,guest,,2020-08-26 00:00:00,True,Goa
2bdf269d-b137-4dd1-970d-92c4b99a3d23,531,evan.d'souza@doordash.com,Evan D'Souza,limited_access,,2020-12-28 00:00:00,True,Goa
76715940-2a80-4cf7-beee-ddf42979487e,531,yamini.borkar@doordash.com,Yamini Borkar,guest,,2020-02-19 00:00:00,True,Goa
6e07eafc-3a4a-4fb7-961e-78d1ec92cddc,531,sunil.kamat@doordash.com,Sunil Kamat,limited_access,,2020-06-03 00:00:00,True,Goa
b95d3f35-1105-48cc-9022-94790251cafe,531,harriet.rodrigues@doordash.com,Harriet Rodrigues,admin,,2020-05-01 00:00:00,True,Goa
e218bf7c-a825-4687-acee-9eb044cf0bef,531,anil.bhandary@doordash.com,Anil Bhandary,guest,,2020-07-12 00:00:00,True,Goa
5fb79e95-4474-4552-9f95-6853cd62d117,531,eliana.daniel@doordash.com,Eliana Daniel,guest,,2020-11-14 00:00:00,True,Goa
97bd572e-a0e6-4f36-b075-ae15666253b7,531,shridhar.kamat@doordash.com,Shridhar Kamat,limited_access,,2020-07-24 00:00:00,True,Goa
8669f80b-f416-46c8-a4d1-5890111a43e7,531,kalpana.kunte@doordash.com,Kalpana Kunte,member,,2020-01-22 00:00:00,True,Goa
58ad2091-b6da-4311-ad31-53bef84fcda3,531,pankaj.bhandary@doordash.com,Pankaj Bhandary,limited_access,,2020-11-23 00:00:00,True,Goa
8892b946-d6da-4b3a-bde5-175f402afdc1,531,saraswati.desai@doordash.com,Saraswati Desai,guest,,2020-07-16 00:00:00,True,Goa
e3d5a750-a057-4a28-bc02-1c8cfaf00b17,531,eli.mendonca@doordash.com,Eli Mendonca,guest,,2020-06-28 00:00:00,True,Goa
cc7cf0ef-793a-4d03-a23f-6b9e5a84ca7b,531,diya.hegde@doordash.com,Diya Hegde,member,,2020-02-04 00:00:00,True,Goa
d3638aa1-ee26-4e49-aac1-f67d90b91bad,531,somesh.gaonkar@doordash.com,Somesh Gaonkar,limited_access,,2020-01-25 00:00:00,True,Goa
74af43d2-4fa5-4e8b-94e7-c30faaeb57f9,531,vanshika.kunte@doordash.com,Vanshika Kunte,member,,2020-09-20 00:00:00,True,Goa
cf49e7db-89ac-447f-9fbd-dcbeba26bd1a,531,darren.serrao@doordash.com,Darren Serrao,admin,,2020-03-14 00:00:00,True,Goa
ad2bdd63-d161-47b9-b6e1-564ccdbada6e,531,deepthi.madgaonkar@doordash.com,Deepthi Madgaonkar,admin,,2020-07-06 00:00:00,True,Goa
c58e46b8-317d-44e9-a679-29c2d380dbb0,531,sharv.pai@doordash.com,Sharv Pai,member,,2020-09-12 00:00:00,True,Goa
dce0341b-b55e-4be9-b5ca-3972ad9d8d8a,531,charita.rao@doordash.com,Charita Rao,guest,,2020-08-02 00:00:00,True,Goa
21d7bf8d-6f66-4c10-9bd6-38b028be079b,531,benedict.xavier@doordash.com,Benedict Xavier,member,,2020-05-25 00:00:00,True,Goa
8bc385c9-fb7f-41c9-b917-be7e820cc358,531,constance.d'silva@doordash.com,Constance D'Silva,guest,,2020-08-13 00:00:00,True,Goa
246ca440-4af9-4d95-b7f6-4f71d59e0480,531,matthew.pinto@doordash.com,Matthew Pinto,admin,,2020-01-29 00:00:00,True,Goa
a42d41c9-38c3-4c20-935b-effd3f9ac0cc,531,neola.joseph@doordash.com,Neola Joseph,limited_access,,2020-03-08 00:00:00,True,Goa
7cd25964-36e4-4741-89c1-78697d3fdbb1,531,melric.baptista@doordash.com,Melric Baptista,admin,,2020-01-17 00:00:00,True,Goa
8019f1f9-1bb5-48b4-a25e-b6fef675af56,531,asha.quadros@doordash.com,Asha Quadros,guest,,2020-08-06 00:00:00,True,Goa
c595c44e-535d-49a3-b722-ac9ed64f2000,531,barry.tauro@doordash.com,Barry Tauro,guest,,2020-02-27 00:00:00,True,Goa
fe5781b8-4a02-49ac-a159-be634767e0aa,531,josephine.baptista@doordash.com,Josephine Baptista,guest,,2020-02-25 00:00:00,True,Goa
e8777659-7a48-40f4-8803-ca4c24d99c65,531,bruce.philip@doordash.com,Bruce Philip,limited_access,,2020-02-17 00:00:00,True,Goa
e03b3ad6-8a16-4ef8-86d0-37c7758be29f,531,martina.mathias@doordash.com,Martina Mathias,guest,,2020-06-24 00:00:00,True,Goa
918e02cf-89eb-400e-9eca-9fc6300e5c61,531,lanville.andrade@doordash.com,Lanville Andrade,guest,,2020-12-15 00:00:00,True,Goa
c83cd4ab-ce56-4d3b-97c1-088b22670668,531,tarini.bhat@doordash.com,Tarini Bhat,member,,2020-09-29 00:00:00,True,Goa
caf4644c-2048-451f-a80f-36a5c7aacf8e,531,deepak.borkar@doordash.com,Deepak Borkar,limited_access,,2020-10-12 00:00:00,True,Goa
fd343955-ad93-42ba-a3a2-04d53e140907,531,nerissa.john@doordash.com,Nerissa John,limited_access,,2020-01-20 00:00:00,True,Goa
be2cff23-f749-41c8-baf3-c1bc1faaae64,531,jayant.sawant@doordash.com,Jayant Sawant,admin,,2020-07-20 00:00:00,True,Goa
34e05769-4991-4249-9366-7e4ce0a8b007,531,hridya.gawas@doordash.com,Hridya Gawas,limited_access,,2020-01-05 00:00:00,True,Goa
5c3e0b87-c6a6-4f2c-bf8d-be6ca59005bc,531,luke.rodrigues@doordash.com,Luke Rodrigues,member,,2020-09-10 00:00:00,True,Goa
bbe3fa0d-4f92-4f90-a713-b528541afd59,531,eliza.rosario@doordash.com,Eliza Rosario,admin,,2020-03-29 00:00:00,True,Goa
586e1b37-e96f-460a-88bf-09f54b06cfb6,531,josiah.philip@doordash.com,Josiah Philip,limited_access,,2020-01-25 00:00:00,True,Goa
bb9a1db2-74a6-467f-91cc-d32a32d520b4,531,gertrude.furtado@doordash.com,Gertrude Furtado,member,,2020-11-15 00:00:00,True,Goa
b0c496a6-e9e5-4c6b-8431-c08ea9f48ed9,531,suraj.rane@doordash.com,Suraj Rane,guest,,2020-10-07 00:00:00,True,Goa
e2ddbc15-24b3-42b1-baad-ac6e3b03e8aa,531,harika.kudtarkar@doordash.com,Harika Kudtarkar,member,,2020-09-14 00:00:00,True,Goa
da1d83ed-2c87-4758-88a1-e01bf15c345e,531,bhaskar.rao@doordash.com,Bhaskar Rao,guest,,2020-09-20 00:00:00,True,Goa
0c8fdb00-3967-4aaa-ad99-8246f8f37538,531,raylene.soares@doordash.com,Raylene Soares,member,,2020-07-28 00:00:00,True,Goa
2ab132c4-4fb8-4154-8f80-8debcb273887,531,valerian.thomas@doordash.com,Valerian Thomas,member,,2020-01-25 00:00:00,True,Goa
20ed9260-3f2f-46b3-956a-514ee469cd9c,531,sheetal.bhat@doordash.com,Sheetal Bhat,guest,,2020-09-18 00:00:00,True,Goa
96a73410-716a-4f7a-a560-e92c3dfdae3e,531,yatin.bhat@doordash.com,Yatin Bhat,limited_access,,2020-11-01 00:00:00,True,Goa
7252bc25-478a-433d-bb37-508b93dacf0d,531,sarah.mendonca@doordash.com,Sarah Mendonca,member,,2020-05-23 00:00:00,True,Goa
811decbc-56d6-498b-90e3-a5fd70cce5d8,531,jagannath.kudtarkar@doordash.com,Jagannath Kudtarkar,member,,2020-11-14 00:00:00,True,Goa
6ed42501-9663-422c-8318-957a5c8ee81f,531,magdalene.pinto@doordash.com,Magdalene Pinto,guest,,2020-09-20 00:00:00,True,Goa
efe340ce-9e2f-4bf6-ba8c-2924bac970e2,531,augustine.zachariah@doordash.com,Augustine Zachariah,admin,,2020-01-15 00:00:00,True,Goa
1d6fd90b-48ca-45f8-8b94-05340bcd50bf,531,sana.noronha@doordash.com,Sana Noronha,member,,2020-02-19 00:00:00,True,Goa
13c5e281-2e4d-4731-996c-6ee23d46be8d,531,tanmay.bhandary@doordash.com,Tanmay Bhandary,guest,,2020-03-04 00:00:00,True,Goa
49bd914a-9b15-4e3c-8e63-d2f05246d283,531,gertrude.silva@doordash.com,Gertrude Silva,limited_access,,2020-03-26 00:00:00,True,Goa
ea9f2b0e-f2d4-4a44-b8a3-11996948b05b,531,yoganand.kamat@doordash.com,Yoganand Kamat,admin,,2020-03-28 00:00:00,True,Goa
9c8ded37-38a8-4b60-a3eb-f977e411b346,531,felicia.pais@doordash.com,Felicia Pais,guest,,2020-11-11 00:00:00,True,Goa
ca9543af-393e-4cc4-9815-7dce591dba35,531,suresh.kudtarkar@doordash.com,Suresh Kudtarkar,member,,2020-04-13 00:00:00,True,Goa
1522f494-f576-41b1-b2f2-17d03eeace5f,531,sangeeta.gawas@doordash.com,Sangeeta Gawas,limited_access,,2020-06-17 00:00:00,True,Goa
b7fd391c-bbf6-42f1-af19-530a0295442c,531,ben.saldanha@doordash.com,Ben Saldanha,limited_access,,2020-02-12 00:00:00,True,Goa
07731fc5-98af-49e7-9633-3c28fc36ede7,531,hasini.kudtarkar@doordash.com,Hasini Kudtarkar,limited_access,,2020-08-05 00:00:00,True,Goa
8005f43b-a0d6-44a4-963f-f8d5eac12936,531,gilbert.rodrigues@doordash.com,Gilbert Rodrigues,limited_access,,2020-09-19 00:00:00,True,Goa
b4709a9d-1d7e-445f-a66b-dd64413eb7d2,531,gauri.prabhu@doordash.com,Gauri Prabhu,guest,,2020-03-09 00:00:00,True,Goa
896f97df-eae3-47c9-921c-8b25b935d402,531,jeremiah.saldanha@doordash.com,Jeremiah Saldanha,limited_access,,2020-07-26 00:00:00,True,Goa
a9152fdf-1ca8-42fe-8e81-ed426a6e4798,531,preemal.noronha@doordash.com,Preemal Noronha,member,,2020-12-07 00:00:00,True,Goa
392b1673-91ef-445b-bc72-18724a6718f4,531,ivan.thomas@doordash.com,Ivan Thomas,guest,,2020-11-18 00:00:00,True,Goa
fff1aeb5-7b57-468d-ac10-8d12b782ead0,531,vandita.shenoy@doordash.com,Vandita Shenoy,admin,,2020-06-08 00:00:00,True,Goa
d5801367-7d35-4640-b591-4178da97d751,531,michael.mathew@doordash.com,Michael Mathew,admin,,2020-12-31 00:00:00,True,Goa
438a3764-48dc-4dd5-aa42-6c2e7838924b,531,natalie.crasta@doordash.com,Natalie Crasta,limited_access,,2020-04-05 00:00:00,True,Goa
6b2cdc4e-2f1c-4ac4-b871-61b02520d4d0,531,deon.dias@doordash.com,Deon Dias,limited_access,,2020-11-05 00:00:00,True,Goa
289508ce-29e0-45a0-bd55-7cdbcf26920a,531,divya.kudtarkar@doordash.com,Divya Kudtarkar,limited_access,,2020-06-30 00:00:00,True,Goa
e1ca6545-f006-48ff-bd8d-628120fe17af,531,caleb.noronha@doordash.com,Caleb Noronha,limited_access,,2020-10-05 00:00:00,True,Goa
6302cd7e-6832-4f6c-8f61-a06405146362,531,ivy.d'cruz@doordash.com,Ivy D'Cruz,limited_access,,2020-06-29 00:00:00,True,Goa
43acd7ca-1ac8-44d8-a0a2-f590436c2a46,531,kaviraj.madgaonkar@doordash.com,Kaviraj Madgaonkar,admin,,2020-04-20 00:00:00,True,Goa
8747d531-f799-4f68-a45d-e08559f41499,531,sarah.pinto@doordash.com,Sarah Pinto,member,,2020-04-10 00:00:00,True,Goa
ff0d1c4f-5976-4272-8e12-ca0cd1818ba0,531,rohit.pai@doordash.com,Rohit Pai,guest,,2020-09-23 00:00:00,True,Goa
13d10044-c37e-4b30-9363-b007405648fb,531,haritha.borkar@doordash.com,Haritha Borkar,member,,2020-02-08 00:00:00,True,Goa
10e80ee5-345d-46c7-ae2b-c517d5a827be,531,arnav.bhandary@doordash.com,Arnav Bhandary,limited_access,,2020-10-02 00:00:00,True,Goa
22545365-acc6-41cd-808b-a0729d19e0af,531,tresa.mathias@doordash.com,Tresa Mathias,guest,,2020-01-26 00:00:00,True,Goa
4651d540-81a8-40c5-b904-9dbb9401d02d,531,curtis.sequeira@doordash.com,Curtis Sequeira,limited_access,,2020-02-11 00:00:00,True,Goa
26f4b33f-8cf1-4314-858d-6f569964d757,531,vrinda.rao@doordash.com,Vrinda Rao,guest,,2020-05-06 00:00:00,True,Goa
879d0d00-67fb-46c1-b0f8-b0417c76bdfb,531,laxman.rane@doordash.com,Laxman Rane,guest,,2020-05-21 00:00:00,True,Goa
24ff3313-b5b5-4154-8b5f-74d1245f9645,531,deepthi.madgaonkar1@doordash.com,Deepthi Madgaonkar,limited_access,,2020-03-13 00:00:00,True,Goa
bec15a77-923a-47cc-9be3-a8c46e9351ab,531,jayesh.shenoy@doordash.com,Jayesh Shenoy,limited_access,,2020-06-13 00:00:00,True,Goa
bf31b4b6-bc0c-48fc-8fe8-e5229b04c1d6,531,beryl.david@doordash.com,Beryl David,guest,,2020-07-20 00:00:00,True,Goa
02934b72-5d2c-415a-9d59-410df9ba41d1,531,lazarus.lopez@doordash.com,Lazarus Lopez,admin,,2020-04-01 00:00:00,True,Goa
0cc278fb-fc59-4e4c-8c2b-3184fb59b564,531,neha.pai@doordash.com,Neha Pai,member,,2020-10-14 00:00:00,True,Goa
cce405a5-7a13-4b36-b511-a5e0016db953,531,shivanand.rao@doordash.com,Shivanand Rao,admin,,2020-03-11 00:00:00,True,Goa
0d61de53-c950-4e0f-b037-49fdae291b65,531,josephine.james@doordash.com,Josephine James,limited_access,,2020-06-24 00:00:00,True,Goa
a8096efb-4951-4d3c-824c-88f317c187b2,531,adam.andrade@doordash.com,Adam Andrade,guest,,2020-12-18 00:00:00,True,Goa
034854e1-05c3-4fd0-843d-f45c082735e3,531,asha.morais@doordash.com,Asha Morais,guest,,2020-03-23 00:00:00,True,Goa
9635165a-94b6-4884-a47d-51927718e119,531,umakant.kudtarkar@doordash.com,Umakant Kudtarkar,guest,,2020-08-12 00:00:00,True,Goa
6b573761-d0de-4428-81df-cc0b6e238ee9,531,irena.gomes@doordash.com,Irena Gomes,admin,,2020-10-18 00:00:00,True,Goa
da91d500-8c2c-4c0b-8046-d4d7061c54ae,531,dattaram.gawas@doordash.com,Dattaram Gawas,limited_access,,2020-05-08 00:00:00,True,Goa
2a4aeac5-ca1b-4c5a-8727-21f6d53c8f81,531,matilda.antony@doordash.com,Matilda Antony,admin,,2020-06-13 00:00:00,True,Goa
daea6a17-1114-4e94-a025-2584f1649098,531,valerian.lazar@doordash.com,Valerian Lazar,admin,,2020-09-22 00:00:00,True,Goa
a696d219-37bf-4752-98d5-fbe333c5d496,531,kavita.bhat@doordash.com,Kavita Bhat,member,,2020-11-03 00:00:00,True,Goa
3e323dfd-da19-4ce8-ac4b-477b0fe8b668,531,prakash.rao@doordash.com,Prakash Rao,limited_access,,2020-02-14 00:00:00,True,Goa
f044710b-da95-4059-af3a-7b5b519a7c19,531,preemal.siqueira@doordash.com,Preemal Siqueira,guest,,2020-09-09 00:00:00,True,Goa
4349c2d7-ea4a-4eae-aa10-56c2b07db261,531,oliver.colaco@doordash.com,Oliver Colaco,member,,2020-04-05 00:00:00,True,Goa
4c1c7dc3-44bb-4deb-9f3d-19e51e79e3bc,531,louisa.gomes@doordash.com,Louisa Gomes,admin,,2020-05-25 00:00:00,True,Goa
720b071b-84e3-42a9-98a5-a3d545392c14,531,ronald.faria@doordash.com,Ronald Faria,guest,,2020-04-05 00:00:00,True,Goa
c6bb8a74-5110-48dc-84b6-4a7d75ea444a,531,josephine.pinto@doordash.com,Josephine Pinto,guest,,2020-11-12 00:00:00,True,Goa
192cb920-5d81-4dc2-bdaa-1d2931986e98,531,matthew.morais@doordash.com,Matthew Morais,guest,,2020-08-27 00:00:00,True,Goa
c723aae6-3a49-4504-ad86-a393bcccf1e9,531,kavini.kudtarkar@doordash.com,Kavini Kudtarkar,member,,2020-12-26 00:00:00,True,Goa
8d2cca1c-0cc5-4cbb-8771-621b7bc1e290,531,rakesh.kamat@doordash.com,Rakesh Kamat,member,,2020-02-19 00:00:00,True,Goa
3451aa4a-d4b9-4509-a983-062914386b2a,531,karuna.sawant@doordash.com,Karuna Sawant,limited_access,,2020-09-25 00:00:00,True,Goa
c0e396f4-4521-4b8d-99f2-4ff53ded2d07,531,arnav.borkar@doordash.com,Arnav Borkar,member,,2020-04-17 00:00:00,True,Goa
d36f975a-8fc1-4ea0-80db-77c190780fca,531,sharini.vernekar@doordash.com,Sharini Vernekar,admin,,2020-09-24 00:00:00,True,Goa
904215dd-9213-4c2f-8f02-dad848d46ff8,531,robert.rebello@doordash.com,Robert Rebello,limited_access,,2020-03-01 00:00:00,True,Goa
b5ce517f-8e5f-4e17-9db1-eea2f1271993,531,girija.prabhu@doordash.com,Girija Prabhu,guest,,2020-09-15 00:00:00,True,Goa
567b66ae-44e1-4d0c-92e0-35ee98703141,531,trivikram.naik@doordash.com,Trivikram Naik,guest,,2020-08-18 00:00:00,True,Goa
09c2c621-42a3-4dc3-9c1c-770542227396,531,ambika.kunte@doordash.com,Ambika Kunte,member,,2020-07-17 00:00:00,True,Goa
7280d67f-7eb8-4fa4-ac75-bcecf634ffe2,531,harsha.naik@doordash.com,Harsha Naik,admin,,2020-01-06 00:00:00,True,Goa
0d45d4f8-e017-47d7-9032-ed72bfa7a0ee,531,lucy.zacharias@doordash.com,Lucy Zacharias,limited_access,,2020-12-05 00:00:00,True,Goa
c7d098b9-eea1-465e-81a7-789a593f3ca8,531,akash.vernekar@doordash.com,Akash Vernekar,member,,2020-10-17 00:00:00,True,Goa
b89fbb34-5670-4af0-9b9f-5d102dfd32b8,531,deborah.alberto@doordash.com,Deborah Alberto,admin,,2020-11-27 00:00:00,True,Goa
bd47c9d8-cd7d-4433-bab2-93b2c253260c,531,vaman.shenoy@doordash.com,Vaman Shenoy,member,,2020-10-27 00:00:00,True,Goa
452ba90b-9767-498d-aeed-9d88a81d57a3,531,chhaya.gawas@doordash.com,Chhaya Gawas,limited_access,,2020-04-30 00:00:00,True,Goa
5fb30fcf-b9a3-4237-9e1e-51daac6540b6,531,micah.silva@doordash.com,Micah Silva,limited_access,,2020-05-02 00:00:00,True,Goa
f2ac1947-df25-47ac-afba-8e59a8c9f9a2,531,haritha.sawant@doordash.com,Haritha Sawant,limited_access,,2020-09-22 00:00:00,True,Goa
25e71d9e-f0ae-4dec-8e81-365c49f76e75,531,rishabh.sawant@doordash.com,Rishabh Sawant,member,,2020-01-20 00:00:00,True,Goa
e0fdd826-bd53-423b-bd0e-fd4de712e330,531,naomi.furtado@doordash.com,Naomi Furtado,limited_access,,2020-05-14 00:00:00,True,Goa
8ad63f07-dcb5-4abc-a79c-68ab5758aa69,531,pushkar.madgaonkar@doordash.com,Pushkar Madgaonkar,member,,2020-05-28 00:00:00,True,Goa
6b0b3902-0697-4696-a3b6-368a44e72565,531,prachi.kamat@doordash.com,Prachi Kamat,limited_access,,2020-02-16 00:00:00,True,Goa
ab67a2b9-92b8-4b70-a134-29191cf35d6e,531,vijay.kudtarkar@doordash.com,Vijay Kudtarkar,member,,2020-09-29 00:00:00,True,Goa
a0e1b95d-db3e-4cbb-9cbc-00c91bdd40c4,531,neelima.gawas@doordash.com,Neelima Gawas,limited_access,,2020-10-14 00:00:00,True,Goa
d5b0cd39-4b89-488b-992e-29475116236b,531,mark.pereira@doordash.com,Mark Pereira,guest,,2020-02-18 00:00:00,True,Goa
c0e16b18-a40b-46e2-8dbe-b5c2f9d90f96,531,nupur.hegde@doordash.com,Nupur Hegde,guest,,2020-03-08 00:00:00,True,Goa
fbaba3cb-3b9d-4402-939c-c4735303eece,531,bendict.morais@doordash.com,Bendict Morais,guest,,2020-07-20 00:00:00,True,Goa
84b1ada1-fc19-445a-8293-0c1b654bd798,531,bhavani.hegde@doordash.com,Bhavani Hegde,member,,2020-11-15 00:00:00,True,Goa
1512dcbf-dd1e-4197-b00b-2e28895a08d2,531,chandrakant.vernekar@doordash.com,Chandrakant Vernekar,limited_access,,2020-08-02 00:00:00,True,Goa
4f754148-3c07-4471-9455-82abced12e83,531,pamela.george@doordash.com,Pamela George,limited_access,,2020-10-26 00:00:00,True,Goa
ca8ffe07-a5c8-40f8-b1f3-55d696735970,531,oliver.david@doordash.com,Oliver David,admin,,2020-11-21 00:00:00,True,Goa
d3562dea-0f3e-4535-9f1f-087e6360253a,531,sarah.soares@doordash.com,Sarah Soares,limited_access,,2020-03-29 00:00:00,True,Goa
1ed39bb0-6ee2-4c9d-843f-e49efde34a31,531,andrew.dias@doordash.com,Andrew Dias,member,,2020-05-28 00:00:00,True,Goa
66ae4c37-6fba-4aab-995b-988f939a717a,531,aira.shenoy@doordash.com,Aira Shenoy,guest,,2020-04-08 00:00:00,True,Goa
bd44b084-90cc-4784-b4db-fe14ee639805,531,atul.prabhu@doordash.com,Atul Prabhu,limited_access,,2020-09-21 00:00:00,True,Goa
814b6ab9-2a03-4803-801b-308a4532ff8e,531,indira.bhandary@doordash.com,Indira Bhandary,member,,2020-07-27 00:00:00,True,Goa
d837e048-c5bc-44e7-8ada-cfaa075dd2b8,531,adam.d'silva@doordash.com,Adam D'Silva,member,,2020-12-18 00:00:00,True,Goa
747cd9af-6fa3-4214-b97c-7eb059794ffc,531,rajeshwari.rane@doordash.com,Rajeshwari Rane,limited_access,,2020-10-04 00:00:00,True,Goa
940c7312-ab7e-4af1-85ce-d057aaf5be2f,531,stewen.gonsalves@doordash.com,Stewen Gonsalves,limited_access,,2020-11-30 00:00:00,True,Goa
2e505c7e-a394-43a4-b342-4c2c438a45e8,531,divya.hegde@doordash.com,Divya Hegde,limited_access,,2020-09-28 00:00:00,True,Goa
aa4a792d-ad2b-4ce8-b22e-866e4a0c97d2,531,nicholas.john@doordash.com,Nicholas John,admin,,2020-07-26 00:00:00,True,Goa
41d0ae28-ec86-4697-8acb-bb8f7cf6cdff,531,marceline.rebello@doordash.com,Marceline Rebello,guest,,2020-08-29 00:00:00,True,Goa
1902b12c-2a32-49cf-b6f9-337020dee458,531,pradeep.hegde@doordash.com,Pradeep Hegde,limited_access,,2020-06-28 00:00:00,True,Goa
97da2b51-3ca5-4337-844b-d088f7b2231d,531,veronica.barboza@doordash.com,Veronica Barboza,limited_access,,2020-05-10 00:00:00,True,Goa
f1073919-6f77-41c0-b1da-f4db6b94c2d5,531,shridhar.desai@doordash.com,Shridhar Desai,member,,2020-12-15 00:00:00,True,Goa
f37791f2-16ec-4159-a508-24697bd066c5,531,aarna.kudtarkar@doordash.com,Aarna Kudtarkar,limited_access,,2020-10-12 00:00:00,True,Goa
556fa328-fd83-4964-bca5-c7097570fb69,531,joyson.serrao@doordash.com,Joyson Serrao,guest,,2020-07-11 00:00:00,True,Goa
b58af375-2cfd-4709-a32f-8d66a412e034,531,carmina.raphael@doordash.com,Carmina Raphael,admin,,2020-04-23 00:00:00,True,Goa
4f5cd848-8b16-4509-ac54-f7dfaa20e0a4,531,arnav.madgaonkar@doordash.com,Arnav Madgaonkar,member,,2020-02-13 00:00:00,True,Goa
766c15a8-fda6-411e-b3fb-d9fd1592697c,531,alice.xavier@doordash.com,Alice Xavier,member,,2020-06-24 00:00:00,True,Goa
541d920b-263e-4519-8728-27a355b1ca5e,531,rajesh.shenoy@doordash.com,Rajesh Shenoy,admin,,2020-05-22 00:00:00,True,Goa
160d2964-7378-40d8-ae9e-9783b73c8ba0,531,ashley.correa@doordash.com,Ashley Correa,member,,2020-04-06 00:00:00,True,Goa
a23118ec-f8cf-4ba0-b816-5f7b3150faa4,531,adrian.carvalho@doordash.com,Adrian Carvalho,member,,2020-06-20 00:00:00,True,Goa
6a001033-2ab5-4919-bb53-7a15c8fe35f0,531,philomena.gonsalves@doordash.com,Philomena Gonsalves,admin,,2020-01-27 00:00:00,True,Goa
45e31c28-1319-4a5b-8362-dac660318699,531,vivian.correa@doordash.com,Vivian Correa,limited_access,,2020-09-12 00:00:00,True,Goa
4999f2e3-9130-40fb-80a8-acbb850d4133,531,precilla.lazar@doordash.com,Precilla Lazar,guest,,2020-07-21 00:00:00,True,Goa
35a56511-9863-4c78-8ac0-9352b59e9945,531,jerald.andrade@doordash.com,Jerald Andrade,member,,2020-07-08 00:00:00,True,Goa
cb890d8f-8e6f-4d0e-9fc3-feaf85ffa003,531,hrudaya.bhandary@doordash.com,Hrudaya Bhandary,member,,2020-04-27 00:00:00,True,Goa
34c948ea-8fa4-41af-9464-4edacceb63c6,531,ishwar.hegde@doordash.com,Ishwar Hegde,admin,,2020-05-14 00:00:00,True,Goa
dbd10760-55d5-4af5-96f6-d98a9f807194,531,jacintha.rosario@doordash.com,Jacintha Rosario,guest,,2020-08-28 00:00:00,True,Goa
95fe20cd-e4cd-4002-a48e-f9edb3cdae20,531,donald.james@doordash.com,Donald James,admin,,2020-02-20 00:00:00,True,Goa
184bbef6-3c35-4c1c-b6c0-8ccc1a755df0,531,benedicta.noronha@doordash.com,Benedicta Noronha,limited_access,,2020-07-07 00:00:00,True,Goa
c3a47211-57f3-443d-b0d6-4ef847f0e976,531,mason.barboza@doordash.com,Mason Barboza,member,,2020-07-12 00:00:00,True,Goa
57ce32da-fbe6-4440-b745-8625c4a7d452,531,elizabeth.samuel@doordash.com,Elizabeth Samuel,member,,2020-09-14 00:00:00,True,Goa
00fb00bc-ffed-42e5-b2a8-ebf2c31cb966,531,brendan.menezes@doordash.com,Brendan Menezes,guest,,2020-02-01 00:00:00,True,Goa
14f7cbc3-924e-4211-ab5f-79ac52b7bb21,531,amelia.soares@doordash.com,Amelia Soares,guest,,2020-03-07 00:00:00,True,Goa
c4823c39-53ca-44b3-93fe-c7af0374fbe7,531,mukesh.hegde@doordash.com,Mukesh Hegde,guest,,2020-02-17 00:00:00,True,Goa
0f37d055-d57a-4122-a118-1b7ce698c56d,531,varsha.hegde@doordash.com,Varsha Hegde,admin,,2020-08-15 00:00:00,True,Goa
a237212f-1454-4bde-bdb2-b8ca41707e1d,531,roger.serrao@doordash.com,Roger Serrao,limited_access,,2020-03-15 00:00:00,True,Goa
25268e86-3706-40bf-8a38-7969a32b983d,531,valencia.d'mello@doordash.com,Valencia D'Mello,guest,,2020-12-19 00:00:00,True,Goa
d5bd9775-3eb8-4fee-b486-cb4ebbd5de65,531,felix.pinto@doordash.com,Felix Pinto,admin,,2020-10-13 00:00:00,True,Goa
a2057e95-78eb-49ee-a70a-1ad439238674,531,kamini.gawas@doordash.com,Kamini Gawas,admin,,2020-04-01 00:00:00,True,Goa
56bc0fc2-e132-4f47-b61d-133c4b03dac4,531,indrajit.borkar@doordash.com,Indrajit Borkar,guest,,2020-04-27 00:00:00,True,Goa
6455059f-b151-4ad5-873a-bad08cb44073,531,stella.barboza@doordash.com,Stella Barboza,guest,,2020-02-14 00:00:00,True,Goa
fd09969b-3f60-4db9-ab2a-b9bd7385e6b0,531,jayesh.naik@doordash.com,Jayesh Naik,guest,,2020-02-26 00:00:00,True,Goa
fc50e09a-5452-41cc-bd53-3dbfdf358b5a,531,nandini.desai@doordash.com,Nandini Desai,limited_access,,2020-02-02 00:00:00,True,Goa
caf962be-b84f-4f70-9c6a-47089ff8bcf0,531,siddharth.shet@doordash.com,Siddharth Shet,guest,,2020-10-08 00:00:00,True,Goa
e71cf7b7-a3b7-4ce3-adda-f81f313b662a,531,lydia.nazareth@doordash.com,Lydia Nazareth,guest,,2020-05-26 00:00:00,True,Goa
ec81ba97-834d-40d5-b8e7-45f3aeffd70b,531,leo.saldanha@doordash.com,Leo Saldanha,guest,,2020-01-24 00:00:00,True,Goa
84f136d0-d68a-47ce-8f8c-8a3b2468a874,531,hridya.rane@doordash.com,Hridya Rane,guest,,2020-11-15 00:00:00,True,Goa
68d8aed8-d74d-4575-857d-9e5fcbe89f60,531,kamal.gawas@doordash.com,Kamal Gawas,guest,,2020-12-18 00:00:00,True,Goa
43464511-51ce-49ce-a23e-5450fb8713da,531,asmita.bhandary@doordash.com,Asmita Bhandary,admin,,2020-01-04 00:00:00,True,Goa
dd45bc63-9b2b-40c5-9dd0-107db95b4772,531,madhukar.shenoy@doordash.com,Madhukar Shenoy,member,,2020-05-21 00:00:00,True,Goa
ef9af4ee-73bb-406b-bf43-8078a6e941b2,531,nicole.costa@doordash.com,Nicole Costa,member,,2020-01-25 00:00:00,True,Goa
24b9f983-9d2d-4f0e-8297-922d155ccd15,531,pratap.pai@doordash.com,Pratap Pai,guest,,2020-02-29 00:00:00,True,Goa
e3888084-7cc2-40c7-a719-128cc402f208,531,frizzel.d'silva@doordash.com,Frizzel D'Silva,limited_access,,2020-03-22 00:00:00,True,Goa
1971b5bc-0829-46b7-a304-538a0f3f555a,531,flexon.rodrigues@doordash.com,Flexon Rodrigues,guest,,2020-08-17 00:00:00,True,Goa
d2c7b6c8-4e1b-45ac-93dd-4caddbd66b0f,531,lucy.noronha@doordash.com,Lucy Noronha,admin,,2020-03-06 00:00:00,True,Goa
8e62c9bb-2032-4b9a-afb5-0c14d90a03bf,531,mukesh.sawant@doordash.com,Mukesh Sawant,guest,,2020-01-26 00:00:00,True,Goa
c5630af2-0805-422f-ab27-b6f2cd1ce30c,531,tresa.rodrigues@doordash.com,Tresa Rodrigues,limited_access,,2020-11-27 00:00:00,True,Goa
051a68ef-989e-4b4e-b35f-37dce83f2e54,531,lakshmikant.kamat@doordash.com,Lakshmikant Kamat,admin,,2020-06-08 00:00:00,True,Goa
b4c3b39e-7fda-403b-89cb-c3376b8162ff,531,bhairavi.gawas@doordash.com,Bhairavi Gawas,limited_access,,2020-06-24 00:00:00,True,Goa
ad8defa3-12db-4154-8ff9-d10467955624,531,soham.naik@doordash.com,Soham Naik,member,,2020-01-24 00:00:00,True,Goa
5db6e439-aa7e-4e3e-9170-b5c38a8d2130,531,vaishnavi.kunte@doordash.com,Vaishnavi Kunte,limited_access,,2020-11-12 00:00:00,True,Goa
ad38209d-9904-49b1-bacb-56abc948f37d,531,gaurav.kunte@doordash.com,Gaurav Kunte,limited_access,,2020-02-10 00:00:00,True,Goa
956e9a0a-3a98-49de-aad3-8ac9b75e2f1f,531,karina.abraham@doordash.com,Karina Abraham,guest,,2020-07-09 00:00:00,True,Goa
a906f3ce-7191-4dbd-aaa5-186236cb596d,531,nagesh.gawas@doordash.com,Nagesh Gawas,admin,,2020-10-22 00:00:00,True,Goa
f69e5970-77e0-4ac6-ad68-8e6750913d2b,531,jacintha.alberto@doordash.com,Jacintha Alberto,member,,2020-10-03 00:00:00,True,Goa
c182bd61-fe22-4064-b394-a22a72ed74cd,531,nicholas.cherian@doordash.com,Nicholas Cherian,admin,,2020-04-13 00:00:00,True,Goa
ed4cf2e2-9698-4c39-889e-f5cee254bcef,531,hazel.d'lima@doordash.com,Hazel D'Lima,admin,,2020-03-11 00:00:00,True,Goa
dbafc404-b0bf-4761-b680-da77d8806184,531,renson.d'cruz@doordash.com,Renson D'Cruz,admin,,2020-04-22 00:00:00,True,Goa
03233451-88a8-400b-90ea-ac154f23dd9a,531,kalyani.borkar@doordash.com,Kalyani Borkar,limited_access,,2020-05-20 00:00:00,True,Goa
c9134e4d-e15f-4db6-ad91-98fedf4c63e9,531,ramkrishna.pai@doordash.com,Ramkrishna Pai,member,,2020-03-18 00:00:00,True,Goa
de9c01cd-c864-425b-8fea-fb82f1880c62,531,lishma.daniel@doordash.com,Lishma Daniel,limited_access,,2020-11-17 00:00:00,True,Goa
2224811b-6a5e-48f9-be75-1e09c37aabd6,531,gabriel.jacob@doordash.com,Gabriel Jacob,member,,2020-03-10 00:00:00,True,Goa
8a6fc762-5240-4494-9d6d-e9f9b8c1debd,531,dhanashree.shenoy@doordash.com,Dhanashree Shenoy,limited_access,,2020-08-01 00:00:00,True,Goa
d9c298be-ab63-47bf-b42f-01cf0657dcdc,531,amar.bhat@doordash.com,Amar Bhat,admin,,2020-05-05 00:00:00,True,Goa
82214e77-e0cc-4450-b61c-b0c89a1a9730,531,nina.monteiro@doordash.com,Nina Monteiro,limited_access,,2020-03-07 00:00:00,True,Goa
50869dfe-eed0-4016-be17-5eb324b0c57e,531,robert.coelho@doordash.com,Robert Coelho,admin,,2020-02-03 00:00:00,True,Goa
884e5207-8173-4146-978c-4dd8f59ddfdd,531,yojana.bhandary@doordash.com,Yojana Bhandary,admin,,2020-12-31 00:00:00,True,Goa
b23a24a2-5f85-40bf-bb1f-0327869852e5,531,randolf.silva@doordash.com,Randolf Silva,guest,,2020-06-03 00:00:00,True,Goa
7f3029ad-39cd-4880-8bae-dda1303e13c9,531,saavi.kudtarkar@doordash.com,Saavi Kudtarkar,admin,,2020-11-22 00:00:00,True,Goa
e16c4a6d-5f2f-4f95-8e1c-d9886d23b9a0,531,aaron.gonsalves@doordash.com,Aaron Gonsalves,guest,,2020-01-30 00:00:00,True,Goa
3678dd79-b39f-4750-906a-bfb0d96d495a,531,stella.alberto@doordash.com,Stella Alberto,limited_access,,2020-06-29 00:00:00,True,Goa
b8a4f85a-a638-4b7b-a001-7e8d658ed636,531,daniel.andrade@doordash.com,Daniel Andrade,limited_access,,2020-02-26 00:00:00,True,Goa
183c70a5-83fb-4bcb-ad14-6961ef9c4df1,531,amanda.isaac@doordash.com,Amanda Isaac,admin,,2020-08-11 00:00:00,True,Goa
36e8e37b-50a8-4564-ad06-38b79f65dd70,531,ayaan.borkar@doordash.com,Ayaan Borkar,admin,,2020-04-19 00:00:00,True,Goa
0c84ece9-94b7-41b7-bc65-735c73c4ae7a,531,mary.silva@doordash.com,Mary Silva,member,,2020-07-27 00:00:00,True,Goa
710fea42-edda-4d68-a27c-6e3189a0ad8c,531,rahul.gawas@doordash.com,Rahul Gawas,member,,2020-12-21 00:00:00,True,Goa
8b8043ac-1f4c-490a-8729-a7cd46c4cf84,531,kamini.sawant@doordash.com,Kamini Sawant,member,,2020-07-09 00:00:00,True,Goa
80ebcbc2-ae8c-4ccc-ae87-0c81d94dd0b5,531,chaitanya.madgaonkar@doordash.com,Chaitanya Madgaonkar,admin,,2020-11-01 00:00:00,True,Goa
b34cb3fe-e427-4fb7-9ff2-764bb1922295,531,florence.benjamin@doordash.com,Florence Benjamin,limited_access,,2020-02-13 00:00:00,True,Goa
71f66d72-50e0-40d2-ba1f-19b023d8759d,531,ankit.shenoy@doordash.com,Ankit Shenoy,guest,,2020-12-04 00:00:00,True,Goa
bc182366-19e4-4fff-aae4-c606bd0c9545,531,angela.coelho@doordash.com,Angela Coelho,admin,,2020-11-27 00:00:00,True,Goa
e8e03e67-c0f5-4a5d-9c68-5983ecf516b9,531,kishore.pai@doordash.com,Kishore Pai,admin,,2020-02-04 00:00:00,True,Goa
63a39c16-a4a7-4526-a696-baae8149c53f,531,trupti.rane@doordash.com,Trupti Rane,admin,,2020-02-27 00:00:00,True,Goa
bfae0d6a-73f3-42b8-8b83-cbe62d5e733f,531,joel.siqueira@doordash.com,Joel Siqueira,admin,,2020-01-19 00:00:00,True,Goa
e4d25115-6ed8-4844-bbdb-43a3f6126ae7,531,aira.naik@doordash.com,Aira Naik,limited_access,,2020-09-13 00:00:00,True,Goa
6a2f3ce5-c406-4ba2-b86f-7747017ff1dd,531,nandan.kudtarkar@doordash.com,Nandan Kudtarkar,limited_access,,2020-11-29 00:00:00,True,Goa
f26a948b-4b40-4e51-aac9-0ba2aea9fc7d,531,tejaswini.shenoy@doordash.com,Tejaswini Shenoy,admin,,2020-06-16 00:00:00,True,Goa
61db8269-14f6-4311-bff6-bdf6f4531b75,531,seth.d'cruz@doordash.com,Seth D'Cruz,admin,,2020-04-06 00:00:00,True,Goa
f58d87d4-3991-4b48-8fe7-a26ebc680f3b,531,natasha.saldanha@doordash.com,Natasha Saldanha,guest,,2020-02-09 00:00:00,True,Goa
e45bf1da-a5ed-4f44-9293-cc60bdc68442,531,akash.shenoy@doordash.com,Akash Shenoy,limited_access,,2020-02-20 00:00:00,True,Goa
5091d6ca-9a0f-412e-8b91-57046ec3ad7e,531,katherine.desouza@doordash.com,Katherine De Souza,admin,,2020-11-09 00:00:00,True,Goa
f986f608-fb3d-4823-aa18-dff4b0886f58,531,devanand.bhandary@doordash.com,Devanand Bhandary,guest,,2020-11-13 00:00:00,True,Goa
a25876c7-0f3c-402d-8978-307eb97c3ea3,531,bhavana.rane@doordash.com,Bhavana Rane,member,,2020-06-30 00:00:00,True,Goa
05d830b6-04c1-4580-bcf0-6cd8b0401f11,531,nagesh.prabhu@doordash.com,Nagesh Prabhu,limited_access,,2020-11-02 00:00:00,True,Goa
7e954789-e1a7-4332-82cb-336aa0ee9aa0,531,devika.sawant@doordash.com,Devika Sawant,limited_access,,2020-06-22 00:00:00,True,Goa
3fa842d1-e662-4fa5-b9cb-06bc3cfe6c03,531,upendra.gawas@doordash.com,Upendra Gawas,member,,2020-03-11 00:00:00,True,Goa
65d93e58-8857-4245-b9fe-7ba408f5e281,531,agnes.stephen@doordash.com,Agnes Stephen,limited_access,,2020-12-31 00:00:00,True,Goa
c4499485-7be3-456c-ae5f-7ea11398ce84,531,yeshwanth.borkar@doordash.com,Yeshwanth Borkar,limited_access,,2020-05-08 00:00:00,True,Goa
ab67bedc-837b-4888-a90f-671a67179415,531,ann.morais@doordash.com,Ann Morais,member,,2020-08-08 00:00:00,True,Goa
6874dacb-81db-473e-b082-ea60ba2340f5,531,kunal.rane@doordash.com,Kunal Rane,admin,,2020-01-31 00:00:00,True,Goa
c1556848-7c96-43d8-8958-02cf18b6cc93,531,beatrice.serrao@doordash.com,Beatrice Serrao,admin,,2020-01-17 00:00:00,True,Goa
743092a5-1333-4dd2-adc2-196a133f5f2e,531,dinesh.shenoy@doordash.com,Dinesh Shenoy,limited_access,,2020-10-04 00:00:00,True,Goa
f938478f-c375-4802-8450-efc941f55da6,531,cheryl.chacko@doordash.com,Cheryl Chacko,admin,,2020-12-09 00:00:00,True,Goa
9daa06cf-ef67-4b56-adc5-5082e3b7860a,531,devanand.rane@doordash.com,Devanand Rane,guest,,2020-10-12 00:00:00,True,Goa
5c5514aa-2db7-4736-bef0-a5c9d9032f56,531,rosy.joseph@doordash.com,Rosy Joseph,member,,2020-05-24 00:00:00,True,Goa
f6b09548-5f7a-43c2-b9ac-c19336150d61,531,jerome.alvares@doordash.com,Jerome Alvares,admin,,2020-03-30 00:00:00,True,Goa
e5eb7e9a-77ee-4d81-a233-03bb4dad9217,531,niharika.vernekar@doordash.com,Niharika Vernekar,member,,2020-02-25 00:00:00,True,Goa
9aa0e720-2efb-43f6-a8ec-1982ab5059d5,531,vishwajeet.pai@doordash.com,Vishwajeet Pai,admin,,2020-09-26 00:00:00,True,Goa
7fdbb732-1d03-4fad-b5b7-09ae2ef786dd,531,clara.abraham@doordash.com,Clara Abraham,limited_access,,2020-02-16 00:00:00,True,Goa
c29997bc-dbf2-4957-bf4a-e562f3ea0d3c,531,albert.michael@doordash.com,Albert Michael,admin,,2020-08-11 00:00:00,True,Goa
828d9321-0bb1-4ee7-8c66-dfbbd1e54b46,531,kavisha.desai@doordash.com,Kavisha Desai,admin,,2020-07-15 00:00:00,True,Goa
91ba1b90-e3c0-4298-8ae3-95b10fbb588e,531,aditya.gaonkar@doordash.com,Aditya Gaonkar,limited_access,,2020-11-11 00:00:00,True,Goa
2fb5e3f3-ba45-416f-a641-533ae9935d43,531,precilla.andrade@doordash.com,Precilla Andrade,member,,2020-10-25 00:00:00,True,Goa
89b3246b-4334-422a-a1de-823f720ecbea,531,valerian.monteiro@doordash.com,Valerian Monteiro,member,,2020-12-28 00:00:00,True,Goa
43f7708a-f6bd-4582-95ef-5d362ba654d8,531,lishma.daniel1@doordash.com,Lishma Daniel,guest,,2020-04-17 00:00:00,True,Goa
77d2dd2d-8377-4dcc-92d4-045c4ff4c145,531,valerian.costa@doordash.com,Valerian Costa,limited_access,,2020-05-22 00:00:00,True,Goa
1728318a-029e-4197-87fe-2bdf5678512f,531,hemangi.pai@doordash.com,Hemangi Pai,limited_access,,2020-12-31 00:00:00,True,Goa
00d343a8-f933-4cf3-a5f7-2752c0280e70,531,nandan.bhat@doordash.com,Nandan Bhat,member,,2020-01-10 00:00:00,True,Goa
de0e176b-319e-4116-ab89-9cccfb4d50b3,531,barbara.andrade@doordash.com,Barbara Andrade,guest,,2020-09-25 00:00:00,True,Goa
6b5ec854-1340-4057-a091-b3ad83fe4b77,531,nagesh.shenoy@doordash.com,Nagesh Shenoy,limited_access,,2020-05-11 00:00:00,True,Goa
9c48976e-ffaa-45ed-8a4c-413e8cade049,531,hazel.george@doordash.com,Hazel George,guest,,2020-05-27 00:00:00,True,Goa
44d46e7f-0003-461c-a5f3-ee3ff6d396d4,531,pranav.vernekar@doordash.com,Pranav Vernekar,admin,,2020-12-14 00:00:00,True,Goa
3c377f8f-756c-488c-9328-14780e77dd17,531,miriam.cherian@doordash.com,Miriam Cherian,guest,,2020-09-05 00:00:00,True,Goa
5b67e256-ffd8-4482-9795-2159d8f73bd8,531,israel.carvalho@doordash.com,Israel Carvalho,limited_access,,2020-01-23 00:00:00,True,Goa
177bb783-6205-40a8-996d-1a0bfafe712c,531,jiya.kunte@doordash.com,Jiya Kunte,limited_access,,2020-08-18 00:00:00,True,Goa
77120536-0f00-4829-aae5-674eef810636,531,vinayak.borkar@doordash.com,Vinayak Borkar,limited_access,,2020-11-21 00:00:00,True,Goa
2d6f3a1b-2975-4c93-b5f9-e6bddb6c3d8b,531,aparna.rane@doordash.com,Aparna Rane,limited_access,,2020-02-11 00:00:00,True,Goa
c542b6f0-1487-4d87-a4cf-546212b74e53,531,josiah.gonsalves@doordash.com,Josiah Gonsalves,admin,,2020-08-30 00:00:00,True,Goa
7584d0f1-4550-45f1-8a74-5ebae9caa9e4,531,lorraine.varghese@doordash.com,Lorraine Varghese,limited_access,,2020-11-15 00:00:00,True,Goa
19a807f3-1efd-4eb3-84cd-7857838a4556,531,baptist.soares@doordash.com,Baptist Soares,admin,,2020-09-25 00:00:00,True,Goa
692b527a-75a2-4e4a-8b1d-7356ba8cfd9f,531,jagruti.gaonkar@doordash.com,Jagruti Gaonkar,limited_access,,2020-06-02 00:00:00,True,Goa
6ae55319-d449-49ef-b345-2c379f78037a,531,gravil.george@doordash.com,Gravil George,member,,2020-11-30 00:00:00,True,Goa
0d8450cc-f02c-4a23-80dd-8d04a202056f,531,samiksha.vernekar@doordash.com,Samiksha Vernekar,guest,,2020-09-15 00:00:00,True,Goa
f7ccd666-8ca8-44e8-9385-6ae84fd23c88,531,joackim.monteiro@doordash.com,Joackim Monteiro,guest,,2020-06-16 00:00:00,True,Goa
b5802185-9b7d-4352-a8c8-98da4b9c233b,531,vandana.rane@doordash.com,Vandana Rane,member,,2020-12-06 00:00:00,True,Goa
19236495-b5cb-4de2-b009-d7c2790eeef9,531,alwyn.rodrigues@doordash.com,Alwyn Rodrigues,limited_access,,2020-03-06 00:00:00,True,Goa
5466024f-41c7-48e5-8d63-c5eeb8e309e5,531,eleanor.james@doordash.com,Eleanor James,admin,,2020-07-26 00:00:00,True,Goa
870dd492-0ebb-4e2e-9e62-aa53f92c7254,531,gavin.peter@doordash.com,Gavin Peter,guest,,2020-01-26 00:00:00,True,Goa
42b43572-43d8-4bb5-8f45-5ae634d279b9,531,eugenia.d'lima@doordash.com,Eugenia D'Lima,limited_access,,2020-03-28 00:00:00,True,Goa
8335757c-b61a-4a62-b353-a38b117ac76e,531,frenith.thomas@doordash.com,Frenith Thomas,admin,,2020-08-15 00:00:00,True,Goa
53f0c465-84a1-4f98-be80-7c2e436bdd82,531,saloni.rosario@doordash.com,Saloni Rosario,admin,,2020-08-20 00:00:00,True,Goa
7508579a-7821-4983-af57-228666a3f519,531,soham.vernekar@doordash.com,Soham Vernekar,member,,2020-11-29 00:00:00,True,Goa
ab680c3e-e0c8-4325-8949-ae259ed71ed3,531,anjali.naik@doordash.com,Anjali Naik,limited_access,,2020-05-07 00:00:00,True,Goa
54cc8f13-1243-42d2-a842-1df25cb77dc1,531,emmanuel.baptista@doordash.com,Emmanuel Baptista,limited_access,,2020-10-30 00:00:00,True,Goa
a2b4101b-8441-4677-a853-92902d263a0b,531,bhavani.shenoy@doordash.com,Bhavani Shenoy,admin,,2020-06-27 00:00:00,True,Goa
b0ba2d60-1614-4608-9ede-77f08607610c,531,atul.prabhu1@doordash.com,Atul Prabhu,guest,,2020-04-23 00:00:00,True,Goa
f8f252fe-077e-4466-91f8-f43fdb8f8790,531,charita.sawant@doordash.com,Charita Sawant,limited_access,,2020-06-28 00:00:00,True,Goa
db27f6e0-9d27-44dc-8cc2-7c4c45cf2d85,531,achyut.pai@doordash.com,Achyut Pai,admin,,2020-10-13 00:00:00,True,Goa
2caac157-f8eb-4d53-8983-e8bf34a2cf6e,531,tulasi.naik@doordash.com,Tulasi Naik,member,,2020-05-05 00:00:00,True,Goa
b8650233-57d7-428c-957a-9c0022a6537b,531,keshav.hegde@doordash.com,Keshav Hegde,guest,,2020-08-05 00:00:00,True,Goa
188c5fdc-f80b-4d14-9374-d61f1ad45379,531,diya.shenoy@doordash.com,Diya Shenoy,limited_access,,2020-09-11 00:00:00,True,Goa
733b178c-f993-4ab1-b8f2-b581fbf4f5ec,531,ashwin.rao@doordash.com,Ashwin Rao,member,,2020-05-11 00:00:00,True,Goa
c781c87e-afd6-41c6-a2f4-887f91288b86,531,saavi.hegde@doordash.com,Saavi Hegde,member,,2020-11-08 00:00:00,True,Goa
51ef08bb-58aa-408a-acce-70ee137217d4,531,anthony.noronha@doordash.com,Anthony Noronha,member,,2020-02-01 00:00:00,True,Goa
9efac03f-be88-4b0e-b053-5b5692826cc2,531,sangeeta.borkar@doordash.com,Sangeeta Borkar,guest,,2020-04-02 00:00:00,True,Goa
d781aa38-6d0a-4ff9-8980-fefd6e1d5615,531,augustine.d'mello@doordash.com,Augustine D'Mello,admin,,2020-04-07 00:00:00,True,Goa
28cfc53b-e2e9-43e2-b680-6ae0b984188d,531,hannah.simon@doordash.com,Hannah Simon,admin,,2020-12-30 00:00:00,True,Goa
4ed74c5e-df24-4635-a49b-b5d797739ab0,531,sudarshan.shenoy@doordash.com,Sudarshan Shenoy,guest,,2020-10-01 00:00:00,True,Goa
4b9c38f3-2039-4178-810a-f435c344ee4c,531,ruth.james@doordash.com,Ruth James,limited_access,,2020-09-25 00:00:00,True,Goa
edbd0770-9931-4e13-9435-916571ad8919,531,heevan.rodrigues@doordash.com,Heevan Rodrigues,admin,,2020-12-06 00:00:00,True,Goa
6c78839f-8417-47a8-943c-0b3a4a735d5c,531,yojana.shenoy@doordash.com,Yojana Shenoy,admin,,2020-01-20 00:00:00,True,Goa
7729137d-bc02-4c0e-bc23-03c4e35675c4,531,philip.peter@doordash.com,Philip Peter,admin,,2020-01-09 00:00:00,True,Goa
00bd6a21-b8a7-4dc3-9fa5-5c6bd85ecb2e,531,roveena.pinto@doordash.com,Roveena Pinto,limited_access,,2020-01-11 00:00:00,True,Goa
1cad9af1-94e8-48df-8e23-ff870571ae5e,531,kailash.bava@doordash.com,Kailash Bava,admin,,2020-05-18 00:00:00,True,Gujarat
370c8c03-b55b-463b-ba4a-3c53f28fee4e,531,sumitraben.deshmukh@doordash.com,Sumitraben Deshmukh,admin,,2020-02-17 00:00:00,True,Gujarat
a167320c-91ae-49a6-a353-fde5a305c746,531,rajbhai.sura@doordash.com,Rajbhai Sura,guest,,2020-09-10 00:00:00,True,Gujarat
080c7e08-be1c-4a15-a09a-d7d4ecd6acda,531,kajalben.raval@doordash.com,Kajalben Raval,limited_access,,2020-11-10 00:00:00,True,Gujarat
b358eaf8-44a2-477c-82c8-925ee15dfd8a,531,rameshwar.singhvi@doordash.com,Rameshwar Singhvi,admin,,2020-04-10 00:00:00,True,Gujarat
a05dfefb-ebed-4000-bf22-e624ba2fa4c9,531,rekhabha.naik@doordash.com,Rekhabha Naik,member,,2020-04-26 00:00:00,True,Gujarat
12f5830d-4252-4ea6-8db9-f6f030f037cc,531,pranjalbhai.panwala@doordash.com,Pranjalbhai Panwala,guest,,2020-03-01 00:00:00,True,Gujarat
e148969e-fb8e-43cc-929d-fb2e407869e8,531,tinabhen.bansal@doordash.com,Tinabhen Bansal,member,,2020-08-11 00:00:00,True,Gujarat
29f60953-3b9f-4809-8ec2-d0e7a7ff85cd,531,rishabh.rajbhil@doordash.com,Rishabh Raj Bhil,member,,2020-03-11 00:00:00,True,Gujarat
04cace66-5811-404d-9f1f-cfb66f2ff8f3,531,aishwaryaben.mathur@doordash.com,Aishwaryaben Mathur,guest,,2020-02-10 00:00:00,True,Gujarat
6c030762-f023-403d-8d1e-795956cbe619,531,bhaumikbhai.shukla@doordash.com,Bhaumikbhai Shukla,admin,,2020-10-23 00:00:00,True,Gujarat
8398b171-856c-4ec1-9572-ba44bf5d39ee,531,rupalbhen.mavani@doordash.com,Rupalbhen Mavani,member,,2020-08-06 00:00:00,True,Gujarat
8669320f-9710-48b0-a6d4-6be2351c47be,531,pramod.rathod@doordash.com,Pramod Rathod,guest,,2020-04-08 00:00:00,True,Gujarat
ae8e5faa-9e14-46bc-ae41-f4e70b6cc918,531,sumanben.gokul@doordash.com,Sumanben Gokul,member,,2020-07-18 00:00:00,True,Gujarat
dcc77218-ffb5-41bb-8b6b-2a22ba709257,531,ravindra.singhbhaijasani@doordash.com,Ravindra Singhbhai Jasani,admin,,2020-03-19 00:00:00,True,Gujarat
30e02d93-6871-4a92-acb5-b676813d812a,531,rekhaben.bavishi@doordash.com,Rekhaben Bavishi,guest,,2020-01-28 00:00:00,True,Gujarat
5c269932-1cae-4a95-8435-243e879afc67,531,sarvesh.sivach@doordash.com,Sarvesh Sivach,admin,,2020-05-09 00:00:00,True,Gujarat
e9f2ed77-d21a-497c-84d2-e39b1f652a22,531,gargiben.soni@doordash.com,Gargiben Soni,limited_access,,2020-11-09 00:00:00,True,Gujarat
f9982255-a9d5-4504-bd59-d4bbb8dc179a,531,bhanuprasadbhai.sodhi@doordash.com,Bhanuprasadbhai Sodhi,admin,,2020-12-03 00:00:00,True,Gujarat
5624daa2-eb1f-45ad-9f6d-df5f49bb8179,531,khushboobhen.kailash@doordash.com,Khushboobhen Kailash,limited_access,,2020-07-21 00:00:00,True,Gujarat
c873887b-b230-4488-b7be-cdc6da9e0946,531,chirag.rathi@doordash.com,Chirag Rathi,admin,,2020-07-09 00:00:00,True,Gujarat
b821d4c8-3101-4aa0-99ad-b741edea9bee,531,mansibha.sabar@doordash.com,Mansibha Sabar,guest,,2020-07-14 00:00:00,True,Gujarat
ad8c9e5d-a9a9-42c7-a78e-de9b184bb158,531,balkrishna.kailash@doordash.com,Balkrishna Kailash,guest,,2020-06-11 00:00:00,True,Gujarat
aa15dd27-4853-4d9c-824a-3619f49160d3,531,chitrangadaben.kumar@doordash.com,Chitrangadaben Kumar,admin,,2020-10-12 00:00:00,True,Gujarat
148fb9d2-f738-44c0-9f14-6e2ecb40fdd5,531,harshbhai.gandhi@doordash.com,Harshbhai Gandhi,guest,,2020-06-23 00:00:00,True,Gujarat
1030406b-35c8-442f-ac97-1fe9c941d462,531,kavitabhen.shah@doordash.com,Kavitabhen Shah,limited_access,,2020-05-30 00:00:00,True,Gujarat
58d82eea-4519-4d25-9814-9297ce03e5e9,531,sumit.bhat@doordash.com,Sumit Bhat,admin,,2020-03-05 00:00:00,True,Gujarat
190418ef-8d0c-4c78-a3e6-3386dbf28000,531,khushbubha.bhagat@doordash.com,Khushbubha Bhagat,member,,2020-06-21 00:00:00,True,Gujarat
41fee586-5c43-46b0-90d5-fa2c18f96204,531,nitin.vadera@doordash.com,Nitin Vadera,limited_access,,2020-09-11 00:00:00,True,Gujarat
74b4bd98-9404-4127-93db-6a8d352214c6,531,ritikabha.kothari@doordash.com,Ritikabha Kothari,member,,2020-02-12 00:00:00,True,Gujarat
868cff97-7143-4ea3-9876-d4a2cee3742f,531,vimal.soni@doordash.com,Vimal Soni,member,,2020-07-03 00:00:00,True,Gujarat
97886f02-1929-40c7-8ee7-96d4df428914,531,kavitabhen.bajpai@doordash.com,Kavitabhen Bajpai,admin,,2020-11-09 00:00:00,True,Gujarat
29d11d4d-540a-4782-b05c-49929cfcb397,531,sanjay.khariwala@doordash.com,Sanjay  Khariwala,limited_access,,2020-10-25 00:00:00,True,Gujarat
15a241be-dd2e-437c-9806-21fdf46cd7d5,531,nainaben.kumar@doordash.com,Nainaben Kumar,guest,,2020-09-17 00:00:00,True,Gujarat
8448b242-320e-4e47-a45b-43c0f9c521c8,531,laxman.vasani@doordash.com,Laxman Vasani,limited_access,,2020-03-18 00:00:00,True,Gujarat
decd5069-45f6-40d8-bafd-ab09f9a73fd0,531,nutanben.hirji@doordash.com,Nutanben Hirji,limited_access,,2020-12-13 00:00:00,True,Gujarat
a7403e98-ed17-4028-a3af-a1c02cb2db86,531,mihir.rajput@doordash.com,Mihir Rajput,limited_access,,2020-06-07 00:00:00,True,Gujarat
e259cc70-8afe-4805-a9e7-62af4c5c9be3,531,pranjalibha.sivach@doordash.com,Pranjalibha Sivach,admin,,2020-06-26 00:00:00,True,Gujarat
a9461c08-ab60-473e-8518-9f2d4490c4d5,531,yogeshbhai.jogi@doordash.com,Yogeshbhai Jogi,guest,,2020-09-02 00:00:00,True,Gujarat
4b0a0490-d651-4a62-9190-ec48cf87b4fd,531,vidyabha.patel@doordash.com,Vidyabha Patel,member,,2020-05-21 00:00:00,True,Gujarat
a8c7dc51-809c-4f89-86d3-8d7f87e2706d,531,bharat.vaswani@doordash.com,Bharat Vaswani,admin,,2020-02-14 00:00:00,True,Gujarat
cfd91f0a-30a1-42b5-93e4-52c34fdcf296,531,vandanaben.sura@doordash.com,Vandanaben Sura,limited_access,,2020-11-19 00:00:00,True,Gujarat
d8d61d23-9b15-4200-a39c-6028d91e42b9,531,nawalbhai.bava@doordash.com,Nawalbhai Bava,guest,,2020-11-06 00:00:00,True,Gujarat
0fecde72-1079-4d96-b249-7eeec750df3a,531,rupalben.trivedi@doordash.com,Rupalben Trivedi,admin,,2020-05-30 00:00:00,True,Gujarat
3971746a-0eca-4f40-9e48-6b84bfcca5c9,531,balkrishnabhai.mehta@doordash.com,Balkrishnabhai Mehta,guest,,2020-04-07 00:00:00,True,Gujarat
dc817de3-5ac6-457e-9ede-f0035dd7c13d,531,sunitabhen.prajapati@doordash.com,Sunitabhen Prajapati,admin,,2020-08-12 00:00:00,True,Gujarat
886e598d-bfc3-4473-accc-55f97604ad67,531,manish.mehta@doordash.com,Manish Mehta,member,,2020-11-10 00:00:00,True,Gujarat
e55820af-d747-4dd0-a70e-1574e49d0ce8,531,swatibhen.jindal@doordash.com,Swatibhen Jindal,member,,2020-07-04 00:00:00,True,Gujarat
2b8606d5-b3f2-4206-814d-0f89af4180af,531,laxman.ravani@doordash.com,Laxman Ravani,admin,,2020-06-08 00:00:00,True,Gujarat
45bb3518-3e52-4965-ad65-ec429b8cfc20,531,neetiben.solanki@doordash.com,Neetiben Solanki,member,,2020-11-09 00:00:00,True,Gujarat
23a930c8-9441-4d7c-8ac2-9007d80531c9,531,amitabhbhai.yadav@doordash.com,Amitabhbhai Yadav,limited_access,,2020-01-09 00:00:00,True,Gujarat
208838e3-ba60-401b-9505-100420fb4c07,531,sonaliben.patel@doordash.com,Sonaliben Patel,member,,2020-08-02 00:00:00,True,Gujarat
19d0e372-0f6b-4a8b-b878-23f84eee8d73,531,pravinbhai.modh@doordash.com,Pravinbhai Modh,guest,,2020-06-28 00:00:00,True,Gujarat
8d1134ab-0588-40b6-824c-498bc0b54fc4,531,rinaben.singhvi@doordash.com,Rinaben Singhvi,limited_access,,2020-06-08 00:00:00,True,Gujarat
50f443e7-0ac8-4ef5-b2f3-65432a482adf,531,kalu.vasava@doordash.com,Kalu Vasava,limited_access,,2020-06-15 00:00:00,True,Gujarat
28e3ea6d-8779-4aa1-ab8d-ed95bad6f106,531,gulabben.kundra@doordash.com,Gulabben Kundra,admin,,2020-06-28 00:00:00,True,Gujarat
73e674c2-e983-4916-a1fa-1609b738e51c,531,shubhambhai.thackeray@doordash.com,Shubhambhai Thackeray,limited_access,,2020-03-19 00:00:00,True,Gujarat
f20fe79d-0876-443f-b07c-d73a814982d2,531,gargibhen.kumar@doordash.com,Gargibhen Kumar,admin,,2020-11-29 00:00:00,True,Gujarat
137f7089-4a96-4c4d-a8c3-1be4cabee5d3,531,tarunbhai.agarwal@doordash.com,Tarunbhai Agarwal,member,,2020-05-18 00:00:00,True,Gujarat
ef5957d0-d4b0-4401-a70d-8fe69a59de6a,531,kiranbhen.vasava@doordash.com,Kiranbhen Vasava,guest,,2020-09-12 00:00:00,True,Gujarat
6f3263e0-f126-41c8-ae86-3bd6904b1a95,531,ganesh.patel@doordash.com,Ganesh Patel,limited_access,,2020-08-02 00:00:00,True,Gujarat
8cd76605-bec4-4654-97d7-844a65a63a91,531,truptiben.tewari@doordash.com,Truptiben Tewari,guest,,2020-09-22 00:00:00,True,Gujarat
8e13163e-8098-415a-b9c2-48cc2a3193a4,531,sonubhai.nadkarni@doordash.com,Sonubhai Nadkarni,admin,,2020-02-17 00:00:00,True,Gujarat
3dd44031-2223-4a5c-9938-07dbb5c37492,531,madhavibha.soni@doordash.com,Madhavibha Soni,limited_access,,2020-10-06 00:00:00,True,Gujarat
c158a8c2-70d1-4e63-b0ff-7c04ae5e6713,531,vishal.purohit@doordash.com,Vishal Purohit,guest,,2020-11-13 00:00:00,True,Gujarat
3db2e33c-5281-4fb5-b073-ca843a20cb96,531,ankitabha.pandya@doordash.com,Ankitabha Pandya,member,,2020-10-29 00:00:00,True,Gujarat
84aa7ac3-8662-48e5-9d77-a35174564934,531,rajkumar.gandhi@doordash.com,Rajkumar Gandhi,admin,,2020-01-16 00:00:00,True,Gujarat
1b2d5352-7245-4cdc-874c-ea513e62375c,531,lataben.ambani@doordash.com,Lataben Ambani,guest,,2020-09-24 00:00:00,True,Gujarat
6ce8c372-aae9-443b-999d-d4f4cee771fe,531,pratap.bahadurbavishi@doordash.com,Pratap Bahadur Bavishi,guest,,2020-08-22 00:00:00,True,Gujarat
3347e4f6-3d74-4b5a-aa83-61f5f163b7a6,531,sonaliben.barai@doordash.com,Sonaliben Barai,member,,2020-06-11 00:00:00,True,Gujarat
f5faf3f0-441f-41a3-b467-1c9a24a994c7,531,babulal.vaswani@doordash.com,Babulal Vaswani,guest,,2020-05-04 00:00:00,True,Gujarat
a3d33ffb-4235-4e15-8470-f7e95b2fb689,531,anitabha.jariwala@doordash.com,Anitabha Jariwala,member,,2020-04-30 00:00:00,True,Gujarat
dde5ee58-2fd5-434f-8d68-5ca82a3cd47c,531,dharmendra.dewani@doordash.com,Dharmendra Dewani,guest,,2020-03-12 00:00:00,True,Gujarat
d934ef1d-bbf4-4713-970b-c4e1647565da,531,ankitabha.kale@doordash.com,Ankitabha Kale,guest,,2020-09-01 00:00:00,True,Gujarat
b7b68d1c-0863-4046-93af-bdd4e17b972e,531,vimal.chavda@doordash.com,Vimal Chavda,admin,,2020-12-15 00:00:00,True,Gujarat
38b0643b-22cd-46d2-8ab8-0eacaf5ce22f,531,vidyabha.goyani@doordash.com,Vidyabha Goyani,guest,,2020-08-31 00:00:00,True,Gujarat
fc317612-8758-47f5-ae09-c8e0f132f84d,531,ishwar.rajruparelia@doordash.com,Ishwar Raj Ruparelia,guest,,2020-11-13 00:00:00,True,Gujarat
7d3b6271-02d5-45ce-8093-139b034a0d73,531,seemaben.barai@doordash.com,Seemaben Barai,admin,,2020-06-26 00:00:00,True,Gujarat
eaafb18e-4e3e-46c0-a501-561a017d1b27,531,tejpal.rathod@doordash.com,Tejpal Rathod,guest,,2020-11-08 00:00:00,True,Gujarat
264169c1-d1a2-4e38-a7a2-fb73db0d85e3,531,soniabhen.tiwari@doordash.com,Soniabhen Tiwari,member,,2020-10-19 00:00:00,True,Gujarat
f9e34e31-a25b-439e-b134-3d5ee7add73d,531,vipul.sabar@doordash.com,Vipul Sabar,admin,,2020-05-12 00:00:00,True,Gujarat
44434ddb-a0e1-49e5-9bda-66548133ad4d,531,chandiniben.patil@doordash.com,Chandiniben Patil,admin,,2020-12-17 00:00:00,True,Gujarat
ab38d0ce-bcfd-404a-9ed7-f6b9f694489e,531,arvind.sodha@doordash.com,Arvind Sodha,limited_access,,2020-11-08 00:00:00,True,Gujarat
c74c4576-0ebe-480e-be29-fedbb1610c89,531,ritikabhen.rathod@doordash.com,Ritikabhen Rathod,member,,2020-03-17 00:00:00,True,Gujarat
9fe7ba5f-9bde-4169-af8a-d7e753438e82,531,hari.bansal@doordash.com,Hari Bansal,guest,,2020-04-22 00:00:00,True,Gujarat
f549c352-5c79-4201-ac59-64f7c5f497e6,531,parulbhen.sura@doordash.com,Parulbhen Sura,admin,,2020-09-19 00:00:00,True,Gujarat
9791bb72-19b2-4075-b812-8f54ddbf0df8,531,chandrapal.wagh@doordash.com,Chandrapal Wagh,limited_access,,2020-06-03 00:00:00,True,Gujarat
2f959d15-ff31-4784-b62b-dcf7e9591f9f,531,tinabhen.chandran@doordash.com,Tinabhen Chandran,guest,,2020-04-20 00:00:00,True,Gujarat
3ea708a6-3c8e-45fe-a949-67b47839d299,531,naveen.patel@doordash.com,Naveen Patel,member,,2020-06-16 00:00:00,True,Gujarat
99c6dc94-ef98-41dd-865b-59a7c9b1f206,531,manjubha.gandhi@doordash.com,Manjubha Gandhi,guest,,2020-03-31 00:00:00,True,Gujarat
5f6187ad-e418-4263-b79d-d81b918ab510,531,bhanupratap.jogi@doordash.com,Bhanupratap Jogi,guest,,2020-08-27 00:00:00,True,Gujarat
cb328409-3655-465f-9141-ff9a505e5a75,531,rupalben.thakkar@doordash.com,Rupalben Thakkar,member,,2020-11-20 00:00:00,True,Gujarat
c1c64d70-5359-498a-be16-1079ef24da08,531,ajaybhai.panwala@doordash.com,Ajaybhai Panwala,member,,2020-11-06 00:00:00,True,Gujarat
b8882a43-7494-425e-b5e4-1bfb453b460c,531,shraddhaben.bansal@doordash.com,Shraddhaben Bansal,admin,,2020-04-17 00:00:00,True,Gujarat
b23ed78e-03f9-4e09-bc80-d7c93358c27e,531,yash.modi@doordash.com,Yash Modi,admin,,2020-04-02 00:00:00,True,Gujarat
0d828b59-f79b-4a7f-9f4e-a8a2ec1f877d,531,ritaben.gamit@doordash.com,Ritaben Gamit,member,,2020-03-27 00:00:00,True,Gujarat
28a7d269-da29-4481-8737-24473a6a7781,531,praveen.bachchan@doordash.com,Praveen Bachchan,member,,2020-07-02 00:00:00,True,Gujarat
687cb6a2-cb98-4665-b3e6-fb6e510b33a7,531,neetiben.bavani@doordash.com,Neetiben Bavani,member,,2020-09-10 00:00:00,True,Gujarat
cc8ea78e-b997-4712-be91-99326ca9cc53,531,laxminarayan.mathur@doordash.com,Laxminarayan Mathur,member,,2020-09-05 00:00:00,True,Gujarat
f27b60d8-d8ee-4c3a-91cd-f52e892b831e,531,alkaben.patwari@doordash.com,Alkaben Patwari,limited_access,,2020-11-17 00:00:00,True,Gujarat
93cd201b-c1b6-4d48-813c-9db08c8b74a5,531,raghvendrabhai.warli@doordash.com,Raghvendrabhai Warli,member,,2020-09-19 00:00:00,True,Gujarat
77d2571f-fd91-4d6a-acf8-8cb52b60380e,531,krishnaben.gokul@doordash.com,Krishnaben Gokul,limited_access,,2020-04-05 00:00:00,True,Gujarat
13c96a62-476c-496c-9228-26f59a4e7db1,531,rajaram.raval@doordash.com,Rajaram Raval,member,,2020-11-09 00:00:00,True,Gujarat
31baed02-ab54-4aae-b0e9-0ee325977e9d,531,kajalben.rathod@doordash.com,Kajalben Rathod,admin,,2020-08-07 00:00:00,True,Gujarat
dcebc8fd-22dc-47b2-a21b-3654b5f2e909,531,saurabh.thakur@doordash.com,Saurabh Thakur,guest,,2020-04-14 00:00:00,True,Gujarat
e6832523-2f2f-43b5-a233-498459faa014,531,kajolbha.vaghela@doordash.com,Kajolbha Vaghela,limited_access,,2020-02-18 00:00:00,True,Gujarat
cf84d0c1-50e6-4c04-a9db-5af3552945b5,531,ashok.modi@doordash.com,Ashok Modi,limited_access,,2020-07-03 00:00:00,True,Gujarat
05e587bb-7d6e-4c40-942d-fcb87f940f82,531,radhabhen.rathva@doordash.com,Radhabhen Rathva,member,,2020-03-10 00:00:00,True,Gujarat
61d7aab2-02f5-464f-89b8-6c2851b41068,531,vikrant.kavedia@doordash.com,Vikrant Kavedia,admin,,2020-07-19 00:00:00,True,Gujarat
6c99da43-da3a-4883-91af-be3e2d2072d3,531,rupalbha.tiwari@doordash.com,Rupalbha Tiwari,guest,,2020-06-23 00:00:00,True,Gujarat
b1a8b171-dc8a-4a86-9f12-b76d5b675c49,531,nawal.hirani@doordash.com,Nawal Hirani,limited_access,,2020-06-06 00:00:00,True,Gujarat
d5a0ad97-a9fd-48d5-95ce-a727541cf8ec,531,truptibhen.bajpai@doordash.com,Truptibhen Bajpai,member,,2020-06-30 00:00:00,True,Gujarat
ae59b42c-c0f9-474d-897f-8f85dc3cafdd,531,sahil.gandhi@doordash.com,Sahil Gandhi,guest,,2020-10-13 00:00:00,True,Gujarat
4b10a9a5-38e3-4419-8f33-0f1c054a352d,531,radhikabhen.agarwal@doordash.com,Radhikabhen Agarwal,guest,,2020-07-09 00:00:00,True,Gujarat
2d8b2d77-804c-4156-abf1-8fc222145a56,531,devender.pandey@doordash.com,Devender Pandey,admin,,2020-09-05 00:00:00,True,Gujarat
3172c5a6-7463-42dd-b6ff-17e153cba55a,531,sakshibhen.dixit@doordash.com,Sakshibhen Dixit,member,,2020-08-28 00:00:00,True,Gujarat
849d70b0-43d2-4126-a9b9-eb98c2fb818f,531,nathu.gandhi@doordash.com,Nathu Gandhi,guest,,2020-05-02 00:00:00,True,Gujarat
b74b418b-b6ad-4084-9845-06dd0f0766ce,531,sonalbhen.kambhoj@doordash.com,Sonalbhen Kambhoj,member,,2020-07-01 00:00:00,True,Gujarat
b227f22f-3e00-495b-80b8-eb68485994a3,531,harishchandrabhai.rathod@doordash.com,Harishchandrabhai Rathod,guest,,2020-07-27 00:00:00,True,Gujarat
bbe993d0-f7db-4870-899c-1b189a804054,531,aartibhen.dholakia@doordash.com,Aartibhen Dholakia,admin,,2020-08-30 00:00:00,True,Gujarat
7e5cc692-5474-4139-b4b0-45c47c56567e,531,rajesh.deshmukh@doordash.com,Rajesh Deshmukh,guest,,2020-02-18 00:00:00,True,Gujarat
de915256-d104-4a8e-ad55-369856a4ea05,531,hemabha.vankar@doordash.com,Hemabha Vankar,guest,,2020-11-23 00:00:00,True,Gujarat
03d53f1a-ef86-45dc-8ead-8c1790a680ba,531,vimal.sarma@doordash.com,Vimal Sarma,guest,,2020-12-17 00:00:00,True,Gujarat
46289673-2bdd-4cbe-b4cc-40368701df31,531,sakshiben.vaghela@doordash.com,Sakshiben Vaghela,member,,2020-08-12 00:00:00,True,Gujarat
9e42c3f4-264f-47a8-85a5-059fbfc6f68e,531,sanjay.soni@doordash.com,Sanjay Soni,member,,2020-03-05 00:00:00,True,Gujarat
e45f83e1-292f-40e1-bbc9-cae1b5727dd0,531,aishwaryabha.vora@doordash.com,Aishwaryabha Vora,limited_access,,2020-11-10 00:00:00,True,Gujarat
866dd377-bdb9-4ed6-b952-c2d99f6059da,531,lakshman.vasani@doordash.com,Lakshman Vasani,guest,,2020-07-26 00:00:00,True,Gujarat
7e2c21a8-63f5-4853-a4f0-532c078acf2d,531,sarikaben.patil@doordash.com,Sarikaben Patil,member,,2020-07-31 00:00:00,True,Gujarat
f2b589c5-e20b-4695-bb4f-1547e5ab1977,531,jodhbhai.dhar@doordash.com,Jodhbhai Dhar,guest,,2020-05-18 00:00:00,True,Gujarat
c5d10bcf-b367-4f8d-a339-89b92a54a65c,531,nitabha.upadhyay@doordash.com,Nitabha Upadhyay,admin,,2020-10-17 00:00:00,True,Gujarat
a301ca61-c66b-48cc-8c69-f7294e12c731,531,manmohan.desai@doordash.com,Manmohan Desai,limited_access,,2020-05-21 00:00:00,True,Gujarat
efe7f290-061f-46ad-819f-b93b4139599e,531,leelabha.mathur@doordash.com,Leelabha Mathur,member,,2020-02-29 00:00:00,True,Gujarat
9ef6ed0a-0ee9-451e-896c-9151c5de716b,531,bhupender.sheth@doordash.com,Bhupender Sheth,guest,,2020-03-29 00:00:00,True,Gujarat
1903fbd9-a5a4-4b71-92e9-2142bad7b3eb,531,madhuribhen.vishwakarma@doordash.com,Madhuribhen Vishwakarma,member,,2020-01-06 00:00:00,True,Gujarat
ccb905bc-d679-4e07-9d3f-1f92cd3c6ae1,531,sumit.jasani@doordash.com,Sumit Jasani,limited_access,,2020-07-21 00:00:00,True,Gujarat
aae0e8f2-e14a-4c53-a3e1-6436d693eb05,531,alkabhen.verma@doordash.com,Alkabhen Verma,limited_access,,2020-10-01 00:00:00,True,Gujarat
986fd125-8b65-401e-95fe-4635fdcd6382,531,ravindrabhai.vekariya@doordash.com,Ravindrabhai Vekariya,member,,2020-04-14 00:00:00,True,Gujarat
fdb3c63e-81c0-4240-8b7b-84f5dec7d917,531,sonalbhen.kale@doordash.com,Sonalbhen Kale,admin,,2020-03-22 00:00:00,True,Gujarat
3898ac2d-7822-4a2e-b543-d46f0faef523,531,shivaji.tiwari@doordash.com,Shivaji Tiwari,member,,2020-05-20 00:00:00,True,Gujarat
f732f7ca-f633-4336-8bcc-0df3928b40c4,531,parulbha.siddiqui@doordash.com,Parulbha Siddiqui,admin,,2020-07-17 00:00:00,True,Gujarat
951877bb-e90e-4da5-aa15-971037d54142,531,raj.rathwa@doordash.com,Raj Rathwa,member,,2020-05-30 00:00:00,True,Gujarat
e9dc515c-620b-40e5-a840-7f24853d1279,531,aartiben.jani@doordash.com,Aartiben Jani,guest,,2020-11-19 00:00:00,True,Gujarat
121fb002-0613-426b-90f7-95a598654c55,531,rana.soni@doordash.com,Rana Soni,admin,,2020-03-18 00:00:00,True,Gujarat
2f76f3e7-1b08-4285-b446-0997bb327edc,531,sonaliben.sheth@doordash.com,Sonaliben Sheth,member,,2020-07-18 00:00:00,True,Gujarat
4044ddb1-e10f-4806-8a39-dde905be4d25,531,gaganbhai.nair@doordash.com,Gaganbhai Nair,member,,2020-04-24 00:00:00,True,Gujarat
798e85ad-cf2d-49c3-a94f-65857b2b019b,531,jasminebhen.sodha@doordash.com,Jasminebhen Sodha,guest,,2020-05-23 00:00:00,True,Gujarat
20aacf63-3ff5-465c-b2f4-785f4d01b9a2,531,vijay.rathod@doordash.com,Vijay Rathod,member,,2020-03-07 00:00:00,True,Gujarat
562a259c-d897-4344-8779-a6ade5bdcc63,531,tanviben.mathur@doordash.com,Tanviben Mathur,limited_access,,2020-08-18 00:00:00,True,Gujarat
137aca05-4a4c-491b-bb5d-a1cef7c58482,531,ishwar.barai@doordash.com,Ishwar Barai,guest,,2020-06-11 00:00:00,True,Gujarat
4420774d-dfd8-48f0-be4c-4b8706e2e9a5,531,jayaben.deshmukh@doordash.com,Jayaben Deshmukh,admin,,2020-03-25 00:00:00,True,Gujarat
33a4ad72-c2fe-4f61-aca1-55691df80156,531,parth.dixit@doordash.com,Parth Dixit,member,,2020-09-22 00:00:00,True,Gujarat
a0ba8e48-84d5-43df-a4f8-b4b2e0fb9440,531,ritabha.dixit@doordash.com,Ritabha Dixit,guest,,2020-08-23 00:00:00,True,Gujarat
382796c1-3d9a-47ff-b6da-f497c9b202fa,531,ramesh.sharma@doordash.com,Ramesh Sharma,member,,2020-01-18 00:00:00,True,Gujarat
1652862d-ee88-4385-80de-6b6c0b53e981,531,kiranbha.gokhani@doordash.com,Kiranbha Gokhani,guest,,2020-12-09 00:00:00,True,Gujarat
40cf214f-bc35-4623-a6c6-5486e7687064,531,raghavendra.gokul@doordash.com,Raghavendra Gokul,member,,2020-05-29 00:00:00,True,Gujarat
60506645-3762-47a9-85b7-e77382e621ee,531,poonambha.zaveri@doordash.com,Poonambha Zaveri,limited_access,,2020-10-25 00:00:00,True,Gujarat
bfa53683-8dfc-42e6-9428-d223c725a4e2,531,ambarish.bhagat@doordash.com,Ambarish Bhagat,limited_access,,2020-01-29 00:00:00,True,Gujarat
24e53d60-374c-4724-b869-9307dfab6ec0,531,bhoomibhen.kumar@doordash.com,Bhoomibhen Kumar,guest,,2020-11-15 00:00:00,True,Gujarat
7770112f-0858-42e8-b14b-fb487a2fb495,531,hitesh.tiwari@doordash.com,Hitesh Tiwari,limited_access,,2020-07-15 00:00:00,True,Gujarat
5b7c7cb2-8de8-4145-9730-f04a9dacf9d5,531,ranjanaben.vanka@doordash.com,Ranjanaben Vanka,limited_access,,2020-05-04 00:00:00,True,Gujarat
a2d68c65-9508-4674-b02e-f4446110c7e6,531,vallabh.sivach@doordash.com,Vallabh Sivach,guest,,2020-03-29 00:00:00,True,Gujarat
8579396a-9725-44e1-9cdc-4e2e9567cf23,531,vandanabha.chauhan@doordash.com,Vandanabha Chauhan,admin,,2020-12-02 00:00:00,True,Gujarat
d33334f5-ccde-485f-9082-4da5b43a2e80,531,satyendra.singh@doordash.com,Satyendra Singh,limited_access,,2020-01-09 00:00:00,True,Gujarat
b82b066d-d386-48a7-83e5-1286cdf6f47c,531,bhavinibha.bavani@doordash.com,Bhavinibha Bavani,limited_access,,2020-10-12 00:00:00,True,Gujarat
7b4e14b7-c6cc-4127-96f7-125aa382e9d1,531,vishnu.trivedi@doordash.com,Vishnu Trivedi,admin,,2020-05-30 00:00:00,True,Gujarat
95a2f833-7f57-4212-867b-907d0932cba3,531,madhviben.sodha@doordash.com,Madhviben Sodha,member,,2020-12-13 00:00:00,True,Gujarat
bef41f6d-1662-4793-9917-1dad2d94970b,531,suraj.vaghela@doordash.com,Suraj Vaghela,guest,,2020-06-01 00:00:00,True,Gujarat
2fad7940-2bfb-490b-88df-c0fcbe7b78ef,531,rupalbha.jariwala@doordash.com,Rupalbha Jariwala,guest,,2020-09-27 00:00:00,True,Gujarat
7606c9ad-2bb3-492c-8a46-3e4e77a3fcb2,531,vipul.shah@doordash.com,Vipul Shah,guest,,2020-05-23 00:00:00,True,Gujarat
7402570b-3ecc-4766-adcd-bcd7276894e9,531,hemaben.purohit@doordash.com,Hemaben Purohit,guest,,2020-11-14 00:00:00,True,Gujarat
43371181-d97e-40b0-8932-5e62d6ee497a,531,alok.bavishi@doordash.com,Alok Bavishi,admin,,2020-08-06 00:00:00,True,Gujarat
e2415194-7a1f-4bcf-9864-4efad5a4b12d,531,kajalbhen.nayak@doordash.com,Kajalbhen Nayak,member,,2020-01-24 00:00:00,True,Gujarat
d334b68b-fb6a-45e1-b5e0-c88fff817f79,531,manvendra.solanki@doordash.com,Manvendra Solanki,limited_access,,2020-10-07 00:00:00,True,Gujarat
3a04a50d-64e5-4d3f-9db7-a346101d2553,531,raniben.rathwa@doordash.com,Raniben Rathwa,limited_access,,2020-08-25 00:00:00,True,Gujarat
21fa2a91-38bc-4d10-a16c-7b64a2dda198,531,kamal.bachchani@doordash.com,Kamal Bachchani,admin,,2020-12-05 00:00:00,True,Gujarat
98316c4a-93b9-4d83-aca4-fba28cdf65c3,531,ashwinibha.singhvi@doordash.com,Ashwinibha Singhvi,member,,2020-03-26 00:00:00,True,Gujarat
a14e59e7-0dea-4c9b-8053-96cc346b43a0,531,kushal.makwana@doordash.com,Kushal Makwana,limited_access,,2020-01-03 00:00:00,True,Gujarat
c690ae9f-dab2-405e-825e-e8f10c194afa,531,shilpaben.naik@doordash.com,Shilpaben Naik,limited_access,,2020-03-20 00:00:00,True,Gujarat
35f08d24-e579-4d5f-8a99-c38a48d0ac26,531,vishal.mistry@doordash.com,Vishal Mistry,guest,,2020-11-01 00:00:00,True,Gujarat
d3fb1971-fb01-4cb9-897e-fdbbbbcd1a9a,531,tejalbha.chawla@doordash.com,Tejalbha Chawla,guest,,2020-10-31 00:00:00,True,Gujarat
5b68b72b-c6ba-48c8-bec0-8b8bbd3a2543,531,bhanu.verma@doordash.com,Bhanu Verma,guest,,2020-01-03 00:00:00,True,Gujarat
2a3bc79a-a14e-4a6d-9993-fb4a3556813f,531,seemaben.shah@doordash.com,Seemaben Shah,limited_access,,2020-02-28 00:00:00,True,Gujarat
006615fc-ce3a-457f-87df-02ba61b50706,531,rajesh.raval@doordash.com,Rajesh Raval,admin,,2020-01-18 00:00:00,True,Gujarat
29bc8cf9-7cf2-4ec7-91cd-bac3e085e7d5,531,pranjaliben.jogi@doordash.com,Pranjaliben Jogi,guest,,2020-04-27 00:00:00,True,Gujarat
9f6393a8-6b1d-4978-bbb6-798f36fe6dd1,531,yashbhai.rathwa@doordash.com,Yashbhai Rathwa,guest,,2020-07-03 00:00:00,True,Gujarat
2ca7f8ce-eec0-4277-8e9d-8e36996dbace,531,kanchanbha.chaudhary@doordash.com,Kanchanbha Chaudhary,admin,,2020-01-29 00:00:00,True,Gujarat
e54610cc-e61f-445e-b35e-9d327c1fe354,531,amitesh.bavishi@doordash.com,Amitesh Bavishi,admin,,2020-07-25 00:00:00,True,Gujarat
341769d1-1d3a-4ff9-8ce8-8c1eef1fe0dc,531,kiranbhen.khushwaha@doordash.com,Kiranbhen Khushwaha,member,,2020-08-10 00:00:00,True,Gujarat
69b59be4-8f25-43a3-b281-e928836f9ac2,531,deependra.khariwala@doordash.com,Deependra Khariwala,admin,,2020-03-22 00:00:00,True,Gujarat
3c253e3d-4b3b-45b8-9be1-e2de459058ed,531,ritikaben.raj@doordash.com,Ritikaben Raj,admin,,2020-05-13 00:00:00,True,Gujarat
6e1a900a-0038-4b8f-b562-ddec2173de41,531,yogendra.sabar@doordash.com,Yogendra Sabar,guest,,2020-12-23 00:00:00,True,Gujarat
0940a1db-8c2e-4ae7-9a13-1123749dd628,531,kanganaben.jeevraj@doordash.com,Kanganaben Jeevraj,admin,,2020-10-15 00:00:00,True,Gujarat
c83edadb-135c-4739-acf0-14add65640e6,531,rajvendra.patel@doordash.com,Rajvendra Patel,limited_access,,2020-06-04 00:00:00,True,Gujarat
7e1d7965-9556-44f4-be4c-f4fdc2b2590c,531,kanganabhen.sabar@doordash.com,Kanganabhen Sabar,limited_access,,2020-06-02 00:00:00,True,Gujarat
b20e47bc-4af7-4c9a-9d1d-6591cdc144fb,531,shatrughan.parikh@doordash.com,Shatrughan Parikh,admin,,2020-03-02 00:00:00,True,Gujarat
1bf05622-4364-453a-8abd-ee05c8882c4a,531,chitrangadabha.dixit@doordash.com,Chitrangadabha Dixit,guest,,2020-07-01 00:00:00,True,Gujarat
1cdd3232-bc0a-4246-884b-a669ba7c16f5,531,bhimbhai.rathi@doordash.com,Bhimbhai Rathi,guest,,2020-01-31 00:00:00,True,Gujarat
b15bef79-2da0-4aa8-914b-a20c375c0b70,531,yashodaben.patil@doordash.com,Yashodaben Patil,guest,,2020-03-31 00:00:00,True,Gujarat
0efc67ff-3d18-449c-95a1-26b09b085806,531,babulal.mistry@doordash.com,Babulal Mistry,admin,,2020-11-21 00:00:00,True,Gujarat
38f24bfc-ad11-4e12-a45e-925ba01242f9,531,manjulaben.bhagat@doordash.com,Manjulaben Bhagat,admin,,2020-08-03 00:00:00,True,Gujarat
77206701-f930-4cb5-8eac-54a12fbca595,531,prathmesh.gupta@doordash.com,Prathmesh Gupta,admin,,2020-02-15 00:00:00,True,Gujarat
dd7f42c7-ff9d-4844-a209-7cea9532304d,531,poonambha.lad@doordash.com,Poonambha Lad,limited_access,,2020-05-17 00:00:00,True,Gujarat
ce17c5e6-2e30-4578-841a-a38344b73e92,531,jodhbhai.pandya@doordash.com,Jodhbhai Pandya,admin,,2020-02-06 00:00:00,True,Gujarat
89dd8c1f-5c8f-425b-9d1d-4c4bd1c5c21e,531,kiranben.patwari@doordash.com,Kiranben Patwari,guest,,2020-05-29 00:00:00,True,Gujarat
7711fbce-c096-4b0c-90c7-39e85789a8d4,531,shatrunjaybhai.patil@doordash.com,Shatrunjaybhai Patil,member,,2020-11-18 00:00:00,True,Gujarat
f4411507-ec32-4a5f-860f-a33104930bc4,531,shubhiben.ravani@doordash.com,Shubhiben Ravani,guest,,2020-06-19 00:00:00,True,Gujarat
65557117-89a0-44c7-bede-44f56b6e8365,531,devendra.sarma@doordash.com,Devendra Sarma,member,,2020-11-23 00:00:00,True,Gujarat
75d49735-26a1-49a4-b857-4afadd38289c,531,manjubha.khunt@doordash.com,Manjubha Khunt,limited_access,,2020-10-26 00:00:00,True,Gujarat
7e2a172b-4688-4625-a871-fe61c0b36eac,531,harsh.zaveri@doordash.com,Harsh Zaveri,admin,,2020-03-08 00:00:00,True,Gujarat
777f4d90-5c49-4b61-a99b-4276e85cc3a5,531,anjalibhen.sanghvi@doordash.com,Anjalibhen Sanghvi,admin,,2020-01-19 00:00:00,True,Gujarat
d9727148-e529-4f57-9f35-7c07ee81d53b,531,jasvinder.sarvaiya@doordash.com,Jasvinder Sarvaiya,limited_access,,2020-03-23 00:00:00,True,Gujarat
d3be2f8d-a4e7-4950-8982-db391dad7ad7,531,tinaben.patil@doordash.com,Tinaben Patil,limited_access,,2020-04-01 00:00:00,True,Gujarat
9ef894fb-7931-4bd8-b030-69dde04c4abb,531,pradeep.vaghela@doordash.com,Pradeep Vaghela,member,,2020-10-22 00:00:00,True,Gujarat
3070b85a-369e-492b-adb1-d0e473fcd9c4,531,rupalbha.suthar@doordash.com,Rupalbha Suthar,member,,2020-08-11 00:00:00,True,Gujarat
453c52b5-cc94-4ce9-89fe-8a55362c713e,531,sumit.jogi@doordash.com,Sumit Jogi,guest,,2020-07-04 00:00:00,True,Gujarat
863c4828-b83a-4976-925b-364687d24888,531,jayabhen.yadav@doordash.com,Jayabhen Yadav,limited_access,,2020-01-23 00:00:00,True,Gujarat
2769ff7b-a9e3-4eaf-bd4d-576affa1938a,531,kirit.chandran@doordash.com,Kirit Chandran,guest,,2020-03-26 00:00:00,True,Gujarat
7bad87f8-56c7-4d2a-93fe-a4bbb6be99a3,531,ankitabha.nanda@doordash.com,Ankitabha Nanda,limited_access,,2020-07-21 00:00:00,True,Gujarat
a6207e7f-6120-481d-b5b1-09c547991330,531,rohitbhai.vaniya@doordash.com,Rohitbhai Vaniya,guest,,2020-01-06 00:00:00,True,Gujarat
acd18ebe-89c2-4923-9eff-03e9ddd65187,531,rupalbhen.lohana@doordash.com,Rupalbhen Lohana,admin,,2020-12-09 00:00:00,True,Gujarat
ff73c122-7e30-4542-89ad-1070d121acba,531,chandra.patel@doordash.com,Chandra Patel,member,,2020-07-27 00:00:00,True,Gujarat
ad9d0174-1a9a-431f-b984-898768fcea65,531,karishmabhen.dhar@doordash.com,Karishmabhen Dhar,member,,2020-06-02 00:00:00,True,Gujarat
d9f647f2-9257-412d-ac35-151441f51268,531,ranjit.mehta@doordash.com,Ranjit Mehta,admin,,2020-01-26 00:00:00,True,Gujarat
96eb33ca-ccc7-41fb-90e8-d53e6854e2a5,531,reenabhen.kapadia@doordash.com,Reenabhen Kapadia,member,,2020-05-06 00:00:00,True,Gujarat
9aad41c5-f188-4ac0-a879-3c5b89680cf4,531,praveenbhai.raval@doordash.com,Praveenbhai Raval,member,,2020-02-22 00:00:00,True,Gujarat
99f64b51-9521-43c5-8f5f-5923ddae00b9,531,swatibha.bhagat@doordash.com,Swatibha Bhagat,limited_access,,2020-11-12 00:00:00,True,Gujarat
57343e4e-d927-46a5-9f3c-2500c131ceb2,531,vivek.patel@doordash.com,Vivek Patel,limited_access,,2020-08-14 00:00:00,True,Gujarat
9b5ceeea-61d5-44e3-beed-4a10186f73a6,531,ravibha.singh@doordash.com,Ravibha Singh,limited_access,,2020-12-08 00:00:00,True,Gujarat
971c6a4c-69d8-404b-8f7b-00943e0ac7d6,531,surender.raval@doordash.com,Surender Raval,limited_access,,2020-10-18 00:00:00,True,Gujarat
b60f1d27-fd31-4515-a366-fe6b441fd5c8,531,rupalben.upadhyay@doordash.com,Rupalben Upadhyay,member,,2020-09-07 00:00:00,True,Gujarat
9a14f9fa-3867-4ad3-bea8-57cd64c53586,531,rajnish.pandya@doordash.com,Rajnish Pandya,limited_access,,2020-06-01 00:00:00,True,Gujarat
fa2ca278-dab0-45e5-89c0-5a13dee814a9,531,shubhibhen.sanghvi@doordash.com,Shubhibhen Sanghvi,limited_access,,2020-09-28 00:00:00,True,Gujarat
0f69ccdd-0bd6-429a-a733-8d52205d4c7c,531,suresh.vanka@doordash.com,Suresh Vanka,admin,,2020-02-15 00:00:00,True,Gujarat
6271e1cb-99c6-487b-a3ed-be4bcaae742e,531,nishabha.sanghvi@doordash.com,Nishabha Sanghvi,admin,,2020-10-14 00:00:00,True,Gujarat
07f48e29-bb9b-4083-8132-1253698532f8,531,pankaj.barai@doordash.com,Pankaj Barai,limited_access,,2020-02-20 00:00:00,True,Gujarat
3de5a275-8b11-4651-9e01-7f3dfc67f923,531,swatiben.vora@doordash.com,Swatiben Vora,guest,,2020-11-14 00:00:00,True,Gujarat
fa1e8556-035a-43ef-bd9c-9e8c14ac9f15,531,mahipal.soni@doordash.com,Mahipal Soni,limited_access,,2020-02-08 00:00:00,True,Gujarat
2eb7d35f-4a9b-458f-9c10-98655071d741,531,gulabbha.vaghela@doordash.com,Gulabbha Vaghela,member,,2020-12-06 00:00:00,True,Gujarat
79e51db6-2de1-4fa5-9533-4ccea97d86bf,531,ajaybhai.soni@doordash.com,Ajaybhai Soni,limited_access,,2020-11-24 00:00:00,True,Gujarat
b9409caf-ac3b-42b9-b635-4b9ffcb2479c,531,manjulaben.solanki@doordash.com,Manjulaben Solanki,guest,,2020-01-04 00:00:00,True,Gujarat
bb7d481d-69d4-4cdc-934b-80ac71d4cd1b,531,nitin.soni@doordash.com,Nitin Soni,member,,2020-10-23 00:00:00,True,Gujarat
3547431a-9eb2-4211-9330-3fdfcb360759,531,soniyabhen.patel@doordash.com,Soniyabhen Patel,limited_access,,2020-02-28 00:00:00,True,Gujarat
a12c835a-f421-43c6-bdd4-2e5a3b211514,531,siddharth.raval@doordash.com,Siddharth Raval,limited_access,,2020-03-06 00:00:00,True,Gujarat
6c2bb475-77cb-47bb-9e3f-6ac8573321a6,531,harinibhen.thakor@doordash.com,Harinibhen Thakor,admin,,2020-08-25 00:00:00,True,Gujarat
ce352d6d-d9aa-400c-9e7a-4329aeb8c6b4,531,dhanrajbhai.suthar@doordash.com,Dhanrajbhai Suthar,limited_access,,2020-06-19 00:00:00,True,Gujarat
a94404fe-d42b-4749-a8a3-a4dd0239c6a6,531,poonambha.modi@doordash.com,Poonambha Modi,limited_access,,2020-09-04 00:00:00,True,Gujarat
6bd58aa8-e910-4870-9554-c4e833cb729e,531,pranjal.ambani@doordash.com,Pranjal Ambani,guest,,2020-08-01 00:00:00,True,Gujarat
18e83dfe-c0d7-43fd-bacc-f8325118306d,531,chandrikabha.sarvani@doordash.com,Chandrikabha Sarvani,limited_access,,2020-10-19 00:00:00,True,Gujarat
bc1e7388-6fe4-476f-ae58-128a290d2ccb,531,saurabh.prajapati@doordash.com,Saurabh Prajapati,limited_access,,2020-04-29 00:00:00,True,Gujarat
1333a54b-97f7-4ec4-b877-9f0b71df79de,531,neetibhen.wagh@doordash.com,Neetibhen Wagh,admin,,2020-09-07 00:00:00,True,Gujarat
49a3d9ba-5b57-4c43-bf0f-91863cd57cec,531,rishabh.kale@doordash.com,Rishabh Kale,member,,2020-10-16 00:00:00,True,Gujarat
eb64d653-0852-48f5-83e1-db909d3a2319,531,shaliniben.trivedi@doordash.com,Shaliniben Trivedi,guest,,2020-12-09 00:00:00,True,Gujarat
21ade22d-3047-4d75-b6f8-ed0641d38a12,531,vikram.rathi@doordash.com,Vikram Rathi,admin,,2020-04-07 00:00:00,True,Gujarat
0ba4b2fc-4f03-47af-9f90-eb02e17c812a,531,manjuben.bhil@doordash.com,Manjuben Bhil,member,,2020-08-24 00:00:00,True,Gujarat
6920d7dd-26d6-442f-bf2e-d9d161e9be6f,531,vir.dixit@doordash.com,Vir Dixit,admin,,2020-08-19 00:00:00,True,Gujarat
9fd4a264-c9fb-43ff-979d-50321f0148d1,531,reenabhen.sarabhai@doordash.com,Reenabhen Sarabhai,guest,,2020-01-12 00:00:00,True,Gujarat
f3e97293-82a2-4a7c-aedc-5d0e7471ea05,531,kishan.singhsolanki@doordash.com,Kishan Singh Solanki,admin,,2020-12-30 00:00:00,True,Gujarat
aada151a-9fd5-405b-8097-d1161079f840,531,dipikabha.shah@doordash.com,Dipikabha Shah,guest,,2020-12-26 00:00:00,True,Gujarat
083a27e0-464a-418b-9223-f42756efb570,531,bhanupratapbhai.purohit@doordash.com,Bhanupratapbhai Purohit,admin,,2020-12-24 00:00:00,True,Gujarat
4f370ce4-2679-4ba0-9637-44d34160251f,531,anjaliben.hirani@doordash.com,Anjaliben Hirani,limited_access,,2020-05-09 00:00:00,True,Gujarat
79733a3c-9d12-45d8-9bea-3e5c71f8b71a,531,dhanraj.hirji@doordash.com,Dhanraj Hirji,member,,2020-10-13 00:00:00,True,Gujarat
06a8eecd-bdc5-43cc-a5a1-63b894050fb6,531,radhabha.singhvi@doordash.com,Radhabha Singhvi,admin,,2020-02-06 00:00:00,True,Gujarat
8eb77320-ecf3-46c3-8c5c-9fd8815f282c,531,aman.wala@doordash.com,Aman Wala,member,,2020-09-22 00:00:00,True,Gujarat
777c553b-2733-4590-9e0a-4f4c6cc2fc3d,531,sangeetabhen.sheth@doordash.com,Sangeetabhen Sheth,admin,,2020-09-14 00:00:00,True,Gujarat
aefa66f1-9245-4647-9a83-8ff5be373505,531,amarbhai.thakkar@doordash.com,Amarbhai Thakkar,member,,2020-08-22 00:00:00,True,Gujarat
1b35815a-dc96-470c-889a-57bfbb82acda,531,shaliniben.sivach@doordash.com,Shaliniben Sivach,member,,2020-11-11 00:00:00,True,Gujarat
3380c949-e2cd-4bb3-9173-4468305c7b4b,531,girish.sarvani@doordash.com,Girish Sarvani,limited_access,,2020-06-15 00:00:00,True,Gujarat
fb3a0580-b079-47fd-af17-a109a908eb47,531,vidyaben.rathwa@doordash.com,Vidyaben Rathwa,member,,2020-03-05 00:00:00,True,Gujarat
ad5199ac-ee37-4ee2-8fb0-05bfe91fcd86,531,tejas.saraswat@doordash.com,Tejas Saraswat,guest,,2020-03-04 00:00:00,True,Gujarat
2ceeeeb8-c17a-4593-8dd1-e7dcae8885e6,531,kumudbhen.lohar@doordash.com,Kumudbhen Lohar,limited_access,,2020-12-31 00:00:00,True,Gujarat
6b640b32-289c-456d-b30a-f6bcdd4aee9a,531,kanakbhai.rajput@doordash.com,Kanakbhai Rajput,guest,,2020-05-15 00:00:00,True,Gujarat
0685adfe-df72-4d4b-b413-8e8d7943f9cf,531,truptibhen.prabhu@doordash.com,Truptibhen Prabhu,member,,2020-03-16 00:00:00,True,Gujarat
36356bc5-7e29-4524-a09b-1bc2a4ac3771,531,jigneshbhai.tewari@doordash.com,Jigneshbhai Tewari,member,,2020-07-06 00:00:00,True,Gujarat
1a85da05-bbd4-4243-b089-cad80931de7c,531,sangeetaben.thaker@doordash.com,Sangeetaben Thaker,member,,2020-07-03 00:00:00,True,Gujarat
ae5016c4-492e-4173-a930-f850068b6c73,531,bakulbhai.bhagat@doordash.com,Bakulbhai Bhagat,limited_access,,2020-01-07 00:00:00,True,Gujarat
b3b62ba7-4677-4f34-af1f-2aaa3e5f1e58,531,laxmibha.varma@doordash.com,Laxmibha Varma,limited_access,,2020-04-10 00:00:00,True,Gujarat
55b6d0aa-b4cd-4959-85bf-086525543127,531,nitin.rajput@doordash.com,Nitin Rajput,limited_access,,2020-11-22 00:00:00,True,Gujarat
a2ec7ede-975d-4ea3-a72b-eb09dea0f753,531,sumanbhen.panjwani@doordash.com,Sumanbhen Panjwani,member,,2020-06-10 00:00:00,True,Gujarat
7e3f469e-3238-43de-832a-c6ec6d5115bf,531,chandresh.gokul@doordash.com,Chandresh Gokul,limited_access,,2020-03-29 00:00:00,True,Gujarat
3e523a44-9aca-4f15-abb5-4f4d866f7480,531,poojabhen.chauhan@doordash.com,Poojabhen Chauhan,admin,,2020-05-20 00:00:00,True,Gujarat
65129ef9-8483-4218-a765-2dd8e0b108c5,531,rajbhai.rathod@doordash.com,Rajbhai Rathod,guest,,2020-06-14 00:00:00,True,Gujarat
f1723c2a-495b-4c95-9afc-33f63fe3203a,531,bhoomibhen.shah@doordash.com,Bhoomibhen Shah,guest,,2020-03-10 00:00:00,True,Gujarat
0f4df925-33a0-41c6-b028-f4045c2223b0,531,vishal.deshmukh@doordash.com,Vishal Deshmukh,admin,,2020-05-19 00:00:00,True,Gujarat
3c9145ff-a50c-40fc-8d31-fd4d73b5b0dc,531,radhikaben.mevani@doordash.com,Radhikaben Mevani,member,,2020-12-16 00:00:00,True,Gujarat
acc84404-83a2-4e0c-b8b1-566b54947067,531,shravan.rajput@doordash.com,Shravan Rajput,member,,2020-10-19 00:00:00,True,Gujarat
7ad00797-cfea-45b7-ac7e-88eddd94bc97,531,ravibhen.mehta@doordash.com,Ravibhen Mehta,guest,,2020-06-13 00:00:00,True,Gujarat
220cff15-153b-421f-9bcb-d4f33de9dae0,531,raghunandan.vanka@doordash.com,Raghunandan Vanka,guest,,2020-02-20 00:00:00,True,Gujarat
06512136-92c7-4e61-ae2e-f9354ef3c154,531,poonambhen.mistry@doordash.com,Poonambhen Mistry,guest,,2020-01-12 00:00:00,True,Gujarat
4d5064be-e9b9-4bad-8991-397e1907538f,531,akshay.bajpai@doordash.com,Akshay Bajpai,guest,,2020-12-11 00:00:00,True,Gujarat
93e90ab0-5d36-4f14-8525-ec8ec637a975,531,ruchibha.zaveri@doordash.com,Ruchibha Zaveri,member,,2020-02-13 00:00:00,True,Gujarat
e8f94c39-ff13-4c3e-8148-60d68363ae90,531,sumit.ruparelia@doordash.com,Sumit Ruparelia,admin,,2020-07-02 00:00:00,True,Gujarat
d32a2c42-fbdf-4be9-be03-4abadc65c3e5,531,parulben.sodhi@doordash.com,Parulben Sodhi,limited_access,,2020-01-16 00:00:00,True,Gujarat
7dcff741-ec04-43ad-94cc-b95fab1b03b9,531,nihalbhai.patil@doordash.com,Nihalbhai Patil,guest,,2020-05-29 00:00:00,True,Gujarat
c24ed981-c71d-4c50-9a37-7c2640f709b7,531,krishnaben.kothari@doordash.com,Krishnaben Kothari,admin,,2020-06-26 00:00:00,True,Gujarat
28c00453-81e0-403b-9c47-a5f8c1031b11,531,harish.verma@doordash.com,Harish Verma,guest,,2020-10-13 00:00:00,True,Gujarat
6bb50b62-8519-4ed7-82ca-e0b5cb51957a,531,sakshiben.gandhi@doordash.com,Sakshiben Gandhi,member,,2020-08-28 00:00:00,True,Gujarat
967f0f36-fc0f-4aff-8b57-205567db333f,531,kunal.gupta@doordash.com,Kunal Gupta,limited_access,,2020-10-13 00:00:00,True,Gujarat
b434b493-2433-4649-8e0b-81b5a3cccd1f,531,bharatiben.soni@doordash.com,Bharatiben Soni,limited_access,,2020-07-18 00:00:00,True,Gujarat
36cabf16-f8ed-41e1-be66-13e1baaea00f,531,manvendrabhai.shah@doordash.com,Manvendrabhai Shah,member,,2020-09-16 00:00:00,True,Gujarat
87d320d1-45be-4a4e-935c-19641afc7fb3,531,kiranbha.bhagat@doordash.com,Kiranbha Bhagat,guest,,2020-07-06 00:00:00,True,Gujarat
a45b6819-edab-4059-81d4-5b8e1c390934,531,ashish.soni@doordash.com,Ashish Soni,guest,,2020-10-16 00:00:00,True,Gujarat
c4e0eecd-3cf9-438b-a3a5-4d76a98a7f86,531,anjalibha.bhil@doordash.com,Anjalibha Bhil,admin,,2020-03-13 00:00:00,True,Gujarat
b29327d2-77c8-43ea-9d8a-5fa9ea1d971d,531,harbhajan.thakkar@doordash.com,Harbhajan Thakkar,admin,,2020-10-13 00:00:00,True,Gujarat
068d628d-7ee9-4c35-9d1a-bb08f0ad9707,531,meenalbha.agarwal@doordash.com,Meenalbha Agarwal,limited_access,,2020-07-13 00:00:00,True,Gujarat
e22ae9dc-659b-44ab-aa8b-11ad3ecfc1f5,531,harishchandra.soni@doordash.com,Harishchandra Soni,member,,2020-06-05 00:00:00,True,Gujarat
04e88dfe-1fce-47e2-bee6-27a342f6656b,531,seemaben.brahmbhatt@doordash.com,Seemaben Brahmbhatt,admin,,2020-05-05 00:00:00,True,Gujarat
5b9472bd-80f1-41e9-81d7-7bdc8cf72894,531,govind.ruparelia@doordash.com,Govind Ruparelia,admin,,2020-07-07 00:00:00,True,Gujarat
abe1d158-e0f3-4a93-8aea-e1ced29a6e20,531,jankiben.bavishi@doordash.com,Jankiben Bavishi,admin,,2020-05-08 00:00:00,True,Gujarat
6ace1f94-304f-4b22-8cc0-8c7036e2c869,531,rajan.kumawat@doordash.com,Rajan Kumawat,admin,,2020-05-23 00:00:00,True,Gujarat
e5a9263a-a21b-4f63-8334-3f79712cce0f,531,aishwaryabhen.patel@doordash.com,Aishwaryabhen Patel,admin,,2020-12-03 00:00:00,True,Gujarat
717d19d4-752f-423d-91df-0ae06817b2dd,531,narendra.thakkar@doordash.com,Narendra Thakkar,admin,,2020-06-13 00:00:00,True,Gujarat
0e54bce5-7da9-42d6-aa23-85386fff7e80,531,nishabha.dholakia@doordash.com,Nishabha Dholakia,member,,2020-10-09 00:00:00,True,Gujarat
ec16e529-5d9c-4357-921f-39a928658613,531,girish.singh1@doordash.com,Girish Singh,member,,2020-02-08 00:00:00,True,Gujarat
d12563d7-0fc4-49c4-8838-076cec1a4d14,531,shraddhaben.desai@doordash.com,Shraddhaben Desai,guest,,2020-05-01 00:00:00,True,Gujarat
cbe2904b-aff7-4322-b926-d51a15801102,531,hari.pandya@doordash.com,Hari Pandya,admin,,2020-07-25 00:00:00,True,Gujarat
a8c2b06a-2b63-4510-9dae-9702c078a39a,531,radhikabhen.lohana@doordash.com,Radhikabhen Lohana,member,,2020-02-27 00:00:00,True,Gujarat
efae3313-df69-4915-bdf3-cd0b573cc990,531,amitesh.makwana@doordash.com,Amitesh Makwana,admin,,2020-10-17 00:00:00,True,Gujarat
e11c50e8-92ae-4fd6-ba97-a7b5306647ff,531,neetiben.singh@doordash.com,Neetiben Singh,member,,2020-08-23 00:00:00,True,Gujarat
02e61513-a137-45e8-b6d3-412eb640532e,531,manoj.patel@doordash.com,Manoj Patel,limited_access,,2020-03-02 00:00:00,True,Gujarat
08247cad-36fb-4900-9a97-8150b30a6f54,531,vidyabhen.singh@doordash.com,Vidyabhen Singh,guest,,2020-07-04 00:00:00,True,Gujarat
aebf4427-da94-4101-845d-48299efe9cd8,531,ashesh.nadgouda@doordash.com,Ashesh Nadgouda,limited_access,,2020-01-15 00:00:00,True,Gujarat
725c12f7-520b-4ac4-853e-a67bb7484ec9,531,poojaben.vaghela@doordash.com,Poojaben Vaghela,limited_access,,2020-01-09 00:00:00,True,Gujarat
b9986761-6da8-416d-a97b-11b9007901ef,531,brijesh.mishra@doordash.com,Brijesh Mishra,admin,,2020-05-06 00:00:00,True,Gujarat
3933939d-b32c-4464-9c9f-0a58d43bf40a,531,tanubha.bava@doordash.com,Tanubha Bava,member,,2020-02-22 00:00:00,True,Gujarat
22da974b-80ad-4203-a723-f74702d3f46b,531,yash.kalani@doordash.com,Yash Kalani,admin,,2020-06-02 00:00:00,True,Gujarat
f041f8f0-200e-4620-900f-67dcd20cb2cb,531,rupalbha.makwana@doordash.com,Rupalbha Makwana,member,,2020-05-22 00:00:00,True,Gujarat
5fd87c8e-97f1-4f6a-9bda-aa0c9b150df4,531,tulsiram.sarma@doordash.com,Tulsiram Sarma,limited_access,,2020-12-25 00:00:00,True,Gujarat
587b41b8-283e-41e8-beae-f33f4f39c399,531,ruchiben.sabar@doordash.com,Ruchiben Sabar,member,,2020-12-05 00:00:00,True,Gujarat
85b3e0b3-13b6-4139-86bb-7760251179e5,531,aman.mavani@doordash.com,Aman Mavani,guest,,2020-03-17 00:00:00,True,Gujarat
22cb914b-0ed0-4d8b-b3cb-cd8092d1b1e0,531,truptibha.thakor@doordash.com,Truptibha Thakor,limited_access,,2020-12-10 00:00:00,True,Gujarat
4d0fe456-411a-45fc-8fb7-e22cb8818e20,531,laxminarayan.joshi@doordash.com,Laxminarayan Joshi,admin,,2020-10-24 00:00:00,True,Gujarat
b067eafc-b4bd-4236-b680-4fc414453883,531,vandanabhen.mehta@doordash.com,Vandanabhen Mehta,admin,,2020-09-06 00:00:00,True,Gujarat
d3a8baec-a8cc-4c82-a97b-fbd46fed0f7e,531,pravin.patil@doordash.com,Pravin Patil,member,,2020-07-09 00:00:00,True,Gujarat
52014204-cdc0-4faf-b2fc-03507795b6cb,531,laxmibha.chandra@doordash.com,Laxmibha Chandra,limited_access,,2020-03-15 00:00:00,True,Gujarat
9a4ec4db-c161-4d8e-9534-5b0073e4c630,531,karamveer.jeevraj@doordash.com,Karamveer Jeevraj,admin,,2020-12-21 00:00:00,True,Gujarat
e042e261-597d-4846-810e-01b91cf16bce,531,nehabha.bedi@doordash.com,Nehabha Bedi,guest,,2020-12-09 00:00:00,True,Gujarat
888c1200-c2cd-4de6-82ad-2af8b5431c1b,531,bhagat.soni@doordash.com,Bhagat Soni,admin,,2020-05-02 00:00:00,True,Gujarat
63b58e06-30fb-4585-86f5-0754ba854e71,531,ritabha.rathod@doordash.com,Ritabha Rathod,guest,,2020-02-19 00:00:00,True,Gujarat
e46f31d8-a2ad-4cba-9fdc-464b015e581b,531,ramakantbhai.modi@doordash.com,Ramakantbhai Modi,member,,2020-08-12 00:00:00,True,Gujarat
40d7db07-8480-41a3-b251-1d552d96db9b,531,ritikabhen.soni@doordash.com,Ritikabhen Soni,limited_access,,2020-01-14 00:00:00,True,Gujarat
1c17977a-eec8-413c-b7b1-67127e875b45,531,anish.yadav@doordash.com,Anish Yadav,admin,,2020-03-30 00:00:00,True,Himachal Pradesh
cd3f1cc3-8777-4b65-b739-7fa39bde7796,531,kanchan.baghel@doordash.com,Kanchan Baghel,limited_access,,2020-02-06 00:00:00,True,Himachal Pradesh
579a63f6-87e7-43fa-9863-75c8cb29b7c3,531,kesar.singhnyima@doordash.com,Kesar Singh Nyima,admin,,2020-11-07 00:00:00,True,Himachal Pradesh
6e7501c1-0512-40c7-8cbc-75be57665fe3,531,mamta.rinchen@doordash.com,Mamta Rinchen,admin,,2020-01-27 00:00:00,True,Himachal Pradesh
0d2d3eb7-59de-4845-a153-2343b6240f82,531,manpreet.sonam@doordash.com,Manpreet Sonam,admin,,2020-06-02 00:00:00,True,Himachal Pradesh
b9868961-2c78-4f55-87bf-31ae790910b5,531,preeti.kapoor@doordash.com,Preeti Kapoor,admin,,2020-02-16 00:00:00,True,Himachal Pradesh
702f3d5e-b066-46dd-8e07-65ca0b759dc8,531,chetan.tanwar@doordash.com,Chetan Tanwar,guest,,2020-03-30 00:00:00,True,Himachal Pradesh
20d38b45-7e94-4aa5-8a26-85bd30e539f0,531,sakshi.baghel@doordash.com,Sakshi Baghel,admin,,2020-03-18 00:00:00,True,Himachal Pradesh
29dfd1ab-a778-4967-a64e-58b99355aa13,531,ranjit.jadeja@doordash.com,Ranjit Jadeja,limited_access,,2020-12-16 00:00:00,True,Himachal Pradesh
bc82e77a-536e-4786-aec7-863965812dbb,531,vanita.bumde@doordash.com,Vanita Bumde,limited_access,,2020-08-27 00:00:00,True,Himachal Pradesh
d875b68f-2f48-41f7-9977-fbeeca26e1b5,531,shyam.rawat@doordash.com,Shyam Rawat,limited_access,,2020-08-15 00:00:00,True,Himachal Pradesh
9671fd1f-fd82-4ff9-899f-ba9e5b0078b8,531,tenzin.tashi@doordash.com,Tenzin Tashi,guest,,2020-06-04 00:00:00,True,Himachal Pradesh
6608f52c-2455-4821-9344-b47dd23ca2e1,531,yash.bhandari@doordash.com,Yash Bhandari,guest,,2020-05-09 00:00:00,True,Himachal Pradesh
1f5a2aa8-153e-420a-8083-4a533b7c3384,531,poonam.chopra@doordash.com,Poonam Chopra,limited_access,,2020-11-30 00:00:00,True,Himachal Pradesh
ef91f053-f84f-484b-8c1f-38f015e45ce0,531,om.chand@doordash.com,Om Chand,guest,,2020-08-11 00:00:00,True,Himachal Pradesh
bfd8cac0-3540-482a-8e78-4b2f71c2406c,531,meena.mehra@doordash.com,Meena Mehra,limited_access,,2020-12-07 00:00:00,True,Himachal Pradesh
6c668179-abfd-47fb-8219-72069afef43b,531,nikhil.kumawat@doordash.com,Nikhil Kumawat,guest,,2020-07-14 00:00:00,True,Himachal Pradesh
e4108f12-6470-4fce-b121-56dbecb1edb1,531,kusum.lobsang@doordash.com,Kusum Lobsang,limited_access,,2020-08-06 00:00:00,True,Himachal Pradesh
aacad728-6209-4a57-be60-729133b69dac,531,indra.kundra@doordash.com,Indra Kundra,limited_access,,2020-03-16 00:00:00,True,Himachal Pradesh
e906b415-2e61-4e86-9ad9-7419fb5d8dc3,531,kesar.dhanwade@doordash.com,Kesar Dhanwade,admin,,2020-05-05 00:00:00,True,Himachal Pradesh
50e9d6d3-ea69-4220-893a-69f2ffd214a0,531,rameshwar.solanki@doordash.com,Rameshwar Solanki,admin,,2020-01-09 00:00:00,True,Himachal Pradesh
613d3f49-1b57-4086-8211-5d99ef74d6ed,531,rita.bisen@doordash.com,Rita Bisen,member,,2020-03-23 00:00:00,True,Himachal Pradesh
6ebfe8ff-6345-489d-acc2-a7607558ceb7,531,baljeet.mali@doordash.com,Baljeet Mali,member,,2020-09-24 00:00:00,True,Himachal Pradesh
5290cb77-6d94-4103-ad13-04de7645640f,531,sapna.misra@doordash.com,Sapna Misra,member,,2020-11-18 00:00:00,True,Himachal Pradesh
b5dbe7ba-d996-4dd2-9b60-45adce121cc8,531,jeevan.nath@doordash.com,Jeevan Nath,guest,,2020-05-29 00:00:00,True,Himachal Pradesh
e0a1482a-8642-4cd4-b4f7-eb1175f3ecdf,531,sonal.tiwari@doordash.com,Sonal Tiwari,limited_access,,2020-03-28 00:00:00,True,Himachal Pradesh
ba056008-1bf9-4ea3-b179-a44a0ff2aa62,531,pranav.kadian@doordash.com,Pranav Kadian,admin,,2020-04-16 00:00:00,True,Himachal Pradesh
9a20d71a-7863-4576-9dc1-439342dfe116,531,bimala.trivedi@doordash.com,Bimala Trivedi,guest,,2020-11-07 00:00:00,True,Himachal Pradesh
d59566cd-d64e-4004-82cc-cdb1dd02b313,531,pankaj.choudhary@doordash.com,Pankaj Choudhary,admin,,2020-07-20 00:00:00,True,Himachal Pradesh
fc0d5584-3291-4987-9acd-f3ea9cab2ac3,531,radha.agarwal@doordash.com,Radha Agarwal,guest,,2020-04-20 00:00:00,True,Himachal Pradesh
3e0f9161-5a2e-4b5e-8829-3f4ead71eb49,531,tanuj.tandon@doordash.com,Tanuj Tandon,member,,2020-10-07 00:00:00,True,Himachal Pradesh
9eabdd5a-8acd-49e5-9212-89468332b64a,531,aishwarya.mahawar@doordash.com,Aishwarya Mahawar,admin,,2020-05-09 00:00:00,True,Himachal Pradesh
6256600a-84c3-460a-9431-5e9b5d2bb343,531,ravinder.chamar@doordash.com,Ravinder Chamar,admin,,2020-07-14 00:00:00,True,Himachal Pradesh
301e62f2-de15-4221-85b2-6f3cc7393397,531,meena.jadeja@doordash.com,Meena Jadeja,admin,,2020-04-24 00:00:00,True,Himachal Pradesh
84888c58-1ca5-4401-86d1-3f1e853569ea,531,keshav.bajpai@doordash.com,Keshav Bajpai,guest,,2020-04-18 00:00:00,True,Himachal Pradesh
bfcfa803-f9fc-46f9-84d3-b7bfcc5ddeb1,531,nancy.mawpa@doordash.com,Nancy Mawpa,guest,,2020-05-14 00:00:00,True,Himachal Pradesh
c6d102ce-574b-42e1-8d9e-06543d64ca19,531,krishna.vats@doordash.com,Krishna Vats,limited_access,,2020-08-30 00:00:00,True,Himachal Pradesh
53d613b4-c56c-492b-962b-ebd4f35bbeec,531,saroj.vishwakarma@doordash.com,Saroj Vishwakarma,admin,,2020-05-20 00:00:00,True,Himachal Pradesh
05af215c-4fdb-4025-90fb-201a14ab8751,531,akash.bansal@doordash.com,Akash Bansal,admin,,2020-12-10 00:00:00,True,Himachal Pradesh
223b0aef-97f6-4be9-bd31-06686a416b18,531,nidhi.dixit@doordash.com,Nidhi Dixit,limited_access,,2020-08-02 00:00:00,True,Himachal Pradesh
4d0c54de-a52b-421b-bcfb-1ad382fb8db2,531,yash.tomar@doordash.com,Yash Tomar,limited_access,,2020-03-30 00:00:00,True,Himachal Pradesh
9fdebcb1-7844-49d2-a28e-7714af58d686,531,ranjana.maharaj@doordash.com,Ranjana Maharaj,member,,2020-01-29 00:00:00,True,Himachal Pradesh
185e3385-bf57-4261-afda-d058b4c32b90,531,deep.dorje@doordash.com,Deep Dorje,admin,,2020-02-26 00:00:00,True,Himachal Pradesh
a7e34f62-a71e-43ca-9c93-9cc2162830e1,531,nidhi.chandela@doordash.com,Nidhi Chandela,limited_access,,2020-03-23 00:00:00,True,Himachal Pradesh
ed80dd18-3471-4e17-889b-2e1d430c9845,531,brij.kohli@doordash.com,Brij Kohli,admin,,2020-05-27 00:00:00,True,Himachal Pradesh
d043bb9c-b518-40f7-855f-829ac49aa80a,531,padma.saxena@doordash.com,Padma Saxena,limited_access,,2020-04-16 00:00:00,True,Himachal Pradesh
eefc98bd-0645-4500-9433-ad0dcaffac54,531,shiv.yangchen@doordash.com,Shiv Yangchen,guest,,2020-11-15 00:00:00,True,Himachal Pradesh
355e2cdb-cc72-450f-b0d4-6a466c1ac74a,531,meera.vyas@doordash.com,Meera Vyas,member,,2020-06-05 00:00:00,True,Himachal Pradesh
ada9a205-1149-4bc6-a15a-21e70ca6f336,531,raghav.nautiyal@doordash.com,Raghav Nautiyal,limited_access,,2020-02-26 00:00:00,True,Himachal Pradesh
cd21bfc5-a5d7-41b5-b04b-7756a13c43f1,531,srishti.kohli@doordash.com,Srishti Kohli,member,,2020-10-03 00:00:00,True,Himachal Pradesh
2b66440b-7e0e-4eb5-8c0b-34645066acd7,531,shashi.mishra@doordash.com,Shashi Mishra,member,,2020-10-07 00:00:00,True,Himachal Pradesh
1bf850e7-66d2-4be3-9862-b02ce465295f,531,sushma.jain@doordash.com,Sushma Jain,guest,,2020-03-14 00:00:00,True,Himachal Pradesh
b12f38d3-aeaa-4af8-8bd0-349600118f51,531,inderpal.prasad@doordash.com,Inderpal Prasad,guest,,2020-04-13 00:00:00,True,Himachal Pradesh
32a330ea-ece8-4409-8e9a-e9b049fbeb87,531,sapna.dawa@doordash.com,Sapna Dawa,limited_access,,2020-02-25 00:00:00,True,Himachal Pradesh
11fa1d2e-45b5-4aed-9899-4227d4c189bd,531,pankaj.kashyap@doordash.com,Pankaj Kashyap,limited_access,,2020-11-28 00:00:00,True,Himachal Pradesh
700a6c29-c9c6-45a4-a6b2-809c88d00a80,531,krishna.gautam@doordash.com,Krishna Gautam,member,,2020-02-28 00:00:00,True,Himachal Pradesh
622f92d9-f71a-4708-b24e-a156bcc6db38,531,deep.gahoi@doordash.com,Deep Gahoi,admin,,2020-07-06 00:00:00,True,Himachal Pradesh
fa861fba-e3bd-4c26-8096-428dc5720964,531,savita.pathak@doordash.com,Savita Pathak,guest,,2020-12-08 00:00:00,True,Himachal Pradesh
42d99b0b-85cf-47c8-8a2d-ec3cf40b8e7d,531,anuj.kadian@doordash.com,Anuj Kadian,guest,,2020-06-14 00:00:00,True,Himachal Pradesh
bb9f2008-8d06-4987-b123-827ad3c49f4b,531,chandni.sengar@doordash.com,Chandni Sengar,limited_access,,2020-05-23 00:00:00,True,Himachal Pradesh
b20b5a07-ed5e-4c69-84ba-afa3e318f6f6,531,balram.siwach@doordash.com,Balram Siwach,limited_access,,2020-04-10 00:00:00,True,Himachal Pradesh
ce5d3538-510e-4726-935b-40f665991825,531,minakshi.joshi@doordash.com,Minakshi Joshi,admin,,2020-06-08 00:00:00,True,Himachal Pradesh
b90ccec9-fbd5-4003-a677-070717edebb5,531,anish.lobsang@doordash.com,Anish Lobsang,limited_access,,2020-08-13 00:00:00,True,Himachal Pradesh
7f84e588-fffd-496e-a649-1d139329e2bb,531,champa.tomar@doordash.com,Champa Tomar,admin,,2020-06-26 00:00:00,True,Himachal Pradesh
db663625-a648-4d5c-b670-6528e3d8f16f,531,pardeep.jampa@doordash.com,Pardeep Jampa,guest,,2020-07-26 00:00:00,True,Himachal Pradesh
84048430-4a3e-4c1b-af59-9554c5bc18df,531,madhuri.rajgarhia@doordash.com,Madhuri Rajgarhia,limited_access,,2020-11-18 00:00:00,True,Himachal Pradesh
f7cb65b2-c0f6-4fcf-9bf4-aed2bb35cb47,531,ravindra.thakur@doordash.com,Ravindra Thakur,limited_access,,2020-10-16 00:00:00,True,Himachal Pradesh
38dedf5d-93ff-4614-ae3e-8e06b4d88b9a,531,kajal.rajgarhia@doordash.com,Kajal Rajgarhia,guest,,2020-01-14 00:00:00,True,Himachal Pradesh
31037147-84e2-4bb9-b836-2d4e2c408e21,531,bharat.yunthang@doordash.com,Bharat Yunthang,member,,2020-07-28 00:00:00,True,Himachal Pradesh
65ea9460-de72-45d2-a6d4-20ad4ea456e8,531,prem.chopra@doordash.com,Prem Chopra,member,,2020-06-11 00:00:00,True,Himachal Pradesh
705ac9c4-c12e-4e7d-afa4-59306c12be3d,531,kundan.vishwakarma@doordash.com,Kundan Vishwakarma,guest,,2020-12-19 00:00:00,True,Himachal Pradesh
410236ce-defe-4fc3-80cd-a967a6fdfbb8,531,sumantha.gahoi@doordash.com,Sumantha Gahoi,limited_access,,2020-07-16 00:00:00,True,Himachal Pradesh
deab1dd4-8cad-4739-b869-72d433b48691,531,anil.balmiki@doordash.com,Anil Balmiki,guest,,2020-09-01 00:00:00,True,Himachal Pradesh
84ee3ff1-41bf-48bb-a5cd-b1b70baa0f77,531,veena.rastogi@doordash.com,Veena Rastogi,guest,,2020-11-09 00:00:00,True,Himachal Pradesh
9088ddeb-6e92-4b59-8fb9-d719330ee219,531,shiv.sonam@doordash.com,Shiv Sonam,member,,2020-04-16 00:00:00,True,Himachal Pradesh
c82b593f-4232-4323-955e-faa3c5c43ca6,531,deeksha.prajapati@doordash.com,Deeksha Prajapati,limited_access,,2020-06-22 00:00:00,True,Himachal Pradesh
902a7623-1b33-4148-a53b-dddd0c92a635,531,veer.rathi@doordash.com,Veer Rathi,member,,2020-09-24 00:00:00,True,Himachal Pradesh
0379ae7c-d1de-4825-907c-8ea97cba9861,531,yashika.gupta@doordash.com,Yashika Gupta,member,,2020-08-02 00:00:00,True,Himachal Pradesh
8a3e66d5-763f-40c4-afe5-d4c52d44de2d,531,karan.bumde@doordash.com,Karan Bumde,limited_access,,2020-06-27 00:00:00,True,Himachal Pradesh
db84e987-5915-41d4-80e4-47e3383b60dc,531,neelam.pandit@doordash.com,Neelam Pandit,guest,,2020-04-01 00:00:00,True,Himachal Pradesh
c3fcfb1a-072e-4a5e-8136-3115f42bb46a,531,paras.jai@doordash.com,Paras Jai,guest,,2020-07-18 00:00:00,True,Himachal Pradesh
bd852ab8-a94c-453d-b7bf-63f0559821af,531,suhana.kothari@doordash.com,Suhana Kothari,limited_access,,2020-07-28 00:00:00,True,Himachal Pradesh
1fd2d9fc-84e6-4d5e-8b35-9497268c769b,531,inderpal.chopra@doordash.com,Inderpal Chopra,member,,2020-05-01 00:00:00,True,Himachal Pradesh
aa1f4e56-f033-460b-85b9-e5b2728c0564,531,komal.bhatt@doordash.com,Komal Bhatt,admin,,2020-08-25 00:00:00,True,Himachal Pradesh
9789a7ac-b7fc-4937-b33b-f03131406e98,531,piyush.yonten@doordash.com,Piyush Yonten,member,,2020-07-11 00:00:00,True,Himachal Pradesh
6ad6110b-7e08-48df-931d-7c2b8064f769,531,neelam.vishwakarma@doordash.com,Neelam Vishwakarma,member,,2020-12-02 00:00:00,True,Himachal Pradesh
f7e18235-6f4a-4fe9-b8c4-afc67eaafe65,531,paras.bisen@doordash.com,Paras Bisen,member,,2020-09-28 00:00:00,True,Himachal Pradesh
622fe1ba-ff5f-4f57-b9b6-885589d90e6a,531,aarti.lama@doordash.com,Aarti Lama,limited_access,,2020-06-06 00:00:00,True,Himachal Pradesh
16d85223-742c-4134-8558-5118242eba37,531,devansh.kumar@doordash.com,Devansh Kumar,guest,,2020-12-02 00:00:00,True,Himachal Pradesh
2e986783-c255-4a74-8f3a-b1e33237772c,531,indra.panchal@doordash.com,Indra Panchal,limited_access,,2020-06-20 00:00:00,True,Himachal Pradesh
73e8cfb1-3f99-4092-9712-bf386701f685,531,rishabh.pant@doordash.com,Rishabh Pant,admin,,2020-05-31 00:00:00,True,Himachal Pradesh
7446cb98-7e89-43da-aad5-c3c19f01781d,531,meenal.bisen@doordash.com,Meenal Bisen,admin,,2020-05-12 00:00:00,True,Himachal Pradesh
7aaef347-f434-4a71-8ef2-5eae796a711b,531,ankush.yeshe@doordash.com,Ankush Yeshe,member,,2020-02-13 00:00:00,True,Himachal Pradesh
1d87da03-0154-42eb-900a-be095c67e191,531,sangeeta.choden@doordash.com,Sangeeta Choden,member,,2020-06-17 00:00:00,True,Himachal Pradesh
03f37a13-214b-4029-b169-cf10c47142ca,531,ravindra.shastri@doordash.com,Ravindra Shastri,guest,,2020-11-09 00:00:00,True,Himachal Pradesh
1118491e-43f0-4b82-b9cd-a0e6bbf0b5f9,531,pinky.hada@doordash.com,Pinky Hada,limited_access,,2020-07-08 00:00:00,True,Himachal Pradesh
4a70df77-7d30-406f-bc26-e523d1001770,531,sunny.kohli@doordash.com,Sunny Kohli,member,,2020-07-01 00:00:00,True,Himachal Pradesh
75d02760-c5fb-49eb-89ca-96ee982fed73,531,bindu.sonam@doordash.com,Bindu Sonam,member,,2020-09-21 00:00:00,True,Himachal Pradesh
19eda5ed-a805-4a74-a026-24594ae0fb5c,531,narendra.rangar@doordash.com,Narendra Rangar,admin,,2020-01-11 00:00:00,True,Himachal Pradesh
cfd45f0f-f6de-46a6-91a5-f2aa04d34fd5,531,anju.prasad@doordash.com,Anju Prasad,admin,,2020-08-09 00:00:00,True,Himachal Pradesh
b039c97a-d600-44b0-9a78-fd8886b64d3a,531,tariq.thakur@doordash.com,Tariq Thakur,member,,2020-04-21 00:00:00,True,Himachal Pradesh
f8c272cd-a2b7-4615-bbfb-9ea3ea0f7dbc,531,kanchan.choden@doordash.com,Kanchan Choden,limited_access,,2020-03-21 00:00:00,True,Himachal Pradesh
d45c93aa-ba70-4a51-940a-82545ac22856,531,chetan.rastogi@doordash.com,Chetan Rastogi,admin,,2020-11-08 00:00:00,True,Himachal Pradesh
677d74eb-0f2b-4ae1-9a1f-014208b466c5,531,deeksha.mawpa@doordash.com,Deeksha Mawpa,guest,,2020-08-04 00:00:00,True,Himachal Pradesh
9138f07b-1f79-4d13-aa91-cf5911067096,531,jai.yeshe@doordash.com,Jai Yeshe,guest,,2020-09-14 00:00:00,True,Himachal Pradesh
47311fc3-ed63-4a41-9d1a-e2746e86d041,531,anjana.jangid@doordash.com,Anjana Jangid,member,,2020-03-25 00:00:00,True,Himachal Pradesh
3433f82c-9762-43f1-82d8-b6a2189b2898,531,mahesh.jadeja@doordash.com,Mahesh Jadeja,admin,,2020-04-19 00:00:00,True,Himachal Pradesh
6ed13cc9-d525-4000-93c5-9ac67c43373a,531,jayshree.mahawar@doordash.com,Jayshree Mahawar,limited_access,,2020-08-23 00:00:00,True,Himachal Pradesh
13aa3d14-0827-45a4-939a-00cf4d9adeaa,531,anup.chand@doordash.com,Anup Chand,member,,2020-07-30 00:00:00,True,Himachal Pradesh
66337d12-2512-4bc6-bf03-a71a932dc58c,531,bhavna.ngawang@doordash.com,Bhavna Ngawang,limited_access,,2020-09-21 00:00:00,True,Himachal Pradesh
55266541-8634-4c74-b08b-2a8a8d7c20c2,531,harpal.shastri@doordash.com,Harpal Shastri,guest,,2020-09-17 00:00:00,True,Himachal Pradesh
f0b7dfcb-8fa2-44c5-9bf3-d7ecde8ea9f8,531,simran.rai@doordash.com,Simran Rai,guest,,2020-09-26 00:00:00,True,Himachal Pradesh
1865cc4f-23c2-40c6-bf7e-88636eb6e3ef,531,abhinav.pant@doordash.com,Abhinav Pant,limited_access,,2020-05-27 00:00:00,True,Himachal Pradesh
6680ebf7-0590-4fc7-a1e3-8d6bdc7b7d18,531,bimla.soni@doordash.com,Bimla Soni,member,,2020-05-19 00:00:00,True,Himachal Pradesh
3b88ddcc-7ffe-4b7c-afc1-aa80007048ca,531,anmol.vats@doordash.com,Anmol Vats,admin,,2020-06-09 00:00:00,True,Himachal Pradesh
8dd2ee36-87c6-4ffe-8158-c0af435d0b9d,531,kashish.jampa@doordash.com,Kashish Jampa,admin,,2020-12-26 00:00:00,True,Himachal Pradesh
86df4a9d-b8dd-4148-9a45-e580b861cbdc,531,sunil.sood@doordash.com,Sunil Sood,member,,2020-04-08 00:00:00,True,Himachal Pradesh
fe7a5714-9a12-4d1c-9894-41db8ccbe31b,531,naina.maharaj@doordash.com,Naina Maharaj,limited_access,,2020-05-18 00:00:00,True,Himachal Pradesh
f84a18da-76f8-4d68-82fb-43d280e90a57,531,devansh.pandit@doordash.com,Devansh Pandit,admin,,2020-05-08 00:00:00,True,Himachal Pradesh
d144a113-7272-4e2d-a498-f07392c43a42,531,praveen.tanwar@doordash.com,Praveen Tanwar,admin,,2020-09-20 00:00:00,True,Himachal Pradesh
5f5066e1-d264-42ab-b491-031dc4302351,531,sahil.pundir@doordash.com,Sahil Pundir,limited_access,,2020-06-17 00:00:00,True,Himachal Pradesh
78179c7d-072a-4f84-89a2-3fdbac715b56,531,sahiba.yonten@doordash.com,Sahiba Yonten,admin,,2020-12-23 00:00:00,True,Himachal Pradesh
c8a5249f-0b19-4de6-91d1-a5fe51b56977,531,mahendra.gorakh@doordash.com,Mahendra Gorakh,guest,,2020-06-11 00:00:00,True,Himachal Pradesh
aabe1e16-a009-4fd8-a341-0dff3ec54d45,531,reena.balmiki@doordash.com,Reena Balmiki,guest,,2020-02-28 00:00:00,True,Himachal Pradesh
8580c9db-1e72-49e1-8aa9-15674460cfb3,531,inder.tshering@doordash.com,Inder Tshering,admin,,2020-03-24 00:00:00,True,Himachal Pradesh
da09638a-fb68-460b-a8fd-9def8a9a7eeb,531,rajkumari.bhavsar@doordash.com,Rajkumari Bhavsar,admin,,2020-04-17 00:00:00,True,Himachal Pradesh
1b851a1b-27e0-4e2d-92c4-94d5d182add2,531,vikramjeet.pundir@doordash.com,Vikramjeet Pundir,limited_access,,2020-02-01 00:00:00,True,Himachal Pradesh
c531be68-688d-4b5c-84c8-f39319828c4f,531,tamanna.pant@doordash.com,Tamanna Pant,admin,,2020-08-27 00:00:00,True,Himachal Pradesh
23fe6052-0713-4624-b6e2-29a751b23af8,531,sher.shukla@doordash.com,Sher Shukla,admin,,2020-08-23 00:00:00,True,Himachal Pradesh
add3e0ab-bf45-44e8-b3b1-665f7cd53e2b,531,rachna.vats@doordash.com,Rachna Vats,admin,,2020-04-06 00:00:00,True,Himachal Pradesh
50f733b4-5156-414d-b4f2-272d60c74985,531,rajiv.solanki@doordash.com,Rajiv Solanki,admin,,2020-10-16 00:00:00,True,Himachal Pradesh
86553ed7-caa5-40fa-9dcf-151636de7c68,531,leela.phuntsok@doordash.com,Leela Phuntsok,member,,2020-01-07 00:00:00,True,Himachal Pradesh
74408b42-e675-4c5f-aa09-9c5b438ca97f,531,kishan.kachhawa@doordash.com,Kishan Kachhawa,admin,,2020-08-21 00:00:00,True,Himachal Pradesh
fc7b6245-0525-4126-a731-03c488b7b44a,531,anuradha.chaudhary@doordash.com,Anuradha Chaudhary,limited_access,,2020-07-29 00:00:00,True,Himachal Pradesh
1bcc2d56-0a57-412e-9de9-15d9fa9b170f,531,vijay.bhavsar@doordash.com,Vijay Bhavsar,guest,,2020-01-06 00:00:00,True,Himachal Pradesh
574f8c17-2c1d-4cd8-95f4-902851d0f385,531,anjali.tashi@doordash.com,Anjali Tashi,guest,,2020-01-11 00:00:00,True,Himachal Pradesh
f8d4a11d-10c0-4539-b4db-42366350cdb3,531,prince.shukla@doordash.com,Prince Shukla,guest,,2020-03-03 00:00:00,True,Himachal Pradesh
ba8dd1db-47a0-47d1-9540-53cc9db8b371,531,renu.phuntsok@doordash.com,Renu Phuntsok,member,,2020-02-27 00:00:00,True,Himachal Pradesh
98d1205c-65dd-4b87-ad7c-2863fc8a3fa7,531,pradeep.bumde@doordash.com,Pradeep Bumde,member,,2020-03-18 00:00:00,True,Himachal Pradesh
1b0a0a9a-3c72-45d2-9cf2-d19dd3753687,531,nancy.chand@doordash.com,Nancy Chand,guest,,2020-05-21 00:00:00,True,Himachal Pradesh
297e6268-dc65-445e-9403-63df3cd2d98b,531,bikram.semwal@doordash.com,Bikram Semwal,limited_access,,2020-07-31 00:00:00,True,Himachal Pradesh
c84b9975-3068-4d5e-9eb7-12bd7ddc7845,531,rani.chandela@doordash.com,Rani Chandela,admin,,2020-10-09 00:00:00,True,Himachal Pradesh
43531ef2-adfc-4136-ac0b-c0c113f9cb4b,531,rahul.sahni@doordash.com,Rahul Sahni,limited_access,,2020-02-24 00:00:00,True,Himachal Pradesh
2ac72f30-86f2-4892-a8a8-d06c6a80e5b1,531,indu.kothari@doordash.com,Indu Kothari,member,,2020-01-21 00:00:00,True,Himachal Pradesh
2927e15f-662f-4b19-9252-96daab940ed5,531,harvinder.joshi@doordash.com,Harvinder Joshi,guest,,2020-09-18 00:00:00,True,Himachal Pradesh
d4cf3d97-1c90-42e0-a214-ea38dcd4db83,531,seema.shastri@doordash.com,Seema Shastri,admin,,2020-10-04 00:00:00,True,Himachal Pradesh
4b5cd13e-005e-4e7e-b0c1-6a13bb38aa00,531,sahdev.bhardwaj@doordash.com,Sahdev Bhardwaj,limited_access,,2020-07-27 00:00:00,True,Himachal Pradesh
9654dfee-4d99-42af-986d-933476b4d73a,531,tanu.vyas@doordash.com,Tanu Vyas,limited_access,,2020-11-10 00:00:00,True,Himachal Pradesh
1dfa9c17-742d-4d29-9f29-aa628d53279a,531,kundan.kumawat@doordash.com,Kundan Kumawat,limited_access,,2020-01-09 00:00:00,True,Himachal Pradesh
ebef4167-763d-4b9a-9f95-4ce4e67f40e2,531,nisha.shekhawat@doordash.com,Nisha Shekhawat,guest,,2020-08-06 00:00:00,True,Himachal Pradesh
3ec9cea5-4bcb-4d26-9177-ef0705320ed0,531,anup.prajapati@doordash.com,Anup Prajapati,guest,,2020-02-19 00:00:00,True,Himachal Pradesh
b20aefb1-6961-4954-8ad4-11d5530e0e3b,531,anjali.lobsang@doordash.com,Anjali Lobsang,limited_access,,2020-10-17 00:00:00,True,Himachal Pradesh
6786a8ce-d527-4d31-b2a8-b773157f0c34,531,veer.gautam@doordash.com,Veer Gautam,member,,2020-07-05 00:00:00,True,Himachal Pradesh
e7af3293-510a-43c4-b883-653319ee4d3c,531,kamlesh.sharma@doordash.com,Kamlesh Sharma,limited_access,,2020-09-28 00:00:00,True,Himachal Pradesh
69855660-7cf7-4e7a-bf72-b95596e1ef85,531,subhash.tandon@doordash.com,Subhash Tandon,guest,,2020-04-22 00:00:00,True,Himachal Pradesh
0cba05be-e1ec-4d9c-acc9-38ec8aefb749,531,sonal.upadhyay@doordash.com,Sonal Upadhyay,guest,,2020-01-21 00:00:00,True,Himachal Pradesh
a10b97b1-8887-4eaa-ba38-3865ced29e5f,531,manpreet.nautiyal@doordash.com,Manpreet Nautiyal,member,,2020-02-22 00:00:00,True,Himachal Pradesh
f91fe5dd-9dd9-413f-ab2f-fcf29943c293,531,sheetal.pratap@doordash.com,Sheetal Pratap,limited_access,,2020-08-30 00:00:00,True,Himachal Pradesh
90afe80f-103b-4b87-96e1-397402d4411b,531,ravinder.rai@doordash.com,Ravinder Rai,guest,,2020-01-22 00:00:00,True,Himachal Pradesh
6d015e3d-734c-4e88-8c1f-965fe64b0e08,531,ankita.gupta@doordash.com,Ankita Gupta,guest,,2020-01-25 00:00:00,True,Himachal Pradesh
93b178b7-b0dd-4386-8858-ea404c2c62ee,531,munish.gaddi@doordash.com,Munish Gaddi,member,,2020-06-04 00:00:00,True,Himachal Pradesh
89b4a2a1-65a0-4aca-915d-3e8174fe8aa4,531,tamanna.kapoor@doordash.com,Tamanna Kapoor,guest,,2020-06-14 00:00:00,True,Himachal Pradesh
a39c8f44-9fad-4f93-b107-50bc8df1f515,531,raghav.tshering@doordash.com,Raghav Tshering,member,,2020-07-05 00:00:00,True,Himachal Pradesh
8e76d19c-bf78-4d86-9dd6-4b5bd0bd8535,531,seema.pratap@doordash.com,Seema Pratap,guest,,2020-02-03 00:00:00,True,Himachal Pradesh
1b64f9d2-a17c-410f-9b3e-00ecec21a3ae,531,ajay.nautiyal@doordash.com,Ajay Nautiyal,limited_access,,2020-01-30 00:00:00,True,Himachal Pradesh
59d334c1-d006-4fed-9791-f732907efdd7,531,nikita.upadhyay@doordash.com,Nikita Upadhyay,member,,2020-07-08 00:00:00,True,Himachal Pradesh
a2332216-02df-4a95-9700-4fad1a156530,531,dharma.negi@doordash.com,Dharma Negi,limited_access,,2020-03-28 00:00:00,True,Himachal Pradesh
1ae426cb-df11-4560-8a29-0a5372441b0a,531,rashmi.rajgarhia@doordash.com,Rashmi Rajgarhia,guest,,2020-03-09 00:00:00,True,Himachal Pradesh
6c33508e-3cac-440a-b3a9-97353574e784,531,ankit.pant@doordash.com,Ankit Pant,admin,,2020-06-14 00:00:00,True,Himachal Pradesh
649486d9-4582-4fa8-aa7b-d2b4b07918df,531,ritika.gorakh@doordash.com,Ritika Gorakh,admin,,2020-06-23 00:00:00,True,Himachal Pradesh
1a4dcc0c-e89b-4177-b3fc-ff4ac0d38714,531,ratan.singhmisra@doordash.com,Ratan Singh Misra,member,,2020-08-29 00:00:00,True,Himachal Pradesh
f2173f90-96fa-4ade-9a02-e7a8e9a3152f,531,geetika.rathod@doordash.com,Geetika Rathod,member,,2020-12-10 00:00:00,True,Himachal Pradesh
345bd200-9aa4-47f5-81ad-391540e506ee,531,sham.gahoi@doordash.com,Sham Gahoi,limited_access,,2020-02-11 00:00:00,True,Himachal Pradesh
aceb2e3b-bc1f-41b4-8a97-cf51a38366f9,531,savita.bajpai@doordash.com,Savita Bajpai,member,,2020-07-27 00:00:00,True,Himachal Pradesh
20e9b6d8-e7b7-427c-ab18-1e24dbcdf759,531,sumit.yunthang@doordash.com,Sumit Yunthang,guest,,2020-05-22 00:00:00,True,Himachal Pradesh
7e263347-9334-45db-81de-387dec82dada,531,shilpa.dawa@doordash.com,Shilpa Dawa,member,,2020-10-23 00:00:00,True,Himachal Pradesh
a6fd5143-7b93-423c-be85-94b292eec06b,531,brij.kachhawa@doordash.com,Brij Kachhawa,admin,,2020-09-23 00:00:00,True,Himachal Pradesh
9d7561af-97cf-487b-80a1-ff368f34fb35,531,rukmini.pandey@doordash.com,Rukmini Pandey,admin,,2020-11-29 00:00:00,True,Himachal Pradesh
ed35ad9c-2136-43e6-b86e-7b6ede88e974,531,shaktiprakash.pandit@doordash.com,Shaktiprakash Pandit,member,,2020-01-09 00:00:00,True,Himachal Pradesh
734d3eb7-2714-45a6-bcd2-fe2e41bc07e6,531,sushma.prasad@doordash.com,Sushma Prasad,admin,,2020-05-17 00:00:00,True,Himachal Pradesh
84fda230-e67c-47bd-a7c8-32355f026bd4,531,arvind.bansal@doordash.com,Arvind Bansal,guest,,2020-06-27 00:00:00,True,Himachal Pradesh
d858c9d4-fa95-4253-b8f7-a8a17cb0eaaf,531,ruchi.chand@doordash.com,Ruchi Chand,guest,,2020-10-18 00:00:00,True,Himachal Pradesh
543388bc-7ab3-4267-b5d8-3ed778379921,531,devansh.lohar@doordash.com,Devansh Lohar,member,,2020-07-21 00:00:00,True,Himachal Pradesh
1f52461b-26af-4652-9c18-ee501ec2c8d6,531,jyoti.rathore@doordash.com,Jyoti Rathore,member,,2020-08-20 00:00:00,True,Himachal Pradesh
797d6f8e-5feb-40da-b948-70e4b49e226a,531,naresh.dhanwade@doordash.com,Naresh Dhanwade,admin,,2020-09-05 00:00:00,True,Himachal Pradesh
b1e7b325-b2a2-4ce5-bc33-b4d2c76df76a,531,snehal.bairwa@doordash.com,Snehal Bairwa,limited_access,,2020-08-29 00:00:00,True,Himachal Pradesh
e126f6ac-e9f8-46e0-aeef-54a39cbb67f1,531,bikram.sahni@doordash.com,Bikram Sahni,member,,2020-12-23 00:00:00,True,Himachal Pradesh
66252a8e-40c5-49ad-9e57-e93e5aa74b42,531,preeti.yadav@doordash.com,Preeti Yadav,guest,,2020-08-09 00:00:00,True,Himachal Pradesh
3af623f9-26fb-420f-8054-dbc4ddaaaa50,531,nand.kishoresolanki@doordash.com,Nand Kishore Solanki,admin,,2020-08-18 00:00:00,True,Himachal Pradesh
2f60a351-8b64-44b4-8aad-5c54fa2263bc,531,rajkumari.shukla@doordash.com,Rajkumari Shukla,member,,2020-06-22 00:00:00,True,Himachal Pradesh
64f9589b-3250-49b5-9f0b-2854d4e4b4ec,531,bhimsen.dixit@doordash.com,Bhimsen Dixit,member,,2020-10-03 00:00:00,True,Himachal Pradesh
f2321a44-47ea-47d4-8d66-ccac8c917e7b,531,jayshree.lamba@doordash.com,Jayshree Lamba,admin,,2020-06-04 00:00:00,True,Himachal Pradesh
70d48973-296f-4b8f-a20a-4d27da440a45,531,jaswinder.bhandari@doordash.com,Jaswinder Bhandari,member,,2020-03-24 00:00:00,True,Himachal Pradesh
342193dc-de28-4573-9f18-f93d8d0885b7,531,deeksha.sood@doordash.com,Deeksha Sood,member,,2020-12-02 00:00:00,True,Himachal Pradesh
b531099b-0a51-4f66-85d6-a87ab1d00893,531,jagdish.kohli@doordash.com,Jagdish Kohli,member,,2020-03-07 00:00:00,True,Himachal Pradesh
3a809cb3-04d1-4f8a-93be-0997638690c0,531,jayshree.lama@doordash.com,Jayshree Lama,admin,,2020-03-29 00:00:00,True,Himachal Pradesh
a5478298-1feb-4596-ae93-09051f5ac4e0,531,yashwant.pathania@doordash.com,Yashwant Pathania,limited_access,,2020-03-02 00:00:00,True,Himachal Pradesh
92170b7b-dc19-4fc1-85ef-3973398696ae,531,leela.bajpai@doordash.com,Leela Bajpai,member,,2020-02-19 00:00:00,True,Himachal Pradesh
633f9fbd-4bc6-4d24-945f-f8d75d835a36,531,paras.khanna@doordash.com,Paras Khanna,guest,,2020-09-29 00:00:00,True,Himachal Pradesh
49244a4a-3227-45f0-b71e-6d7b0264fca8,531,kanchan.jai@doordash.com,Kanchan Jai,guest,,2020-02-10 00:00:00,True,Himachal Pradesh
199b7cc0-4bde-48ac-b2e6-82ea571749f7,531,lokesh.bisen@doordash.com,Lokesh Bisen,guest,,2020-08-24 00:00:00,True,Himachal Pradesh
60f6156f-ed81-4bfa-a435-d2d3bcceff9a,531,ankita.pandey@doordash.com,Ankita Pandey,limited_access,,2020-07-30 00:00:00,True,Himachal Pradesh
777c7f8f-a310-4a21-9b4a-419866271bdf,531,baljeet.saxena@doordash.com,Baljeet Saxena,admin,,2020-05-17 00:00:00,True,Himachal Pradesh
01d19eb6-fe1d-4a3c-8d77-2a194a64c4a7,531,charul.mahawar@doordash.com,Charul Mahawar,limited_access,,2020-02-29 00:00:00,True,Himachal Pradesh
dcc1e75c-8e31-4bb1-b5e7-ef3a424cb648,531,kesar.singhrinchen@doordash.com,Kesar Singh Rinchen,limited_access,,2020-01-29 00:00:00,True,Himachal Pradesh
0e22d33c-874a-4109-9a13-7ea4cc93f072,531,aruna.gorakh@doordash.com,Aruna Gorakh,limited_access,,2020-07-25 00:00:00,True,Himachal Pradesh
85b476cc-50a3-47e9-a227-673ab294b6b4,531,virender.jampa@doordash.com,Virender Jampa,member,,2020-07-08 00:00:00,True,Himachal Pradesh
bc664319-57cb-4843-b4b1-24b87b4d5a63,531,manju.sengar@doordash.com,Manju Sengar,member,,2020-07-14 00:00:00,True,Himachal Pradesh
f1851725-eda1-47a9-9ed5-4fcbf0dcd7ae,531,jagdish.rathore@doordash.com,Jagdish Rathore,admin,,2020-06-22 00:00:00,True,Himachal Pradesh
12947f50-721d-4f08-9881-8dbc45b40d37,531,tara.bansal@doordash.com,Tara Bansal,admin,,2020-12-29 00:00:00,True,Himachal Pradesh
425d2d20-f6f4-43cd-b434-17c21fb24df1,531,chaman.chamar@doordash.com,Chaman Chamar,member,,2020-12-17 00:00:00,True,Himachal Pradesh
10a48bcc-7ebe-4e56-8ba6-677cf2988c71,531,asha.joshi@doordash.com,Asha Joshi,guest,,2020-03-06 00:00:00,True,Himachal Pradesh
7b2a18c5-4b2a-4316-9193-331aab20137b,531,kushal.mori@doordash.com,Kushal Mori,admin,,2020-07-03 00:00:00,True,Himachal Pradesh
a01ec4e7-f958-49c2-9d9c-924cf8106094,531,ankita.bhardwaj@doordash.com,Ankita Bhardwaj,member,,2020-07-05 00:00:00,True,Himachal Pradesh
f30079b2-ab3a-4bcf-b3b9-f987b095f7d2,531,vikas.siwach@doordash.com,Vikas Siwach,member,,2020-03-27 00:00:00,True,Himachal Pradesh
578ae636-1fc0-4ff0-946f-37de3979a5ed,531,bindu.gupta@doordash.com,Bindu Gupta,guest,,2020-04-02 00:00:00,True,Himachal Pradesh
fa9d354c-5eeb-422f-99cc-235ce6cf56be,531,mohan.bhotia@doordash.com,Mohan Bhotia,guest,,2020-02-24 00:00:00,True,Himachal Pradesh
4786cc1e-6f7e-4e04-bfb3-cd287e3cdca0,531,babita.prasad@doordash.com,Babita Prasad,guest,,2020-04-01 00:00:00,True,Himachal Pradesh
3c30da88-afc1-4d3c-b729-ac58d1a395f5,531,raghav.awasthi@doordash.com,Raghav Awasthi,member,,2020-04-13 00:00:00,True,Himachal Pradesh
cb8af3e1-902f-402f-8990-d762e6a3e99a,531,vanita.gaddi@doordash.com,Vanita Gaddi,member,,2020-01-31 00:00:00,True,Himachal Pradesh
e2d2898e-eb5f-4752-8395-6ebdab2c0214,531,bikram.shabnam@doordash.com,Bikram Shabnam,member,,2020-12-07 00:00:00,True,Himachal Pradesh
eb498572-47a6-42e5-97d6-26dd325e532d,531,aarti.koli@doordash.com,Aarti Koli,guest,,2020-08-25 00:00:00,True,Himachal Pradesh
673933d4-9217-4cb3-9994-60fa265a5352,531,umesh.yadav@doordash.com,Umesh Yadav,limited_access,,2020-10-04 00:00:00,True,Himachal Pradesh
6377bfca-a5a5-4446-b25b-aa32acf61e56,531,chandra.bisht@doordash.com,Chandra Bisht,member,,2020-07-07 00:00:00,True,Himachal Pradesh
9858e450-9104-47ad-a485-ca07d61e0ec0,531,baljeet.shekhawat@doordash.com,Baljeet Shekhawat,member,,2020-08-13 00:00:00,True,Himachal Pradesh
58ed194d-26e1-4e56-8ad7-0e4f362de06d,531,rekha.rana@doordash.com,Rekha Rana,admin,,2020-08-18 00:00:00,True,Himachal Pradesh
b91bac51-4209-4c48-95ca-69d42e688b6a,531,ashutosh.mali@doordash.com,Ashutosh Mali,guest,,2020-12-28 00:00:00,True,Himachal Pradesh
a7ea33c4-16c6-4288-b39a-97e9a4ec0428,531,rajkumari.tandon@doordash.com,Rajkumari Tandon,limited_access,,2020-10-11 00:00:00,True,Himachal Pradesh
f3fa7e16-1511-470d-be61-53d4e3ec7087,531,inderpal.prasad1@doordash.com,Inderpal Prasad,limited_access,,2020-12-26 00:00:00,True,Himachal Pradesh
7a6d3043-41cb-40e1-82e7-3f316ad9c784,531,pranjali.lama@doordash.com,Pranjali Lama,limited_access,,2020-12-24 00:00:00,True,Himachal Pradesh
c573b1a7-52ba-4974-974a-061fd2d19a4e,531,saurabh.bhandari@doordash.com,Saurabh Bhandari,limited_access,,2020-06-24 00:00:00,True,Himachal Pradesh
1936b791-0e74-47d2-a8ca-95475999b0a4,531,bimla.beniwal@doordash.com,Bimla Beniwal,member,,2020-05-06 00:00:00,True,Himachal Pradesh
71796438-92f7-4295-987d-b7862677e653,531,surender.nath@doordash.com,Surender Nath,admin,,2020-10-10 00:00:00,True,Himachal Pradesh
ceb1784f-010d-4899-ae51-e19a8b3ee095,531,nutan.rastogi@doordash.com,Nutan Rastogi,guest,,2020-06-26 00:00:00,True,Himachal Pradesh
f971fada-0435-4961-a958-7928260a01f6,531,virender.mori@doordash.com,Virender Mori,guest,,2020-04-30 00:00:00,True,Himachal Pradesh
7ea007c8-bf6f-4b83-b5ce-a6d40980bdaf,531,aishwarya.tripathi@doordash.com,Aishwarya Tripathi,guest,,2020-08-26 00:00:00,True,Himachal Pradesh
16869fd5-b21b-4302-9765-a226f7c95e79,531,jasbir.bansal@doordash.com,Jasbir Bansal,member,,2020-06-10 00:00:00,True,Himachal Pradesh
dccf0559-94b4-40d3-9926-5e72e022961b,531,shreya.koli@doordash.com,Shreya Koli,limited_access,,2020-01-11 00:00:00,True,Himachal Pradesh
fb0236e5-00af-455b-932d-0512924a26bb,531,tarun.dawa@doordash.com,Tarun Dawa,guest,,2020-11-18 00:00:00,True,Himachal Pradesh
09251e24-97ae-47e2-bb9c-265aa9fa3e78,531,geeta.jain@doordash.com,Geeta Jain,limited_access,,2020-07-06 00:00:00,True,Himachal Pradesh
4f46f713-9be4-42c5-ba34-c5d8871adf93,531,yashpal.shabnam@doordash.com,Yashpal Shabnam,admin,,2020-01-21 00:00:00,True,Himachal Pradesh
963f9714-daf4-4cbc-9e0a-99d2ec1a58df,531,aarti.ngawang@doordash.com,Aarti Ngawang,guest,,2020-11-07 00:00:00,True,Himachal Pradesh
6a9da9ac-69e2-4d79-a319-883cb9d34c93,531,gurpreet.chandel@doordash.com,Gurpreet Chandel,member,,2020-08-10 00:00:00,True,Himachal Pradesh
4017c52e-83a2-48d0-83ca-5e40d312945d,531,anuradha.shekhawat@doordash.com,Anuradha Shekhawat,admin,,2020-03-25 00:00:00,True,Himachal Pradesh
24664ed2-b8d9-498b-af4c-f39a0dc55e25,531,inderpal.panchal@doordash.com,Inderpal Panchal,member,,2020-05-14 00:00:00,True,Himachal Pradesh
0cf328b0-8761-44c1-bb3f-6d12830bfb8e,531,nutan.dawa@doordash.com,Nutan Dawa,member,,2020-09-26 00:00:00,True,Himachal Pradesh
0f56c25a-ef57-4876-8e58-a42dafa0fbc0,531,manish.sengar@doordash.com,Manish Sengar,admin,,2020-04-24 00:00:00,True,Himachal Pradesh
efccfa78-908e-427c-95ea-882444a071fe,531,tanvi.suryavanshi@doordash.com,Tanvi Suryavanshi,guest,,2020-03-23 00:00:00,True,Himachal Pradesh
86588873-ffe1-40ff-aa0a-51b17a649949,531,anish.dhanwade@doordash.com,Anish Dhanwade,member,,2020-03-20 00:00:00,True,Himachal Pradesh
8ba625bc-0ee2-4964-bc80-46094232be71,531,suhana.tshering@doordash.com,Suhana Tshering,admin,,2020-04-09 00:00:00,True,Himachal Pradesh
74482d8b-6293-4862-bd67-485118bb2d21,531,rajinder.sonam@doordash.com,Rajinder Sonam,member,,2020-12-27 00:00:00,True,Himachal Pradesh
a43b1323-2451-4a9c-ae82-466fa468fe97,531,kajal.awasthi@doordash.com,Kajal Awasthi,limited_access,,2020-11-17 00:00:00,True,Himachal Pradesh
73fbb495-f88f-45f6-8a2d-63a08880dfdc,531,umesh.sikarwar@doordash.com,Umesh Sikarwar,guest,,2020-08-19 00:00:00,True,Himachal Pradesh
bea87476-2f20-40d5-aec1-aafee3f42521,531,bindu.prajapati@doordash.com,Bindu Prajapati,guest,,2020-08-20 00:00:00,True,Himachal Pradesh
609885e7-ae15-4e63-a007-56fe74cdd91a,531,gur.gohil@doordash.com,Gur Gohil,admin,,2020-09-23 00:00:00,True,Himachal Pradesh
dc00d396-8409-446b-a8e6-cdd671459f8d,531,bhavika.trivedi@doordash.com,Bhavika Trivedi,member,,2020-03-27 00:00:00,True,Himachal Pradesh
755abb6e-869d-4759-8002-382983fd641c,531,himanshu.raghav@doordash.com,Himanshu Raghav,limited_access,,2020-06-14 00:00:00,True,Himachal Pradesh
fa5a9515-4b0e-474a-8a3d-ed3c803d3217,531,srishti.gorakh@doordash.com,Srishti Gorakh,guest,,2020-05-02 00:00:00,True,Himachal Pradesh
7cd4e095-2174-43dc-ac8b-edd6552ac0c3,531,bhawani.singhsolanki@doordash.com,Bhawani Singh Solanki,admin,,2020-01-08 00:00:00,True,Himachal Pradesh
0f5acbc5-e050-45e2-8d0c-02ad3c4f5cbd,531,rakhi.paliwal@doordash.com,Rakhi Paliwal,guest,,2020-04-03 00:00:00,True,Himachal Pradesh
c0d4e524-f0ef-4f59-afdb-2dad1b5e0e3f,531,puneet.vats@doordash.com,Puneet Vats,limited_access,,2020-11-16 00:00:00,True,Himachal Pradesh
710297e8-b9fa-4ce5-bd83-3b6a65554962,531,seema.choden@doordash.com,Seema Choden,admin,,2020-07-18 00:00:00,True,Himachal Pradesh
ab8050a6-bfd3-4e24-a8ab-f11310f42c7d,531,kamaldeep.kohli@doordash.com,Kamaldeep Kohli,member,,2020-04-10 00:00:00,True,Himachal Pradesh
545253b8-5f98-4e26-97b2-c1cfa4000336,531,sakshi.vyas@doordash.com,Sakshi Vyas,guest,,2020-11-26 00:00:00,True,Himachal Pradesh
c499ddc9-91b9-4b0e-b27a-388acc146e9b,531,rishi.chand@doordash.com,Rishi Chand,guest,,2020-04-06 00:00:00,True,Himachal Pradesh
a607c87c-df2f-4d4e-a70b-b03bd0a958c0,531,alka.vishwakarma@doordash.com,Alka Vishwakarma,admin,,2020-04-30 00:00:00,True,Himachal Pradesh
cb2aa525-c526-42d7-a336-21e4d5be63f1,531,tarun.dubey@doordash.com,Tarun Dubey,guest,,2020-03-10 00:00:00,True,Himachal Pradesh
be8ef9c6-64c8-4e8e-aa36-3ff1529bf7f6,531,asha.rastogi@doordash.com,Asha Rastogi,guest,,2020-05-17 00:00:00,True,Himachal Pradesh
9b2484f0-a45c-454c-9c55-4cc219f61a34,531,veer.mahawar@doordash.com,Veer Mahawar,limited_access,,2020-09-12 00:00:00,True,Himachal Pradesh
b2b4312e-294d-4101-aa8f-f68b3bc16e14,531,manisha.chohan@doordash.com,Manisha Chohan,limited_access,,2020-02-16 00:00:00,True,Himachal Pradesh
0c8f1ff3-d5dd-4ce0-b5e0-0faf87e9cf8c,531,amitabh.rinchen@doordash.com,Amitabh Rinchen,member,,2020-09-13 00:00:00,True,Himachal Pradesh
bfa5fa6f-e141-43e3-9ddd-6b094bbd9560,531,nidhi.bhardwaj@doordash.com,Nidhi Bhardwaj,guest,,2020-06-05 00:00:00,True,Himachal Pradesh
c673cd5a-f8b3-4139-831f-1a62dc617d29,531,indra.yangchen@doordash.com,Indra Yangchen,guest,,2020-09-02 00:00:00,True,Himachal Pradesh
99da1dd6-e369-4f93-8dae-4920bb0c88c9,531,pinky.gupta@doordash.com,Pinky Gupta,limited_access,,2020-10-21 00:00:00,True,Himachal Pradesh
9066b8de-5366-44c1-97dc-b65328922439,531,harjeet.rastogi@doordash.com,Harjeet Rastogi,limited_access,,2020-12-04 00:00:00,True,Himachal Pradesh
ac0b8e17-b863-4f24-aa5b-73e70c92254d,531,sonam.tenzin@doordash.com,Sonam Tenzin,admin,,2020-04-07 00:00:00,True,Himachal Pradesh
b821b3f1-ac25-443d-94fc-399a725e4adb,531,kunal.sahni@doordash.com,Kunal Sahni,limited_access,,2020-06-15 00:00:00,True,Himachal Pradesh
c80ac3e6-7e44-4190-a91c-4b411d751723,531,kritika.kadian@doordash.com,Kritika Kadian,limited_access,,2020-08-03 00:00:00,True,Himachal Pradesh
efa6741b-cb17-4949-8581-a8ecab0c095f,531,jaideep.pema@doordash.com,Jaideep Pema,member,,2020-11-25 00:00:00,True,Himachal Pradesh
49d849bf-4795-418a-8cbd-98d6e9de5cb0,531,rajni.kothari@doordash.com,Rajni Kothari,member,,2020-03-09 00:00:00,True,Himachal Pradesh
57cafcd6-eff9-4516-b754-a66b670dc699,531,rabindra.shabnam@doordash.com,Rabindra Shabnam,limited_access,,2020-09-10 00:00:00,True,Himachal Pradesh
d708d9df-a8c9-4d07-a434-e4dcfad14f59,531,bindu.gupta1@doordash.com,Bindu Gupta,limited_access,,2020-11-13 00:00:00,True,Himachal Pradesh
fa7b372e-f802-427e-9d57-a34712d053b7,531,kuldeep.yangchen@doordash.com,Kuldeep Yangchen,member,,2020-04-28 00:00:00,True,Himachal Pradesh
d73f0558-aa6d-49ef-a49c-5cbe685d9aaf,531,pinky.yadav@doordash.com,Pinky Yadav,guest,,2020-11-16 00:00:00,True,Himachal Pradesh
88aef645-293a-4ca4-9858-363f40d08bb8,531,bhawani.singhjadeja@doordash.com,Bhawani Singh Jadeja,limited_access,,2020-08-27 00:00:00,True,Himachal Pradesh
726e5346-5a62-48fc-942a-cf2a09aac014,531,tamanna.panchal@doordash.com,Tamanna Panchal,limited_access,,2020-06-30 00:00:00,True,Himachal Pradesh
da1fe9f6-f8b9-4caa-929a-ad29fa6f7e96,531,nitin.balmiki@doordash.com,Nitin Balmiki,guest,,2020-01-06 00:00:00,True,Himachal Pradesh
32c77922-e979-41c9-8e40-328c0d0549e3,531,komal.tshering@doordash.com,Komal Tshering,member,,2020-03-28 00:00:00,True,Himachal Pradesh
6601b8a7-02a2-4610-953d-42cab1e328d6,531,karna.bhavsar@doordash.com,Karna Bhavsar,admin,,2020-12-03 00:00:00,True,Himachal Pradesh
5e209596-5019-4a59-9b83-504e88337bd8,531,kritika.nath@doordash.com,Kritika Nath,limited_access,,2020-07-22 00:00:00,True,Himachal Pradesh
ad936932-59b6-423f-b594-07d339db7f9e,531,ratan.rinchen@doordash.com,Ratan Rinchen,limited_access,,2020-08-19 00:00:00,True,Himachal Pradesh
9062d99d-70d1-44a6-8226-d9b15e70bc4a,531,kumud.bisen@doordash.com,Kumud Bisen,admin,,2020-11-16 00:00:00,True,Himachal Pradesh
2e7888cc-e575-4a75-ab4e-e1330df3cffb,531,vishal.pandey@doordash.com,Vishal Pandey,guest,,2020-10-01 00:00:00,True,Himachal Pradesh
556e7ab0-84e7-4215-81f0-d51587713112,531,tanu.gaddi@doordash.com,Tanu Gaddi,guest,,2020-02-19 00:00:00,True,Himachal Pradesh
958da97d-60b3-4863-a92c-a04533a81115,531,jeevan.bhatt@doordash.com,Jeevan Bhatt,limited_access,,2020-09-05 00:00:00,True,Himachal Pradesh
287b88d7-531b-42ad-953f-b695d557649c,531,veena.purbia@doordash.com,Veena Purbia,guest,,2020-05-22 00:00:00,True,Himachal Pradesh
f379511e-80cc-4fc2-b72a-1c68853198b3,531,nikhil.chandela@doordash.com,Nikhil Chandela,member,,2020-01-18 00:00:00,True,Himachal Pradesh
b04afafa-7517-413f-92dc-a644a4f5e63b,531,anuradha.vyas@doordash.com,Anuradha Vyas,guest,,2020-07-05 00:00:00,True,Himachal Pradesh
857d59b1-28e6-40d2-bceb-eb7bee7fd8cc,531,madhav.rathore@doordash.com,Madhav Rathore,limited_access,,2020-03-10 00:00:00,True,Himachal Pradesh
9a646af1-08ba-483f-bce1-91d95c29e431,531,anupama.baghel@doordash.com,Anupama Baghel,guest,,2020-10-11 00:00:00,True,Himachal Pradesh
18ba0f83-4b93-4936-a2fb-92f28027c258,531,pranav.shastri@doordash.com,Pranav Shastri,member,,2020-10-09 00:00:00,True,Himachal Pradesh
a27bfecc-99fa-46c4-b853-a57d361fd141,531,priyanka.balmiki@doordash.com,Priyanka Balmiki,member,,2020-03-10 00:00:00,True,Himachal Pradesh
150f3179-4f34-4bbf-b990-50220ffff5c4,531,jasvir.gahoi@doordash.com,Jasvir Gahoi,member,,2020-10-08 00:00:00,True,Himachal Pradesh
5ed54417-e14f-40df-a617-6d36fc7bf6d3,531,suhana.kashyap@doordash.com,Suhana Kashyap,admin,,2020-04-08 00:00:00,True,Himachal Pradesh
53e435ac-4e3e-48b7-af17-8d94895a215a,531,harsh.chandel@doordash.com,Harsh Chandel,limited_access,,2020-03-04 00:00:00,True,Himachal Pradesh
d90eeae1-cda8-4485-bb4b-06053f1ae890,531,meena.kushwaha@doordash.com,Meena Kushwaha,member,,2020-09-29 00:00:00,True,Himachal Pradesh
2238381a-7a31-4abd-bb0b-eeb47a1946fb,531,joginder.pant@doordash.com,Joginder Pant,admin,,2020-12-25 00:00:00,True,Himachal Pradesh
a900d605-b020-4b0f-91b1-460fa008be2d,531,meera.sahni@doordash.com,Meera Sahni,limited_access,,2020-06-03 00:00:00,True,Himachal Pradesh
2cfaf2d8-ee0b-4cf4-b5cd-b1b4634e22fd,531,kuldeep.shekhawat@doordash.com,Kuldeep Shekhawat,limited_access,,2020-10-15 00:00:00,True,Himachal Pradesh
203837e4-e80a-4c2a-a125-21a9b9acd9f4,531,deepa.nyima@doordash.com,Deepa Nyima,member,,2020-01-22 00:00:00,True,Himachal Pradesh
a05d3acf-1ce3-460f-9481-489cb15f2279,531,gaurav.chaudhary@doordash.com,Gaurav Chaudhary,guest,,2020-06-24 00:00:00,True,Himachal Pradesh
2af54dc7-7406-47cc-bc97-867eeb07fcf1,531,saroj.bhatt@doordash.com,Saroj Bhatt,admin,,2020-08-14 00:00:00,True,Himachal Pradesh
fc747345-ca4f-4a6b-8916-8402072af0f2,531,sanjay.pema@doordash.com,Sanjay Pema,admin,,2020-04-16 00:00:00,True,Himachal Pradesh
74b4b367-56b4-4181-ba8d-29715329ad8b,531,sangeeta.kadian@doordash.com,Sangeeta Kadian,limited_access,,2020-03-01 00:00:00,True,Himachal Pradesh
8a215c99-4f22-4df2-b29b-773337779855,531,bhim.nath@doordash.com,Bhim Nath,guest,,2020-11-25 00:00:00,True,Himachal Pradesh
dfc692b6-699f-4089-9914-d7468d21ace8,531,niharika.kundra@doordash.com,Niharika Kundra,guest,,2020-10-08 00:00:00,True,Himachal Pradesh
d8b3b0f5-0d4a-4ebe-a1a3-64f4b6e288d7,531,om.tanwar@doordash.com,Om Tanwar,guest,,2020-10-16 00:00:00,True,Himachal Pradesh
6a24f92a-c2aa-48aa-8511-5f2ec5a15e72,531,veena.dorje@doordash.com,Veena Dorje,guest,,2020-08-29 00:00:00,True,Himachal Pradesh
90aace69-3f7b-4d3c-a52c-406e0edb594f,531,mukul.pandey@doordash.com,Mukul Pandey,admin,,2020-08-12 00:00:00,True,Himachal Pradesh
6cb8e2ea-01ce-4e24-abcd-555289177319,531,kavita.mali@doordash.com,Kavita Mali,limited_access,,2020-07-13 00:00:00,True,Himachal Pradesh
5b9cd836-afb4-4cc8-a3e5-e3b79d20c42d,531,prince.upadhyay@doordash.com,Prince Upadhyay,guest,,2020-10-01 00:00:00,True,Himachal Pradesh
b3cacf22-d69b-4466-81a4-a6573bf11b7d,531,uma.kaul@doordash.com,Uma Kaul,member,,2020-02-21 00:00:00,True,Himachal Pradesh
5f2eb40c-d747-48e3-b891-ad53afde82df,531,kishan.rangar@doordash.com,Kishan Rangar,admin,,2020-03-14 00:00:00,True,Himachal Pradesh
0e59b9e8-7d79-4878-ac3e-6f5585b62841,531,rukmini.kadian@doordash.com,Rukmini Kadian,limited_access,,2020-01-18 00:00:00,True,Himachal Pradesh
2d6f318a-fb4b-4797-ae37-0162b189e393,531,gulshan.kohli@doordash.com,Gulshan Kohli,limited_access,,2020-10-12 00:00:00,True,Himachal Pradesh
f2f2d04c-d701-4155-bd92-55bafc9856ed,531,pushpa.bajpai@doordash.com,Pushpa Bajpai,guest,,2020-10-12 00:00:00,True,Himachal Pradesh
49a19b12-ccc6-4c56-b71d-ef6834c3cb27,531,abhinav.rajput@doordash.com,Abhinav Rajput,member,,2020-02-02 00:00:00,True,Himachal Pradesh
e885b5fa-9f08-4674-8218-dbb793e916c7,531,anuradha.choden@doordash.com,Anuradha Choden,admin,,2020-05-24 00:00:00,True,Himachal Pradesh
80552d98-8e12-4bf1-93df-a8cafdf621f9,531,chetan.balmiki@doordash.com,Chetan Balmiki,member,,2020-06-04 00:00:00,True,Himachal Pradesh
a5bb1c9b-4e64-427b-a5d4-096c771e72af,531,suhana.chandela@doordash.com,Suhana Chandela,limited_access,,2020-03-28 00:00:00,True,Himachal Pradesh
6fe6e5ef-d6c2-4ce4-98d2-fce5126fd3b7,531,uday.baghel@doordash.com,Uday Baghel,admin,,2020-06-06 00:00:00,True,Himachal Pradesh
8eb7e91b-38d8-492b-81ec-b307d57d7e7d,531,nisha.chandran@doordash.com,Nisha Chandran,admin,,2020-01-12 00:00:00,True,Himachal Pradesh
c804997b-b1ff-4ef2-b8a6-72c1263f7154,531,kesar.balmiki@doordash.com,Kesar Balmiki,limited_access,,2020-06-25 00:00:00,True,Himachal Pradesh
cbc79d4c-4be0-4635-b1b4-bd7b784a6547,531,renu.mahawar@doordash.com,Renu Mahawar,member,,2020-08-11 00:00:00,True,Himachal Pradesh
3365916c-42e3-4890-a751-8c9d96b88f9a,531,surajpal.rajgarhia@doordash.com,Surajpal Rajgarhia,admin,,2020-05-03 00:00:00,True,Himachal Pradesh
5023f3ef-169d-4311-b67e-7b29afa8b45d,531,renu.gahlot@doordash.com,Renu Gahlot,guest,,2020-03-23 00:00:00,True,Himachal Pradesh
52643eb6-36fc-4d47-b5bf-23e640a2c6d2,531,jatin.choden@doordash.com,Jatin Choden,member,,2020-09-25 00:00:00,True,Himachal Pradesh
5d5da08a-bb28-4bbc-9dde-6d9f8c23055a,531,tanu.mishra@doordash.com,Tanu Mishra,admin,,2020-06-13 00:00:00,True,Himachal Pradesh
033ffc23-18a5-4deb-b9f7-807354b256d8,531,madhav.rangar@doordash.com,Madhav Rangar,guest,,2020-12-12 00:00:00,True,Himachal Pradesh
d98281d8-5e0a-4d09-9022-839364e93b9e,531,sonam.chaturvedi@doordash.com,Sonam Chaturvedi,limited_access,,2020-11-26 00:00:00,True,Himachal Pradesh
ba3c36e2-664e-4129-bd7a-f64a22b58d6e,531,sandeep.sahni@doordash.com,Sandeep Sahni,limited_access,,2020-10-20 00:00:00,True,Himachal Pradesh
fae60a7a-2025-4221-969f-aed845a8d146,531,radha.rathore@doordash.com,Radha Rathore,member,,2020-05-08 00:00:00,True,Himachal Pradesh
ccb33074-8e30-4a69-b48f-4beaf8647a38,531,rishi.beniwal@doordash.com,Rishi Beniwal,limited_access,,2020-01-28 00:00:00,True,Himachal Pradesh
eea635f5-b0d3-44bb-ba7d-4b14f86062d5,531,payal.choden@doordash.com,Payal Choden,guest,,2020-12-09 00:00:00,True,Himachal Pradesh
1ef3cb8e-54ce-4c71-9f35-bd06b6e4ba96,531,tanuj.bhandari@doordash.com,Tanuj Bhandari,member,,2020-06-02 00:00:00,True,Himachal Pradesh
68720846-79cc-4785-aa86-e21d42efab60,531,rekha.beniwal@doordash.com,Rekha Beniwal,member,,2020-12-23 00:00:00,True,Himachal Pradesh
406812c8-fb01-4176-bb53-5037971cc05b,531,sagar.kaul@doordash.com,Sagar Kaul,limited_access,,2020-11-07 00:00:00,True,Himachal Pradesh
2b8c12eb-a99b-47d5-a93f-54769e40a4e4,531,geeta.hada@doordash.com,Geeta Hada,guest,,2020-06-14 00:00:00,True,Himachal Pradesh
0b39f61b-1559-4e7d-b540-4a7b7533cb3a,531,sunny.kaul@doordash.com,Sunny Kaul,limited_access,,2020-09-24 00:00:00,True,Himachal Pradesh
2dc018ca-1175-4238-9338-e1897229d814,531,shakti.trivedi@doordash.com,Shakti Trivedi,limited_access,,2020-10-14 00:00:00,True,Himachal Pradesh
a87c86ac-b8fb-4f5c-b967-a030738e5f8b,531,surajpal.gahoi@doordash.com,Surajpal Gahoi,guest,,2020-07-20 00:00:00,True,Himachal Pradesh
86423445-7d54-4973-8c5a-d991c27e6ea7,531,bimla.nath@doordash.com,Bimla Nath,admin,,2020-09-05 00:00:00,True,Himachal Pradesh
62af8831-9867-4bbb-95b9-170017f238b7,531,kesar.singhsengar@doordash.com,Kesar Singh Sengar,guest,,2020-02-28 00:00:00,True,Himachal Pradesh
1d711a95-cd65-4d94-9035-9e303fbe7f59,531,usha.kumawat@doordash.com,Usha Kumawat,member,,2020-11-10 00:00:00,True,Himachal Pradesh
ccbf4600-12da-47cd-b890-d76400423955,531,ratan.gahoi@doordash.com,Ratan Gahoi,guest,,2020-05-02 00:00:00,True,Himachal Pradesh
7687eb0e-b8cb-4d10-9add-9782963bf796,531,asha.chandel@doordash.com,Asha Chandel,member,,2020-12-18 00:00:00,True,Himachal Pradesh
3747f159-0488-435d-a4ed-e71d92123ea1,531,gopal.vishwakarma@doordash.com,Gopal Vishwakarma,guest,,2020-09-11 00:00:00,True,Himachal Pradesh
d8fc8098-f8b5-4745-843b-6962f5b0ee3c,531,naina.jai@doordash.com,Naina Jai,member,,2020-04-07 00:00:00,True,Himachal Pradesh
85a2bea1-2982-432b-b5de-38719ee00f7f,531,amar.gohil@doordash.com,Amar Gohil,guest,,2020-03-19 00:00:00,True,Himachal Pradesh
011f24cc-b1e0-4e36-85d4-80bd3d05f6cb,531,rajkumari.dhanwade@doordash.com,Rajkumari Dhanwade,limited_access,,2020-12-17 00:00:00,True,Himachal Pradesh
6fc6206f-00da-4741-a0dc-db27dadae604,531,bhimsen.beniwal@doordash.com,Bhimsen Beniwal,admin,,2020-11-01 00:00:00,True,Himachal Pradesh
7917ff07-8121-4603-8fb8-d6e4cab6aa19,531,shalu.bhavsar@doordash.com,Shalu Bhavsar,member,,2020-02-10 00:00:00,True,Himachal Pradesh
c87029f2-ff8b-4e0f-84b2-30c19473f8b0,531,ratan.jadeja@doordash.com,Ratan Jadeja,admin,,2020-12-20 00:00:00,True,Himachal Pradesh
714a215e-36f6-42ef-bf86-bad43d13b6c5,531,sahiba.lohar@doordash.com,Sahiba Lohar,member,,2020-02-06 00:00:00,True,Himachal Pradesh
a920d5c4-48f2-4c2b-9e8c-33f700021a60,531,sanjeev.phuntsok@doordash.com,Sanjeev Phuntsok,limited_access,,2020-09-24 00:00:00,True,Himachal Pradesh
9647c4a3-b849-400e-babd-d436f61c6ebf,531,sangeeta.beniwal@doordash.com,Sangeeta Beniwal,admin,,2020-03-28 00:00:00,True,Himachal Pradesh
8e14f3fd-af03-48ba-a600-4cba2a0d9214,531,sagar.balmiki@doordash.com,Sagar Balmiki,limited_access,,2020-06-22 00:00:00,True,Himachal Pradesh
5822ac7a-48b6-4d0d-8329-c3450e710a8b,531,kiran.yangchen@doordash.com,Kiran Yangchen,member,,2020-10-15 00:00:00,True,Himachal Pradesh
98b3ea1e-978d-4867-a306-a5d2ddb43c91,531,amitabh.chokpa@doordash.com,Amitabh Chokpa,guest,,2020-06-28 00:00:00,True,Himachal Pradesh
bb5a9555-b08d-43e4-abff-8955f28ef383,531,deepa.tenzin@doordash.com,Deepa Tenzin,guest,,2020-10-15 00:00:00,True,Himachal Pradesh
06cbcd8e-94b3-45dc-9ba6-fe0a4de820f6,531,shiva.jain@doordash.com,Shiva Jain,limited_access,,2020-11-14 00:00:00,True,Himachal Pradesh
d6333f42-0862-4c79-b1ac-b8e820a0c198,531,dimple.phuntsok@doordash.com,Dimple Phuntsok,guest,,2020-12-20 00:00:00,True,Himachal Pradesh
8fcea832-f348-485b-8724-da791e32140f,531,hemant.chandela@doordash.com,Hemant Chandela,member,,2020-06-11 00:00:00,True,Himachal Pradesh
db48df91-e49f-4c9b-bdc2-03ca7f69a7d1,531,kajal.rajgarhia1@doordash.com,Kajal Rajgarhia,admin,,2020-09-17 00:00:00,True,Himachal Pradesh
e4d69495-9454-4cee-9e00-2937b573689f,531,lalit.lobsang@doordash.com,Lalit Lobsang,limited_access,,2020-04-17 00:00:00,True,Himachal Pradesh
88799486-6d13-4476-9a4e-18ab557cbe9e,531,shanti.rao@doordash.com,Shanti Rao,admin,,2020-07-13 00:00:00,True,Himachal Pradesh
a1dc12c9-b0d6-4802-b004-b908291fd563,531,brij.bajpai@doordash.com,Brij Bajpai,limited_access,,2020-01-08 00:00:00,True,Himachal Pradesh
c0082410-2a39-493b-b7e4-32fb8e2314d2,531,shivani.tshering@doordash.com,Shivani Tshering,member,,2020-04-11 00:00:00,True,Himachal Pradesh
cbee40a1-2892-4137-9d9c-9cb310130b4e,531,devesh.chauhan@doordash.com,Devesh Chauhan,member,,2020-12-22 00:00:00,True,Himachal Pradesh
20c3ec2e-4b49-443c-9bd9-11977aa0d1a6,531,nidhi.gautam@doordash.com,Nidhi Gautam,guest,,2020-08-31 00:00:00,True,Himachal Pradesh
85e6ac93-ed60-436d-92e6-34484cf1d931,531,virendra.pathak@doordash.com,Virendra Pathak,admin,,2020-07-20 00:00:00,True,Himachal Pradesh
238aa1c5-1c61-4e9c-9848-dc2bcdc025f5,531,tanuja.chaurasia@doordash.com,Tanuja Chaurasia,member,,2020-05-05 00:00:00,True,Himachal Pradesh
e2ccf572-387b-4bcb-958d-73914046cf47,531,akshay.thakur@doordash.com,Akshay Thakur,member,,2020-06-06 00:00:00,True,Himachal Pradesh
a6e10180-a2ac-4a48-bcfd-aa56bd7d77cd,531,maya.tshering@doordash.com,Maya Tshering,admin,,2020-05-02 00:00:00,True,Himachal Pradesh
a69d7519-3e4f-4109-a1e6-014815564d7c,531,rahul.bishnoi@doordash.com,Rahul Bishnoi,guest,,2020-05-31 00:00:00,True,Himachal Pradesh
5ea74072-54f4-415c-a28d-e3011d1a3ca7,531,meenakshi.nath@doordash.com,Meenakshi Nath,admin,,2020-04-07 00:00:00,True,Himachal Pradesh
32ad2452-0431-4017-a1c9-c465449522d4,531,pakanj.pratap@doordash.com,Pakanj Pratap,member,,2020-07-12 00:00:00,True,Himachal Pradesh
dac879f5-539e-4149-8f65-6f6327437d1f,531,geeta.chandran@doordash.com,Geeta Chandran,admin,,2020-03-13 00:00:00,True,Himachal Pradesh
7efe13ac-7eba-4b6a-bfa7-d73488558709,531,manpreet.raghav@doordash.com,Manpreet Raghav,member,,2020-10-04 00:00:00,True,Himachal Pradesh
dfdf5083-4d57-4a09-a822-2e663fba54fb,531,bhavika.agarwal@doordash.com,Bhavika Agarwal,member,,2020-12-12 00:00:00,True,Himachal Pradesh
9d77a903-6fae-4b2c-bf43-1995395f2c90,531,vinod.chand@doordash.com,Vinod Chand,guest,,2020-02-10 00:00:00,True,Himachal Pradesh
59091535-48e5-47db-97f5-52ae4353c127,531,sadhana.yangchen@doordash.com,Sadhana Yangchen,guest,,2020-02-14 00:00:00,True,Himachal Pradesh
3b09d353-d457-46d6-a478-d20b94bc5998,531,brij.mawpa@doordash.com,Brij Mawpa,limited_access,,2020-06-07 00:00:00,True,Himachal Pradesh
6ef02c91-cd1c-4cfd-a0d0-c3b17d9d959f,531,tenzin.chauhan@doordash.com,Tenzin Chauhan,limited_access,,2020-12-16 00:00:00,True,Himachal Pradesh
5070e952-e793-4281-be11-fa0a552cf296,531,sher.jangid@doordash.com,Sher Jangid,guest,,2020-03-26 00:00:00,True,Himachal Pradesh
8bd68175-9b73-40ac-baae-c58799b54018,531,kiran.rai@doordash.com,Kiran Rai,limited_access,,2020-02-05 00:00:00,True,Himachal Pradesh
1c2b935c-c599-49c0-8d4d-eb31cae91a89,531,chaman.bansal@doordash.com,Chaman Bansal,guest,,2020-11-02 00:00:00,True,Himachal Pradesh
47003428-5521-4df4-84f8-6ec89485fac0,531,indira.lama@doordash.com,Indira Lama,admin,,2020-02-13 00:00:00,True,Himachal Pradesh
59d9b5bf-9e9a-47f9-b3c1-de6aba308728,531,aryan.pathania@doordash.com,Aryan Pathania,member,,2020-03-24 00:00:00,True,Himachal Pradesh
b4fb8fc6-1004-4c0e-bfd6-1a432dbfdfc4,531,nikita.rao@doordash.com,Nikita Rao,limited_access,,2020-07-30 00:00:00,True,Himachal Pradesh
52b398f9-cbf4-4cfe-ad1a-16b95713b4f2,531,varun.chandela@doordash.com,Varun Chandela,guest,,2020-04-29 00:00:00,True,Himachal Pradesh
e6b864d5-87ce-4935-aa78-e4b795eacf5c,531,minakshi.balmiki@doordash.com,Minakshi Balmiki,member,,2020-11-11 00:00:00,True,Himachal Pradesh
6ccc2e7b-4525-43a6-955d-225ab6ed0fa6,531,prakash.dorje@doordash.com,Prakash Dorje,member,,2020-11-27 00:00:00,True,Himachal Pradesh
b3b2348b-6f34-44ec-a8fa-07493b3c70a3,531,kavita.suryavanshi@doordash.com,Kavita Suryavanshi,admin,,2020-08-10 00:00:00,True,Himachal Pradesh
ddbbebf4-0c50-4805-a293-103c859e4c19,531,rabindra.pant@doordash.com,Rabindra Pant,limited_access,,2020-11-23 00:00:00,True,Himachal Pradesh
455f99b9-1708-4e53-b45e-567bd4cc4f31,531,kanchan.upadhyay@doordash.com,Kanchan Upadhyay,guest,,2020-10-03 00:00:00,True,Himachal Pradesh
dfa35935-4e42-4d64-9bb2-1c5f17b7ce2b,531,harjeet.saxena@doordash.com,Harjeet Saxena,guest,,2020-05-14 00:00:00,True,Himachal Pradesh
f7cd5425-30f1-478c-b208-bb584bf6e517,531,saroj.nyima@doordash.com,Saroj Nyima,limited_access,,2020-10-10 00:00:00,True,Himachal Pradesh
8ef8e665-ffca-4bc2-b478-5124fb643f1b,531,neeraj.sonam@doordash.com,Neeraj Sonam,limited_access,,2020-03-21 00:00:00,True,Himachal Pradesh
2c9f4a76-7f17-4958-9146-e25804f8fdb2,531,kashish.prasad@doordash.com,Kashish Prasad,member,,2020-10-27 00:00:00,True,Himachal Pradesh
70aaf49a-9ca8-4f61-b0ce-ef661131f4dc,531,heera.jain@doordash.com,Heera Jain,limited_access,,2020-10-02 00:00:00,True,Himachal Pradesh
1dbf65a7-058b-4d70-b2a7-e540870edba6,531,geetika.hada@doordash.com,Geetika Hada,admin,,2020-08-25 00:00:00,True,Himachal Pradesh
7ecd53a3-4593-4e58-87eb-540808657789,531,karna.beniwal@doordash.com,Karna Beniwal,guest,,2020-08-08 00:00:00,True,Himachal Pradesh
7e2cdcc0-e867-418d-831f-9f416208005c,531,asha.rai@doordash.com,Asha Rai,member,,2020-05-14 00:00:00,True,Himachal Pradesh
18df1977-e5b7-4e8d-bd5c-b590c8611af2,531,devender.paliwal@doordash.com,Devender Paliwal,member,,2020-05-28 00:00:00,True,Himachal Pradesh
2ed9bde6-8a87-48bc-880d-73d45df11151,531,bhawna.chauhan@doordash.com,Bhawna Chauhan,admin,,2020-01-13 00:00:00,True,Himachal Pradesh
a3903b8f-b2df-4356-affe-3b2e3ec7ccb2,531,dharma.pathak@doordash.com,Dharma Pathak,member,,2020-09-04 00:00:00,True,Himachal Pradesh
9c899be7-4553-4d88-9682-5415842dd8c7,531,raksha.gupta@doordash.com,Raksha Gupta,admin,,2020-10-22 00:00:00,True,Himachal Pradesh
cb105875-20d5-48f3-b63e-77d5d355f593,531,ramesh.shabnam@doordash.com,Ramesh Shabnam,admin,,2020-11-14 00:00:00,True,Himachal Pradesh
7846bba0-4049-41a1-bcbe-d145877e91c6,531,shweta.chopra@doordash.com,Shweta Chopra,limited_access,,2020-08-09 00:00:00,True,Himachal Pradesh
1efa4acd-777d-4fe1-97bb-7785f76e093b,531,suraj.bisht@doordash.com,Suraj Bisht,member,,2020-04-30 00:00:00,True,Himachal Pradesh
b39a3d2e-aab5-4712-b00f-e2f3f42cb130,531,deepa.shastri@doordash.com,Deepa Shastri,guest,,2020-02-26 00:00:00,True,Himachal Pradesh
550dafec-a54d-4692-91ec-c6e4223b08da,531,manish.kohli@doordash.com,Manish Kohli,guest,,2020-03-12 00:00:00,True,Himachal Pradesh
43070c77-0b47-42a5-a210-219e5185afea,531,rajni.dhanwade@doordash.com,Rajni Dhanwade,limited_access,,2020-04-15 00:00:00,True,Himachal Pradesh
e1eaba3f-2591-4b25-8891-e066c51f807f,531,mandeep.yangchen@doordash.com,Mandeep Yangchen,admin,,2020-11-30 00:00:00,True,Himachal Pradesh
e96836ca-6491-480e-8a21-fa63a7b63d3f,531,vandita.bhotia@doordash.com,Vandita Bhotia,admin,,2020-01-19 00:00:00,True,Himachal Pradesh
2ccc43b8-dee2-4101-ba80-28a08630080d,531,sourav.pundir@doordash.com,Sourav Pundir,guest,,2020-10-20 00:00:00,True,Himachal Pradesh
ad83556c-013a-4310-90ce-0c150a02f735,531,bharti.bisen@doordash.com,Bharti Bisen,admin,,2020-02-12 00:00:00,True,Himachal Pradesh
54552e3b-961e-4792-b4c4-e0ded789e762,531,karan.mawpa@doordash.com,Karan Mawpa,admin,,2020-08-24 00:00:00,True,Himachal Pradesh
26361921-9a23-4d6b-9f92-ce0d1cbfde25,531,mamta.paliwal@doordash.com,Mamta Paliwal,member,,2020-06-15 00:00:00,True,Himachal Pradesh
42adb90f-4a22-4f63-8a44-d829f1026bff,531,som.raghav@doordash.com,Som Raghav,guest,,2020-12-05 00:00:00,True,Himachal Pradesh
35ce64a3-f3aa-4c27-832b-ca7bde3ee260,531,aishwarya.mori@doordash.com,Aishwarya Mori,member,,2020-11-03 00:00:00,True,Himachal Pradesh
